TITLE,DESCRIPTION,PRICE,CURRENCY_CODE,QUANTITY,TAGS,MATERIALS,IMAGE1,IMAGE2,IMAGE3,IMAGE4,IMAGE5,IMAGE6,IMAGE7,IMAGE8,IMAGE9,IMAGE10,VARIATION 1 TYPE,VARIATION 1 NAME,VARIATION 1 VALUES,VARIATION 2 TYPE,VARIATION 2 NAME,VARIATION 2 VALUES,SKU
"Personalized Thanksgiving Table Runner, Custom Fall Table Decor, Autumn Pumpkin Runner for Thanksgiving Dinner, Optional Matching Napkins","Give thanks together around a table that feels uniquely yours. 🍂🧡 Bring the warmth of Thanksgiving to your dining table with this personalized table runner, featuring a rich autumn design filled with colorful pumpkins, fall leaves, and seasonal details. The personalized message adds that extra little touch that turns an ordinary Thanksgiving table into a gathering space that feels special to your family. Whether you add your family name, a meaningful phrase, or another custom message, your runner can become part of your Thanksgiving traditions year after year. We will send a proof for your approval prior to sending order to production. Matching 18""x18"" napkins available in sets of four. 

Product features
- One-sided print with sharp, vibrant designs on polyester
- Hemmed edges for durability, two sizes: 16""x72"" and 16""x90""
- Quick-drying, shape-retaining polyester

Care instructions
- Machine wash: cold (max 30C or 90F), gentle cycle, mild detergent 
- Do not bleach
- Line dry

Made to order and quality-checked before it ships to you. Exact dimensions are listed above — if you're ever unsure about sizing or fit, message me before you order and I'll help you pick the right option. Some listing photos include AI-enhanced mockups to show the design clearly; your item is printed exactly as shown.",42.99,USD,3,"thanksgiving_runner,personalized_runner,fall_table_decor,pumpkin_table_decor,autumn_table_runner,thanksgiving_decor,family_table_decor,holiday_table_decor,fall_dinner_decor,thanksgiving_napkins,custom_table_decor,thanksgiving_dinner,personalized_gift",Polyester,https://i.etsystatic.com/62608566/r/il/42d43c/8442025293/il_fullxfull.8442025293_l6hm.jpg,https://i.etsystatic.com/62608566/r/il/43bfba/8441887921/il_fullxfull.8441887921_fjzv.jpg,https://i.etsystatic.com/62608566/r/il/74b184/8441914739/il_fullxfull.8441914739_ndzn.jpg,https://i.etsystatic.com/62608566/r/il/80c9a4/8441890009/il_fullxfull.8441890009_gaza.jpg,https://i.etsystatic.com/62608566/r/il/067633/8441900289/il_fullxfull.8441900289_pv07.jpg,https://i.etsystatic.com/62608566/r/il/72f658/8441901043/il_fullxfull.8441901043_ggum.jpg,,,,,Custom Property,Size/Optional Napkins,"72&quot; Runner Only,72&quot; Rnr + 4 Napkins,72&quot; Rnr + 8 Napkins,90&quot; Runner Only,90&quot; Rnr + 4 Napkins,90&quot; Rnr + 8 Napkins",,,,"PMK908,PMK90,PMK72,PMK904,PMK728,PMK724"
"Personalized Spooky Pumpkin Halloween Table Runner, Custom Fall Dining Decor","Set the table for a Halloween night that feels deliciously spooky. 🎃 This personalized Halloween table runner brings together glowing jack-o'-lanterns, dark vintage-inspired details, and a little haunted-house drama to create a table your guests will remember. Personalize the design with your family name, a greeting, or your own special message for a Halloween table that feels uniquely yours.  Personalization is printed on both ends for visibility from each end. Available in two sizes: 16""x72"" or 16""x90"". Optional matching napkins available in sets of 4. We will send a proof for your approval prior to sending order to production. 

Product features
- One-sided print with sharp, vibrant designs on polyester
- Hemmed edges for durability
- Quick-drying, shape-retaining polyester

Care instructions
- Machine wash: cold (max 30C or 90F), gentle cycle, mild detergent 
- Do not bleach
- Line dry

Made to order and quality-checked before it ships to you. Exact dimensions are listed above — if you're ever unsure about sizing or fit, message me before you order and I'll help you pick the right option. Some listing photos include AI-enhanced mockups to show the design clearly; your item is printed exactly as shown.",42.99,USD,3,"personalized_runner,Halloween_runner,spooky_table_decor,pumpkin_table_decor,fall_table_decor,haunted_table,Halloween_party,spooky_dining,custom_Halloween,Halloween_hostess,fall_home_decor,matching_napkins,jack-o-lanterns",Polyester,https://i.etsystatic.com/62608566/r/il/2fd5b4/8390822414/il_fullxfull.8390822414_63sv.jpg,https://i.etsystatic.com/62608566/r/il/b61bca/8438542381/il_fullxfull.8438542381_29ia.jpg,https://i.etsystatic.com/62608566/r/il/cab2cd/8438486449/il_fullxfull.8438486449_rhfv.jpg,https://i.etsystatic.com/62608566/r/il/6177bb/8438541303/il_fullxfull.8438541303_5sl6.jpg,https://i.etsystatic.com/62608566/r/il/cead36/8390801124/il_fullxfull.8390801124_6q8e.jpg,https://i.etsystatic.com/62608566/r/il/343dba/8390607408/il_fullxfull.8390607408_egvq.jpg,,,,,Custom Property,Size/Optional Napkins,"72&quot; Runner Only,72&quot; Rnr + 4 Napkins,72&quot; Rnr + 8 Napkins,90&quot; Runner Only,90&quot; Rnr + 4 Napkins,90&quot; Rnr + 8 Napkins",,,,"90HWRnr4N,90HWRunner,90HWRnr8N,72HWRnr8N,72HWRnr4N,72HWRunner"
Personalized Framed Royal Pet Portrait on Gallery Wrapped Canvas,"Honor your furry best friend with a Personalized Framed Royal Pet Portrait on Gallery Wrapped Canvas. Upload your favorite pet photo, and we'll transform your dog, cat, or cherished companion into a regal masterpiece worthy of palace walls. Each custom portrait is professionally printed on premium gallery-wrapped canvas, framed for an elegant finished look, and includes a proof for your approval before production. Perfect as a pet memorial, pet lover gift, or statement piece for your home, this unique artwork celebrates your pet's personality with timeless royal style and lasting quality.

Product features
- Greenguard Gold UL-certified inks for the highest image quality
- Sustainable radial pine frame from FSC-certified renewable forests
- Non-toxic, non-flammable latex inks for safe indoor display
- Cotton/polyester canvas composite with proprietary coating for vivid, lasting color
- Multiple sizes, frame colors with sawtooth hanging hardware included

Care instructions
- If the canvas does gather any dust, you may wipe it off gently with a clean, damp cloth.

Made to order and quality-checked before it ships to you. Exact dimensions are listed above — if you're ever unsure about sizing or fit, message me before you order and I'll help you pick the right option. Some listing photos include AI-enhanced mockups to show the design clearly; your item is printed exactly as shown.",49.99,USD,2,"royal_dog_portrait,royal_cat_portrait,regal_pet_art,renaissance_pet_gift,king_queen_pet_art,royalty_theme_decor,palace_pet_portrait,noble_pet_keepsake,crown_pet_art_gift,elegant_framed_pet,fathers_day_pet_gift,anniversary_pet_gift,majestic_pet_canvas",Canvas,https://i.etsystatic.com/62608566/r/il/c5b4c9/8106787242/il_fullxfull.8106787242_vdw2.jpg,https://i.etsystatic.com/62608566/r/il/872c83/8218355315/il_fullxfull.8218355315_snu7.jpg,https://i.etsystatic.com/62608566/r/il/579956/8086649908/il_fullxfull.8086649908_hvic.jpg,https://i.etsystatic.com/62608566/r/il/b4b4f2/8134528925/il_fullxfull.8134528925_6j62.jpg,https://i.etsystatic.com/62608566/r/il/be98a8/8086624088/il_fullxfull.8086624088_8zbv.jpg,https://i.etsystatic.com/62608566/r/il/4c0e0c/8086625162/il_fullxfull.8086625162_qt6r.jpg,https://i.etsystatic.com/62608566/r/il/beacc6/8086626448/il_fullxfull.8086626448_g3yb.jpg,https://i.etsystatic.com/62608566/r/il/7002be/8086627430/il_fullxfull.8086627430_a6ae.jpg,https://i.etsystatic.com/62608566/r/il/17afb1/8086627892/il_fullxfull.8086627892_g4to.jpg,https://i.etsystatic.com/62608566/r/il/2ab94b/8134535053/il_fullxfull.8134535053_cuwb.jpg,Custom Property,Art &amp; wall decor sizes,"8″ x 10″ (Vertical),16″ x 20″ (Vertical),24&quot; x 30&quot; (Vertical)",Custom Property,Canvas frames colors,"Black,Espresso,White,Natural","31427088945178490480,29566577072016883873,16640543556101925586,14377237005215019671,12257909723923591869,26983556704258408969,29552438975347757846,22596100835075256265,83153191236992230361,69309366169391430770,93164764776847261212,18744897104934420636"
"Capybara Tote, Embrace Chaos Art Parody Shopping Bag, Cotton Canvas Tote","Take a little chaos with you wherever you go. Inspired by the iconic The Scream, this playful parody swaps the famous figure for a capybara and pairs it with the phrase ""Embrace Chaos."" It's the perfect everyday tote for art lovers, bookworms, students, and anyone who appreciates clever humor. From grocery runs and farmers markets to bookstores and coffee shops, this sturdy canvas tote is designed to carry your essentials while showing off your unique style.

• Spacious 15 x 16 inch black canvas tote made from sturdy 12 oz cotton for long-lasting durability
• Reinforced handles designed for comfortable carrying during grocery shopping and daily errands
• Reusable and eco-friendly alternative to disposable bags, perfect for the market or everyday use

Care instructions
- Do not iron directly over the printed area - print may stick to the iron.
- Spot clean
- Do not bleach
- Line dry

Made to order and quality-checked before it ships to you. Exact dimensions are listed above — if you're ever unsure about sizing or fit, message me before you order and I'll help you pick the right option. Some listing photos include AI-enhanced mockups to show the design clearly; your item is printed exactly as shown.",19.99,USD,3,"capybara_tote,funny_art_tote,reusable_tote,canvas_shopper,cotton_tote,grocery_tote,bookstore_bag,library_tote,art_lover_gift,museum_tote,quirky_bag,eco_tote_bag,dark_humor",Canvas,https://i.etsystatic.com/62608566/r/il/34cc4f/8378383172/il_fullxfull.8378383172_135d.jpg,https://i.etsystatic.com/62608566/r/il/689374/8219306680/il_fullxfull.8219306680_r36r.jpg,https://i.etsystatic.com/62608566/r/il/d31093/8264052563/il_fullxfull.8264052563_jqhe.jpg,https://i.etsystatic.com/62608566/r/il/b53ee2/8216128036/il_fullxfull.8216128036_pfcu.jpg,https://i.etsystatic.com/62608566/r/il/73479d/8216128396/il_fullxfull.8216128396_n1re.jpg,https://i.etsystatic.com/62608566/r/il/8dd750/8264053867/il_fullxfull.8264053867_hsxw.jpg,https://i.etsystatic.com/62608566/r/il/1117ee/8264054333/il_fullxfull.8264054333_ewyt.jpg,https://i.etsystatic.com/62608566/r/il/bb22ff/8429928797/il_fullxfull.8429928797_kft1.jpg,,,,,,,,,44728218715463351416
"Raccoon Opossum Tote Bag, Funny Caffeine Denial Design, Holiday Canvas Gift Bag","Carry your holiday essentials with a little sarcasm. Some people breeze through the holidays. The rest of us are ""Surviving on Caffeine & Denial."" This reusable canvas tote features an adorable raccoon and opossum tangled in colorful Christmas lights with a hilarious holiday quote that perfectly captures the season. Whether you're heading to the grocery store, Christmas market, library, work, or your favorite coffee shop, this tote adds festive personality everywhere you go. It's the perfect gift for coffee lovers, animal lovers, coworkers, teachers, and anyone who appreciates sarcastic humor during the busiest time of the year.

• Spacious 15 x 16 inch black canvas tote made from sturdy 12 oz cotton for long-lasting durability
• Reinforced handles designed for comfortable carrying during grocery shopping and daily errands
• Reusable and eco-friendly alternative to disposable bags, perfect for the market or everyday use

Care instructions
- Do not iron directly over the printed area - print may stick to the iron.
- Spot clean
- Do not bleach
- Line dry

Made to order and quality-checked before it ships to you. Exact dimensions are listed above — if you're ever unsure about sizing or fit, message me before you order and I'll help you pick the right option. Some listing photos include AI-enhanced mockups to show the design clearly; your item is printed exactly as shown.",19.99,USD,3,"canvas_tote_bag,raccoon_gift,opossum_lover,holiday_market,coffee_lover,reusable_tote,denial_humor,festive_bag,coworker_gift,animal_lover,christmas_gift,possum_tote,trash_panda_art",Canvas,https://i.etsystatic.com/62608566/r/il/241f91/8390945882/il_fullxfull.8390945882_szts.jpg,https://i.etsystatic.com/62608566/r/il/19d725/8390949374/il_fullxfull.8390949374_e4h0.jpg,https://i.etsystatic.com/62608566/r/il/c91a0c/8438831037/il_fullxfull.8438831037_n6my.jpg,https://i.etsystatic.com/62608566/r/il/c62538/8438837871/il_fullxfull.8438837871_8z2g.jpg,https://i.etsystatic.com/62608566/r/il/0b3f87/8429930297/il_fullxfull.8429930297_okn4.jpg,,,,,,,,,,,,12184680406193763344
"Capybara Halloween Shirt, Funny Ghost Witch Pumpkin Tee, Spooky Season Comfort Colors Shirt","Choose your favorite capybara... or collect them all. Why settle for one adorable Halloween capybara when you can choose the one that matches your spooky season personality? This collection features four original capybara designs, each with its own playful Halloween theme. Whether you're feeling ghostly, magical, mischievous, or pumpkin-obsessed, there's a capybara ready to celebrate fall with you.

🎃 Choose Your Favorite Design

👻 Ghost Capybara
Too Chill to Be Spooky. Too Round to Be Scary.

🧛 Vampire Capybara
Too Chill to Bite.

🧙 Witch Capybara
In Search of Candy.

🎃 Jack-o'-Lantern Capybara
Lowkey Evil.

Product features
- 100% ring-spun US cotton — durable yet soft after garment-dyeing
- Heavyweight (6.1 oz) with relaxed fit for structure and comfort
- Garment-dyed for a soft, vintage-like color and texture
- Tubular knit (no side seams) and double-needle stitching for long-lasting construction
- Sizes S–3XL with pre-shrunk fabric and sewn-in label

Care instructions
- Machine wash: cold (max 30C or 90F)
- Do not bleach
- Tumble dry: low heat
- Iron, steam or dry: low heat
- Do not dryclean

Made to order and quality-checked before it ships to you. Exact dimensions are listed above — if you're ever unsure about sizing or fit, message me before you order and I'll help you pick the right option. Some listing photos include AI-enhanced mockups to show the design clearly; your item is printed exactly as shown.",23.99,USD,3,"capybara_shirt,halloween_shirt,ghost_capybara,vampire_shirt,witch_shirt,pumpkin_shirt,spooky_season,funny_halloween,animal_lover,fall_graphic_tee,capybara_gift,cute_spooky,autumn_outfit",Cotton,https://i.etsystatic.com/62608566/r/il/479392/8426248129/il_fullxfull.8426248129_ffr5.jpg,https://i.etsystatic.com/62608566/r/il/248376/8243383184/il_fullxfull.8243383184_oteo.jpg,https://i.etsystatic.com/62608566/r/il/fd8bc9/8378369002/il_fullxfull.8378369002_evcl.jpg,https://i.etsystatic.com/62608566/r/il/b48332/8291279535/il_fullxfull.8291279535_1fv3.jpg,https://i.etsystatic.com/62608566/r/il/ecd8c1/8243359618/il_fullxfull.8243359618_5tbj.jpg,https://i.etsystatic.com/62608566/r/il/fd7a33/8291316167/il_fullxfull.8291316167_tg66.jpg,https://i.etsystatic.com/62608566/r/il/18b6c0/8243307566/il_fullxfull.8243307566_c2dt.jpg,https://i.etsystatic.com/62608566/r/il/0cf359/8243308134/il_fullxfull.8243308134_82n6.jpg,https://i.etsystatic.com/62608566/r/il/f07b3f/8243308820/il_fullxfull.8243308820_qiqn.jpg,https://i.etsystatic.com/62608566/r/il/ca0d17/8291222713/il_fullxfull.8291222713_p2ts.jpg,Custom Property,Size,"Vampire / S,Vampire / M,Vampire / L,Vampire / XL,Vampire / 2XL,Vampire / 3XL,Vampire / 4XL,Witch / S,Witch / M,Witch / L,Witch / XL,Witch / 2XL,Witch / 3XL,Witch / 4XL,Ghost / S,Ghost / M,Ghost / L,Ghost / XL,Ghost / 2XL,Ghost / 3XL,Ghost / 4XL,Pumpkin / S,Pumpkin / M,Pumpkin / L,Pumpkin / XL,Pumpkin / 2XL,Pumpkin / 3XL,Pumpkin / 4XL",Custom Property,Color,"Black,Navy,Violet,Neon Pink","11400257319197384983,unavailable_sku,30894639449092814644,16639458974875547083,19106723167441915587,10166069877383907429,16792937316417502128,36700505431978003022,69630863494362255135,23412099129000725904,10288165077614742192,14718176567219241799,29061805897892280490,20450750116000588248,29171886409931234808,32804751034188639252,30474781114161596854,26069752509840174303,10603824752944786661,55389217495963911150,10910951650856716023,20534171214906646128,12251013170756930073,30337980322991278576,65408096679084813493,84988584582963208541,21946937783382381254,31815446400398952805,93821657316322952411,31069073562588858353,80002473508094672846,88572485163997362879,13080129591074908526,31558827490128143226,15931034516028074835,57058746466220615949,15096839727452724830,26160652880768273695,14124902209845759453,28138458979613008003,25302827068122897136,87091520513897432645,18935496567044382923,71895843369856320532,10628826596630256474,51627066769722734108,16670045237860013232,46432942667452834157,16126966717857946204,20639513543347414924,39192570929415930377,23618179799308209405,96002080870006493048,17614765422587024583,12784149103471539334,15998456040970459179,32280565466517828625,28224390191135501796,25641593840107579174,21670490913571904369,89757854515129376901,18312268698767851431,31834784801828518353,19788965387128031484,36885457766646249862,32418875089520827926,90223522871239842054,78929087802435472960,30517142253248076913,17025070158120791859,38641632299113191293,23513876953520406894,18962371514909868582,10399615692480687470,12997986205704232609,21371229721968416552,22820630027396226598,27782706210528204039,14099552604822638496,15627386051261741275,67082971421049869159,15643439654638290990,10187222666676103244,90883967833440883558,15719891233971395064,22417845737068890787,21245770015714091641,67431532604524764742,16445702201867611685,76730821653479486752,15080685937734708707,23514256011137137590"
"Capybara Halloween Shirt, Funny Ghost Witch Pumpkin Tee, Spooky Season Comfort Colors Shirt","Choose your favorite capybara... or collect them all. Why settle for one adorable Halloween capybara when you can choose the one that matches your spooky season personality? This collection features four original capybara designs, each with its own playful Halloween theme. Whether you're feeling ghostly, magical, mischievous, or pumpkin-obsessed, there's a capybara ready to celebrate fall with you.

🎃 Choose Your Favorite Design

👻 Ghost Capybara
Too Chill to Be Spooky. Too Round to Be Scary.

🧛 Vampire Capybara
Too Chill to Bite.

🧙 Witch Capybara
In Search of Candy.

🎃 Jack-o'-Lantern Capybara
Lowkey Evil.

Product features
- 100% ring-spun US cotton — durable yet soft after garment-dyeing
- Heavyweight (6.1 oz) with relaxed fit for structure and comfort
- Garment-dyed for a soft, vintage-like color and texture
- Tubular knit (no side seams) and double-needle stitching for long-lasting construction
- Sizes S–3XL with pre-shrunk fabric and sewn-in label

Care instructions
- Machine wash: cold (max 30C or 90F)
- Do not bleach
- Tumble dry: low heat
- Iron, steam or dry: low heat
- Do not dryclean

Made to order and quality-checked before it ships to you. Exact dimensions are listed above — if you're ever unsure about sizing or fit, message me before you order and I'll help you pick the right option. Some listing photos include AI-enhanced mockups to show the design clearly; your item is printed exactly as shown.",23.99,USD,3,"capybara_shirt,halloween_shirt,ghost_capybara,vampire_shirt,witch_shirt,pumpkin_shirt,spooky_season,funny_halloween,animal_lover,fall_graphic_tee,capybara_gift,cute_spooky,autumn_outfit",Cotton,https://i.etsystatic.com/62608566/r/il/ae8ef5/8426245907/il_fullxfull.8426245907_5tbj.jpg,https://i.etsystatic.com/62608566/r/il/248376/8243383184/il_fullxfull.8243383184_oteo.jpg,https://i.etsystatic.com/62608566/r/il/2d2b89/8378366040/il_fullxfull.8378366040_1fv3.jpg,https://i.etsystatic.com/62608566/r/il/9b141b/8291274451/il_fullxfull.8291274451_evcl.jpg,https://i.etsystatic.com/62608566/r/il/8a4f7b/8243360150/il_fullxfull.8243360150_ffr5.jpg,https://i.etsystatic.com/62608566/r/il/fd7a33/8291316167/il_fullxfull.8291316167_tg66.jpg,https://i.etsystatic.com/62608566/r/il/18b6c0/8243307566/il_fullxfull.8243307566_c2dt.jpg,https://i.etsystatic.com/62608566/r/il/0cf359/8243308134/il_fullxfull.8243308134_82n6.jpg,https://i.etsystatic.com/62608566/r/il/f07b3f/8243308820/il_fullxfull.8243308820_qiqn.jpg,https://i.etsystatic.com/62608566/r/il/ca0d17/8291222713/il_fullxfull.8291222713_p2ts.jpg,Custom Property,Size,"Vampire / S,Vampire / M,Vampire / L,Vampire / XL,Vampire / 2XL,Vampire / 3XL,Vampire / 4XL,Witch / S,Witch / M,Witch / L,Witch / XL,Witch / 2XL,Witch / 3XL,Witch / 4XL,Ghost / S,Ghost / M,Ghost / L,Ghost / XL,Ghost / 2XL,Ghost / 3XL,Ghost / 4XL,Pumpkin / S,Pumpkin / M,Pumpkin / L,Pumpkin / XL,Pumpkin / 2XL,Pumpkin / 3XL,Pumpkin / 4XL",Custom Property,Color,"Black,Navy,Violet,Neon Pink","11400257319197384983,unavailable_sku,30894639449092814644,16639458974875547083,19106723167441915587,10166069877383907429,16792937316417502128,36700505431978003022,69630863494362255135,23412099129000725904,10288165077614742192,14718176567219241799,29061805897892280490,20450750116000588248,29171886409931234808,32804751034188639252,30474781114161596854,26069752509840174303,10603824752944786661,55389217495963911150,10910951650856716023,20534171214906646128,12251013170756930073,30337980322991278576,65408096679084813493,84988584582963208541,21946937783382381254,31815446400398952805,93821657316322952411,31069073562588858353,80002473508094672846,88572485163997362879,13080129591074908526,31558827490128143226,15931034516028074835,57058746466220615949,15096839727452724830,26160652880768273695,14124902209845759453,28138458979613008003,25302827068122897136,87091520513897432645,18935496567044382923,71895843369856320532,10628826596630256474,51627066769722734108,16670045237860013232,46432942667452834157,16126966717857946204,20639513543347414924,39192570929415930377,23618179799308209405,96002080870006493048,17614765422587024583,12784149103471539334,15998456040970459179,32280565466517828625,28224390191135501796,25641593840107579174,21670490913571904369,89757854515129376901,18312268698767851431,31834784801828518353,19788965387128031484,36885457766646249862,32418875089520827926,90223522871239842054,78929087802435472960,30517142253248076913,17025070158120791859,38641632299113191293,23513876953520406894,18962371514909868582,10399615692480687470,12997986205704232609,21371229721968416552,22820630027396226598,27782706210528204039,14099552604822638496,15627386051261741275,67082971421049869159,15643439654638290990,10187222666676103244,90883967833440883558,15719891233971395064,22417845737068890787,21245770015714091641,67431532604524764742,16445702201867611685,76730821653479486752,15080685937734708707,23514256011137137590"
"Capybara Halloween Shirt, Funny Ghost Witch Pumpkin Tee, Spooky Season Comfort Colors Shirt","Choose your favorite capybara... or collect them all. Why settle for one adorable Halloween capybara when you can choose the one that matches your spooky season personality? This collection features four original capybara designs, each with its own playful Halloween theme. Whether you're feeling ghostly, magical, mischievous, or pumpkin-obsessed, there's a capybara ready to celebrate fall with you.

🎃 Choose Your Favorite Design

👻 Ghost Capybara
Too Chill to Be Spooky. Too Round to Be Scary.

🧛 Vampire Capybara
Too Chill to Bite.

🧙 Witch Capybara
In Search of Candy.

🎃 Jack-o'-Lantern Capybara
Lowkey Evil.

Product features
- 100% ring-spun US cotton — durable yet soft after garment-dyeing
- Heavyweight (6.1 oz) with relaxed fit for structure and comfort
- Garment-dyed for a soft, vintage-like color and texture
- Tubular knit (no side seams) and double-needle stitching for long-lasting construction
- Sizes S–3XL with pre-shrunk fabric and sewn-in label

Care instructions
- Machine wash: cold (max 30C or 90F)
- Do not bleach
- Tumble dry: low heat
- Iron, steam or dry: low heat
- Do not dryclean

Made to order and quality-checked before it ships to you. Exact dimensions are listed above — if you're ever unsure about sizing or fit, message me before you order and I'll help you pick the right option. Some listing photos include AI-enhanced mockups to show the design clearly; your item is printed exactly as shown.",23.99,USD,3,"capybara_shirt,halloween_shirt,ghost_capybara,vampire_shirt,witch_shirt,pumpkin_shirt,spooky_season,funny_halloween,animal_lover,fall_graphic_tee,capybara_gift,cute_spooky,autumn_outfit",Cotton,https://i.etsystatic.com/62608566/r/il/fd8bc9/8378369002/il_fullxfull.8378369002_evcl.jpg,https://i.etsystatic.com/62608566/r/il/248376/8243383184/il_fullxfull.8243383184_oteo.jpg,https://i.etsystatic.com/62608566/r/il/b48332/8291279535/il_fullxfull.8291279535_1fv3.jpg,https://i.etsystatic.com/62608566/r/il/ecd8c1/8243359618/il_fullxfull.8243359618_5tbj.jpg,https://i.etsystatic.com/62608566/r/il/8a4f7b/8243360150/il_fullxfull.8243360150_ffr5.jpg,https://i.etsystatic.com/62608566/r/il/fd7a33/8291316167/il_fullxfull.8291316167_tg66.jpg,https://i.etsystatic.com/62608566/r/il/18b6c0/8243307566/il_fullxfull.8243307566_c2dt.jpg,https://i.etsystatic.com/62608566/r/il/0cf359/8243308134/il_fullxfull.8243308134_82n6.jpg,https://i.etsystatic.com/62608566/r/il/f07b3f/8243308820/il_fullxfull.8243308820_qiqn.jpg,https://i.etsystatic.com/62608566/r/il/ca0d17/8291222713/il_fullxfull.8291222713_p2ts.jpg,Custom Property,Size,"Vampire / S,Vampire / M,Vampire / L,Vampire / XL,Vampire / 2XL,Vampire / 3XL,Vampire / 4XL,Witch / S,Witch / M,Witch / L,Witch / XL,Witch / 2XL,Witch / 3XL,Witch / 4XL,Ghost / S,Ghost / M,Ghost / L,Ghost / XL,Ghost / 2XL,Ghost / 3XL,Ghost / 4XL,Pumpkin / S,Pumpkin / M,Pumpkin / L,Pumpkin / XL,Pumpkin / 2XL,Pumpkin / 3XL,Pumpkin / 4XL",Custom Property,Color,"Black,Navy,Violet,Neon Pink","11400257319197384983,unavailable_sku,30894639449092814644,16639458974875547083,19106723167441915587,10166069877383907429,16792937316417502128,36700505431978003022,69630863494362255135,23412099129000725904,10288165077614742192,14718176567219241799,29061805897892280490,20450750116000588248,29171886409931234808,32804751034188639252,30474781114161596854,26069752509840174303,10603824752944786661,55389217495963911150,10910951650856716023,20534171214906646128,12251013170756930073,30337980322991278576,65408096679084813493,84988584582963208541,21946937783382381254,31815446400398952805,93821657316322952411,31069073562588858353,80002473508094672846,88572485163997362879,13080129591074908526,31558827490128143226,15931034516028074835,57058746466220615949,15096839727452724830,26160652880768273695,14124902209845759453,28138458979613008003,25302827068122897136,87091520513897432645,18935496567044382923,71895843369856320532,10628826596630256474,51627066769722734108,16670045237860013232,46432942667452834157,16126966717857946204,20639513543347414924,39192570929415930377,23618179799308209405,96002080870006493048,17614765422587024583,12784149103471539334,15998456040970459179,32280565466517828625,28224390191135501796,25641593840107579174,21670490913571904369,89757854515129376901,18312268698767851431,31834784801828518353,19788965387128031484,36885457766646249862,32418875089520827926,90223522871239842054,78929087802435472960,30517142253248076913,17025070158120791859,38641632299113191293,23513876953520406894,18962371514909868582,10399615692480687470,12997986205704232609,21371229721968416552,22820630027396226598,27782706210528204039,14099552604822638496,15627386051261741275,67082971421049869159,15643439654638290990,10187222666676103244,90883967833440883558,15719891233971395064,22417845737068890787,21245770015714091641,67431532604524764742,16445702201867611685,76730821653479486752,15080685937734708707,23514256011137137590"
"Capybara Halloween Shirt, Funny Ghost Witch Pumpkin Tee, Spooky Season Comfort Colors Shirt","Choose your favorite capybara... or collect them all. Why settle for one adorable Halloween capybara when you can choose the one that matches your spooky season personality? This collection features four original capybara designs, each with its own playful Halloween theme. Whether you're feeling ghostly, magical, mischievous, or pumpkin-obsessed, there's a capybara ready to celebrate fall with you.

🎃 Choose Your Favorite Design

👻 Ghost Capybara
Too Chill to Be Spooky. Too Round to Be Scary.

🧛 Vampire Capybara
Too Chill to Bite.

🧙 Witch Capybara
In Search of Candy.

🎃 Jack-o'-Lantern Capybara
Lowkey Evil.

Product features
- 100% ring-spun US cotton — durable yet soft after garment-dyeing
- Heavyweight (6.1 oz) with relaxed fit for structure and comfort
- Garment-dyed for a soft, vintage-like color and texture
- Tubular knit (no side seams) and double-needle stitching for long-lasting construction
- Sizes S–3XL with pre-shrunk fabric and sewn-in label

Care instructions
- Machine wash: cold (max 30C or 90F)
- Do not bleach
- Tumble dry: low heat
- Iron, steam or dry: low heat
- Do not dryclean

Made to order and quality-checked before it ships to you. Exact dimensions are listed above — if you're ever unsure about sizing or fit, message me before you order and I'll help you pick the right option. Some listing photos include AI-enhanced mockups to show the design clearly; your item is printed exactly as shown.",23.99,USD,3,"capybara_shirt,halloween_shirt,ghost_capybara,vampire_shirt,witch_shirt,pumpkin_shirt,spooky_season,funny_halloween,animal_lover,fall_graphic_tee,capybara_gift,cute_spooky,autumn_outfit",Cotton,https://i.etsystatic.com/62608566/r/il/2d2b89/8378366040/il_fullxfull.8378366040_1fv3.jpg,https://i.etsystatic.com/62608566/r/il/5fe0e4/8243390662/il_fullxfull.8243390662_omna.jpg,https://i.etsystatic.com/62608566/r/il/248376/8243383184/il_fullxfull.8243383184_oteo.jpg,https://i.etsystatic.com/62608566/r/il/9b141b/8291274451/il_fullxfull.8291274451_evcl.jpg,https://i.etsystatic.com/62608566/r/il/ecd8c1/8243359618/il_fullxfull.8243359618_5tbj.jpg,https://i.etsystatic.com/62608566/r/il/8a4f7b/8243360150/il_fullxfull.8243360150_ffr5.jpg,https://i.etsystatic.com/62608566/r/il/fd7a33/8291316167/il_fullxfull.8291316167_tg66.jpg,https://i.etsystatic.com/62608566/r/il/18b6c0/8243307566/il_fullxfull.8243307566_c2dt.jpg,https://i.etsystatic.com/62608566/r/il/0cf359/8243308134/il_fullxfull.8243308134_82n6.jpg,https://i.etsystatic.com/62608566/r/il/f07b3f/8243308820/il_fullxfull.8243308820_qiqn.jpg,Custom Property,Size,"Vampire / S,Vampire / M,Vampire / L,Vampire / XL,Vampire / 2XL,Vampire / 3XL,Vampire / 4XL,Witch / S,Witch / M,Witch / L,Witch / XL,Witch / 2XL,Witch / 3XL,Witch / 4XL,Ghost / S,Ghost / M,Ghost / L,Ghost / XL,Ghost / 2XL,Ghost / 3XL,Ghost / 4XL,Pumpkin / S,Pumpkin / M,Pumpkin / L,Pumpkin / XL,Pumpkin / 2XL,Pumpkin / 3XL,Pumpkin / 4XL",Custom Property,Color,"Black,Navy,Violet,Neon Pink","11400257319197384983,unavailable_sku,30894639449092814644,16639458974875547083,19106723167441915587,10166069877383907429,16792937316417502128,36700505431978003022,69630863494362255135,23412099129000725904,10288165077614742192,14718176567219241799,29061805897892280490,20450750116000588248,29171886409931234808,32804751034188639252,30474781114161596854,26069752509840174303,10603824752944786661,55389217495963911150,10910951650856716023,20534171214906646128,12251013170756930073,30337980322991278576,65408096679084813493,84988584582963208541,21946937783382381254,31815446400398952805,93821657316322952411,31069073562588858353,80002473508094672846,88572485163997362879,13080129591074908526,31558827490128143226,15931034516028074835,57058746466220615949,15096839727452724830,26160652880768273695,14124902209845759453,28138458979613008003,25302827068122897136,87091520513897432645,18935496567044382923,71895843369856320532,10628826596630256474,51627066769722734108,16670045237860013232,46432942667452834157,16126966717857946204,20639513543347414924,39192570929415930377,23618179799308209405,96002080870006493048,17614765422587024583,12784149103471539334,15998456040970459179,32280565466517828625,28224390191135501796,25641593840107579174,21670490913571904369,89757854515129376901,18312268698767851431,31834784801828518353,19788965387128031484,36885457766646249862,32418875089520827926,90223522871239842054,78929087802435472960,30517142253248076913,17025070158120791859,38641632299113191293,23513876953520406894,18962371514909868582,10399615692480687470,12997986205704232609,21371229721968416552,22820630027396226598,27782706210528204039,14099552604822638496,15627386051261741275,67082971421049869159,15643439654638290990,10187222666676103244,90883967833440883558,15719891233971395064,22417845737068890787,21245770015714091641,67431532604524764742,16445702201867611685,76730821653479486752,15080685937734708707,23514256011137137590"
"Personalized Pet Memorial Plaque, Custom Dog Cat Loss Keepsake, Acrylic Sympathy Sign","Honor the memory of a beloved dog or cat with this personalized acrylic pet memorial plaque that transforms your favorite photo into custom artwork, creating a lasting tribute you can proudly display in your home or office. Every piece is handmade to order, giving you a meaningful keepsake that celebrates the unconditional love you shared. Whether displayed beside an urn, on a living room shelf, or on your office desk, this custom memorial offers comfort and keeps treasured memories close every day.  A proof will be provided to you for your approval before your plaque is sent to production.

Product features
- Solid acrylic construction with a modern horizontal tabletop design
- Available with glossy or matte finish
- Sharp, full‑color UV printing for vivid, durable images
- Wipe clean with a soft cloth (avoid alcohol cleaners)

Care instructions
- Clean with soft cloth and water. Do not use cleaning solutions with alcohol or chemicals.

Made to order and quality-checked before it ships to you. Exact dimensions are listed above — if you're ever unsure about sizing or fit, message me before you order and I'll help you pick the right option. Some listing photos include AI-enhanced mockups to show the design clearly; your item is printed exactly as shown.",47.99,USD,6,"pet_memorial,acrylic_plaque,dog_sympathy,cat_remembrance,pet_loss_gift,rainbow_bridge,custom_portrait,memorial_decor,dog_memorial,cat_memorial,pet_keepsake,grief_support,Personalized_GIft",Acrylic,https://i.etsystatic.com/62608566/r/il/40f0ce/8270975407/il_fullxfull.8270975407_m3xt.jpg,https://i.etsystatic.com/62608566/r/il/3811cd/8223068356/il_fullxfull.8223068356_cs8x.jpg,https://i.etsystatic.com/62608566/r/il/3c8604/8223057782/il_fullxfull.8223057782_9l0s.jpg,https://i.etsystatic.com/62608566/r/il/0ab904/8223056140/il_fullxfull.8223056140_61h0.jpg,https://i.etsystatic.com/62608566/r/il/27c10f/8223043478/il_fullxfull.8223043478_8ojl.jpg,https://i.etsystatic.com/62608566/r/il/1b2d34/8429937785/il_fullxfull.8429937785_pp8c.jpg,,,,,Custom Property,Finish,"Glossy,Frosted",,,,"26674099073067869205,13811744703239434614"
"Chicken Garden Flag, Too Cool for the Coop Double Sided Flag, Funny Backyard Chicken Decor, Farmhouse Yard Flag, Chicken Lover Gift","Give your yard a little extra attitude with this ""Too Cool for the Coop"" Garden Flag! Featuring a flock of stylish chickens rocking sunglasses, hats, and serious personality, this funny garden flag is the perfect way to welcome visitors while celebrating your love of backyard chickens. Whether it's displayed by your chicken coop, front porch, flower garden, or walkway, it's guaranteed to make fellow chicken lovers smile. Hanging rod/hook/hardware not included. 

Product features
- 100% poly poplin-canvas fabric — lightweight yet durable
- Vibrant, crisp color reproduction using advanced printing
- Top sleeve fits standard garden flag poles or stands
- Printed on both sides with design flipped on long edge
- Available in two sizes: 12""×18"" and 24.5""×32"" (pole/hooks not included)

Care instructions
- Clean by wiping with a soft, damp cloth.

Made to order and quality-checked before it ships to you. Exact dimensions are listed above — if you're ever unsure about sizing or fit, message me before you order and I'll help you pick the right option. Some listing photos include AI-enhanced mockups to show the design clearly; your item is printed exactly as shown.",22.99,USD,6,"chicken_flag,garden_flag,coop_decor,funny_chicken,rooster_flag,backyard_flock,farmhouse_decor,chicken_lover,double_sided,homestead_gift,chicken_mom,outdoor_banner,yard_porch_flag","Cotton,Polyester",https://i.etsystatic.com/62608566/r/il/22ea0d/8323099818/il_fullxfull.8323099818_3ojf.jpg,https://i.etsystatic.com/62608566/r/il/173b95/8323109794/il_fullxfull.8323109794_97w9.jpg,https://i.etsystatic.com/62608566/r/il/b17af1/8370993415/il_fullxfull.8370993415_7ltz.jpg,https://i.etsystatic.com/62608566/r/il/ea66d1/8370993027/il_fullxfull.8370993027_1cd3.jpg,https://i.etsystatic.com/62608566/r/il/7dca9d/8429939355/il_fullxfull.8429939355_9dy0.jpg,,,,,,Custom Property,Sizes,"12&#39;&#39; × 18&#39;&#39;,24.5&#39;&#39; × 32&#39;&#39;",,,,"27238833076756521023,33374807829437295593"
"Funny Possum Christmas Garden Flag, Santa's Helper Yard Decor, Double Sided Holiday Outdoor Flag","Give your neighbors something to smile about this holiday season! This hilarious ""Don't Mess With Santa's Helper"" garden flag features an adorable yet feisty possum wearing a Santa hat, making it the perfect addition to your Christmas porch, front yard, garden, or walkway. Whether you're decorating for the holidays or looking for a unique gift for a possum lover, this flag is guaranteed to spark conversations and plenty of laughs. Printed on both sides, the vibrant artwork is easy to see from every direction, adding festive personality wherever it's displayed. Hanging hook/rod/hardware not included.

Product features
- 100% poly poplin-canvas fabric — lightweight yet durable
- Vibrant, crisp color reproduction using advanced printing
- Top sleeve fits standard garden flag poles or stands
- Printed on both sides with design flipped on long edge
- Available in two sizes: 12""×18"" and 24.5""×32"" (pole/hooks not included)

Care instructions
- Clean by wiping with a soft, damp cloth.

Made to order and quality-checked before it ships to you. Exact dimensions are listed above — if you're ever unsure about sizing or fit, message me before you order and I'll help you pick the right option. Some listing photos include AI-enhanced mockups to show the design clearly; your item is printed exactly as shown.",22.99,USD,6,"funny_possum,Christmas_flag,garden_flag,holiday_decor,yard_decoration,Santa_helper,possum_lover,outdoor_decor,porch_flag,rustic_Christmas,festive_yard,woodland_decor,outdoor_flag","Cotton,Polyester",https://i.etsystatic.com/62608566/r/il/b60994/8323140450/il_fullxfull.8323140450_n9f6.jpg,https://i.etsystatic.com/62608566/r/il/5967b3/8371041819/il_fullxfull.8371041819_ishc.jpg,https://i.etsystatic.com/62608566/r/il/8cef28/8323141710/il_fullxfull.8323141710_dk1g.jpg,https://i.etsystatic.com/62608566/r/il/b8d214/8323141090/il_fullxfull.8323141090_9s9w.jpg,https://i.etsystatic.com/62608566/r/il/e0d16f/8382068918/il_fullxfull.8382068918_ntpe.jpg,,,,,,Custom Property,Sizes,"12&#39;&#39; × 18&#39;&#39;,24.5&#39;&#39; × 32&#39;&#39;",,,,"51820902291591557184,19336584647918004198"
"Custom Pet Memorial Garden Flag, Watercolor Dog Remembrance Sympathy Gift","Keep the memory of your beloved companion close with a personalized garden flag created to celebrate a life filled with unconditional love. This custom pet memorial flag features your pet's name beneath a beautiful portrait and the heartfelt message ""Always in Our Hearts."" Display it in your garden, near a favorite tree, flower bed, or memorial space as a loving tribute that brings comfort every day. Whether you're remembering your own faithful friend or searching for a meaningful sympathy gift, this personalized garden flag creates a lasting reminder that love never fades. Hanging hardware/hooks/rods not included. We will send you a proof for your approval before sending your order to production.

Product features
- 100% poly poplin-canvas fabric — lightweight yet durable
- Vibrant, crisp color reproduction using advanced printing
- Top sleeve fits standard garden flag poles or stands
- Printed on both sides with design flipped on long edge
- Available in two sizes: 12""×18"" and 24.5""×32"" (pole/hooks not included)

Care instructions
- Clean by wiping with a soft, damp cloth.

Made to order and quality-checked before it ships to you. Exact dimensions are listed above — if you're ever unsure about sizing or fit, message me before you order and I'll help you pick the right option. Some listing photos include AI-enhanced mockups to show the design clearly; your item is printed exactly as shown.",22.99,USD,6,"pet_memorial,dog_memorial,memorial_flag,garden_flag,pet_loss_gift,sympathy_gift,rainbow_bridge,custom_pet,dog_lover_gift,remembrance,memorial_decor,outdoor_banner,personalized_flag","Cotton,Polyester",https://i.etsystatic.com/62608566/r/il/738b41/8322859034/il_fullxfull.8322859034_ozvq.jpg,https://i.etsystatic.com/62608566/r/il/10332f/8322864524/il_fullxfull.8322864524_ttsz.jpg,https://i.etsystatic.com/62608566/r/il/340d4c/8322866490/il_fullxfull.8322866490_7vme.jpg,https://i.etsystatic.com/62608566/r/il/6d0c57/8322859476/il_fullxfull.8322859476_8j6f.jpg,https://i.etsystatic.com/62608566/r/il/18bfbd/8370754427/il_fullxfull.8370754427_byvl.jpg,https://i.etsystatic.com/62608566/r/il/4325ba/8429942601/il_fullxfull.8429942601_hgw0.jpg,,,,,Custom Property,Sizes,"12&#39;&#39; × 18&#39;&#39;,24.5&#39;&#39; × 32&#39;&#39;",,,,"98599625556357892846,30527912540159183130"
"Personalized Pet Christmas Garden Flag, Custom Pet Name Holiday Yard Decor","Celebrate the season with your best friend by your side! This personalized Christmas garden flag features your pet's name beneath a festive portrait wearing a Santa hat and the cheerful greeting ""Happy Holidays from [Name]."" It's the perfect way to welcome guests while showing off the furry family member who makes your holidays extra special. Printed on both sides, the vibrant design looks beautiful from every angle and adds festive charm to your front porch, garden, walkway, or flower bed. Hanging pole/rod/hooks/hardware not included. We will send you a proof for your approval before sending your order to production.

Product features
- 100% poly poplin-canvas fabric — lightweight yet durable
- Vibrant, crisp color reproduction using advanced printing
- Top sleeve fits standard garden flag poles or stands
- Printed on both sides with design flipped on long edge
- Available in two sizes: 12""×18"" and 24.5""×32"" (pole/hooks not included)

Care instructions
- Clean by wiping with a soft, damp cloth.

Made to order and quality-checked before it ships to you. Exact dimensions are listed above — if you're ever unsure about sizing or fit, message me before you order and I'll help you pick the right option. Some listing photos include AI-enhanced mockups to show the design clearly; your item is printed exactly as shown.",22.99,USD,6,"dog_Christmas,garden_flag,pet_portrait,custom_dog,holiday_decor,pet_lover_gift,outdoor_flag,holiday_flag,Golden_Retriever,custom_pet_gift,personalized_gift,Cat_mom_gift,outdoor_banner",Canvas,https://i.etsystatic.com/62608566/r/il/6b5fd3/8323401958/il_fullxfull.8323401958_3c3i.jpg,https://i.etsystatic.com/62608566/r/il/0b9a30/8371306891/il_fullxfull.8371306891_q2mo.jpg,https://i.etsystatic.com/62608566/r/il/f36fb3/8323416188/il_fullxfull.8323416188_8xm5.jpg,https://i.etsystatic.com/62608566/r/il/b1823a/8371295769/il_fullxfull.8371295769_ps0s.jpg,https://i.etsystatic.com/62608566/r/il/61eaa2/8323403452/il_fullxfull.8323403452_p855.jpg,https://i.etsystatic.com/62608566/r/il/b5eb50/8429943945/il_fullxfull.8429943945_nqgv.jpg,,,,,Custom Property,Sizes,"12&#39;&#39; × 18&#39;&#39;,24.5&#39;&#39; × 32&#39;&#39;",,,,"34562450299277953781,17072514676398574051"
"Personalized Cat Christmas Garden Flag, Holiday Pet Name Yard Decor","Welcome family and friends with a festive greeting from your favorite feline! This personalized Christmas garden flag features your cat's name beneath an adorable portrait wearing a festive holiday hat and the cheerful message ""Happy Holidays from [Name]."" It's the perfect way to celebrate the season while showing off the furry family member who makes your home complete. Printed on both sides, this vibrant holiday flag looks beautiful from every direction, making it a standout decoration for your porch, garden, flower bed, or walkway. Hanging pole/rod/hooks/hardware not included. We will send you a proof for your approval before sending your order to production.

Product features
- 100% poly poplin-canvas fabric — lightweight yet durable
- Vibrant, crisp color reproduction using advanced printing
- Top sleeve fits standard garden flag poles or stands
- Printed on both sides with design flipped on long edge
- Available in two sizes: 12""×18"" and 24.5""×32"" (pole/hooks not included)

Care instructions
- Clean by wiping with a soft, damp cloth.

Made to order and quality-checked before it ships to you. Exact dimensions are listed above — if you're ever unsure about sizing or fit, message me before you order and I'll help you pick the right option. Some listing photos include AI-enhanced mockups to show the design clearly; your item is printed exactly as shown.",22.99,USD,6,"cat_Christmas,garden_flag,custom_cat,holiday_decor,pet_portrait,Christmas_yard,cat_lover_gift,festive_porch,holiday_flag,cat_mom_gift,custom_Christmas,outdoor_banner,personalized_flag","Cotton,Polyester",https://i.etsystatic.com/62608566/r/il/303191/8371341419/il_fullxfull.8371341419_s5qi.jpg,https://i.etsystatic.com/62608566/r/il/f9f997/8371354317/il_fullxfull.8371354317_bpk1.jpg,https://i.etsystatic.com/62608566/r/il/e48d86/8323447864/il_fullxfull.8323447864_ipf2.jpg,https://i.etsystatic.com/62608566/r/il/57813b/8323449074/il_fullxfull.8323449074_6wmp.jpg,https://i.etsystatic.com/62608566/r/il/b33012/8323449844/il_fullxfull.8323449844_k912.jpg,https://i.etsystatic.com/62608566/r/il/d7b6aa/8429945449/il_fullxfull.8429945449_4lxz.jpg,,,,,Custom Property,Sizes,"12&#39;&#39; × 18&#39;&#39;,24.5&#39;&#39; × 32&#39;&#39;",,,,"25969936423988783690,12750424367484074901"
"Thanksgiving Raccoon Possum Pie Flag, Funny Autumn Fall Double Sided Yard Decor","Everyone knows who really shows up for Thanksgiving... the pie lovers! This adorable ""Here for the Pie"" garden flag features a cheerful raccoon and smiling possum sharing a delicious pumpkin pie against a backdrop of colorful autumn leaves. It's the perfect way to add a little humor and seasonal charm to your porch, garden, flower bed, or front walkway. Printed on both sides, the vibrant artwork is visible from every direction, making it a standout decoration throughout the fall season. Hanging pole/rod/hooks/hardware not included.

Product features
- 100% poly poplin-canvas fabric — lightweight yet durable
- Vibrant, crisp color reproduction using advanced printing
- Top sleeve fits standard garden flag poles or stands
- Printed on both sides with design flipped on long edge
- Available in two sizes: 12""×18"" and 24.5""×32"" (pole/hooks not included)

Care instructions
- Clean by wiping with a soft, damp cloth.

Made to order and quality-checked before it ships to you. Exact dimensions are listed above — if you're ever unsure about sizing or fit, message me before you order and I'll help you pick the right option. Some listing photos include AI-enhanced mockups to show the design clearly; your item is printed exactly as shown.",22.99,USD,6,"Thanksgiving_flag,fall_garden,raccoon_flag,possum_decor,autumn_decor,funny_flag,porch_decor,woodland_gift,holiday_decor,farmhouse_fall,outdoor_banner,personalized_flag,custom_flag","Cotton,Polyester",https://i.etsystatic.com/62608566/r/il/c4c535/8323515602/il_fullxfull.8323515602_13b4.jpg,https://i.etsystatic.com/62608566/r/il/f1eba5/8323521690/il_fullxfull.8323521690_ano8.jpg,https://i.etsystatic.com/62608566/r/il/f41f40/8371408353/il_fullxfull.8371408353_54bl.jpg,https://i.etsystatic.com/62608566/r/il/4663ae/8323516880/il_fullxfull.8323516880_9ww0.jpg,https://i.etsystatic.com/62608566/r/il/72c1cc/8382074316/il_fullxfull.8382074316_n74j.jpg,,,,,,Custom Property,Sizes,"12&#39;&#39; × 18&#39;&#39;,24.5&#39;&#39; × 32&#39;&#39;",,,,"11125953755233283383,14712259407450354929"
"Personalized Autumn Garden Flag, Woodland Animals, Custom Family Name Fall Decor","Celebrate the beauty of autumn with a personalized garden flag that brings warmth and charm to your home. Featuring an adorable group of woodland friends gathered around a pumpkin, this custom garden flag is personalized with your family name and ""Happy Autumn From"" greeting, creating a welcoming display for guests all season long. Whether decorating your front porch, garden, flower bed, or walkway, this flag adds the perfect touch of cozy fall style. Printed on both sides, the vibrant artwork is visible from every angle, making it a beautiful outdoor accent throughout the autumn season. Hanging pole/rod/hooks/hardware not included.

Product features
- 100% poly poplin-canvas fabric — lightweight yet durable
- Vibrant, crisp color reproduction using advanced printing
- Top sleeve fits standard garden flag poles or stands
- Printed on both sides with design flipped on long edge
- Available in two sizes: 12""×18"" and 24.5""×32"" (pole/hooks not included)

Care instructions
- Clean by wiping with a soft, damp cloth.

Made to order and quality-checked before it ships to you. Exact dimensions are listed above — if you're ever unsure about sizing or fit, message me before you order and I'll help you pick the right option. Some listing photos include AI-enhanced mockups to show the design clearly; your item is printed exactly as shown.",22.99,USD,6,"personalized_flag,autumn_flag,family_name,porch_decor,woodland_decor,seasonal_decor,farmhouse_fall,Thanksgiving_decor,custom_gift,fall_porch,hedgehog_capybara,raccoon_possum,outdoor_banner","Polyester,Poplin",https://i.etsystatic.com/62608566/r/il/0ab66b/8374708663/il_fullxfull.8374708663_c8bj.jpg,https://i.etsystatic.com/62608566/r/il/a46664/8326819550/il_fullxfull.8326819550_ro28.jpg,https://i.etsystatic.com/62608566/r/il/240817/8374709237/il_fullxfull.8374709237_60rz.jpg,https://i.etsystatic.com/62608566/r/il/c16d07/8374710061/il_fullxfull.8374710061_c8ah.jpg,https://i.etsystatic.com/62608566/r/il/a05d73/8429948047/il_fullxfull.8429948047_454a.jpg,,,,,,Custom Property,Sizes,"12&#39;&#39; × 18&#39;&#39;,24.5&#39;&#39; × 32&#39;&#39;",,,,"31912056982611652807,10086456556165437013"
"Hanukkah Ornament 2026, Ceramic Woodland Animal Menorah Decor, Festival Lights Keepsake","Cool, cozy blue, these ceramic holiday ornaments bring a little story to your menorah-lit nights. Each two-sided piece features a cheerful winter scene with woodland friends gathered around a menorah and the year 2026 in crisp white script. The glossy ceramic surface gives the colors depth and a festive sheen, while the included gold hanging string adds a warm, classic touch on your tree or mantel. Choose a single star-shaped keepsake or pick a 3-, 5-, or 10-piece bundle (with appropriate discounts) to scatter across branches, gift to relatives, or tuck into holiday packages. These ornaments feel like a warm night of candles and laughter—small reminders of tradition that settle naturally into family holiday displays.

Product features
- 100% durable ceramic with glossy full-color finish
- Same vivid design printed on both sides
- Includes gold hanging string for easy display
- Available in single pieces or bundles of 3, 5, or 10

Care instructions
- Wipe the dust off gently with a soft, dry cloth.

Made to order and quality-checked before it ships to you. Exact dimensions are listed above — if you're ever unsure about sizing or fit, message me before you order and I'll help you pick the right option. Some listing photos include AI-enhanced mockups to show the design clearly; your item is printed exactly as shown.",16.99,USD,11,"Hanukkah_ornament,ceramic_ornament,holiday_decor,Jewish_gift,Hanukkah_decor,Festival_Lights,tree_ornament,keepsake_gift,winter_ornament,2026_ornament,woodland_animals,holiday_gift,double_sided",Ceramic,https://i.etsystatic.com/62608566/r/il/94c67a/8327531950/il_fullxfull.8327531950_b2o1.jpg,https://i.etsystatic.com/62608566/r/il/f8dc81/8327532192/il_fullxfull.8327532192_p9po.jpg,https://i.etsystatic.com/62608566/r/il/080a17/8375421391/il_fullxfull.8375421391_hfa3.jpg,https://i.etsystatic.com/62608566/r/il/4aaf96/8327509794/il_fullxfull.8327509794_l6h6.jpg,https://i.etsystatic.com/62608566/r/il/524850/8382077018/il_fullxfull.8382077018_3akx.jpg,,,,,,Custom Property,Quantity,"1 pc,3 pcs,5 pcs,10 pcs",,,,"47663316682177534068,24666151708130655347,13846807837356636519,10448240795186895362"
"Personalized Hanukkah Garden Flag, Woodland Animals Menorah Porch Decor","Celebrate the Festival of Lights with a personalized garden flag that brings warmth, joy, and tradition to your home. This custom Hanukkah garden flag features an adorable group of woodland animals gathered around a glowing menorah, dressed in cozy winter hats and scarves beneath the greeting ""Happy Hanukkah From."" Personalized with your family name, it's a beautiful way to welcome guests and celebrate the season. Printed on both sides, the vibrant artwork is visible from every direction, making it the perfect addition to your porch, garden, flower bed, or front walkway throughout Hanukkah. Hanging pole/rod/hooks/hardware not included. We will send you a proof for your approval before sending your order to production.

Product features
- 100% poly poplin-canvas fabric — lightweight yet durable
- Vibrant, crisp color reproduction using advanced printing
- Top sleeve fits standard garden flag poles or stands
- Printed on both sides with design flipped on long edge
- Available in two sizes: 12""×18"" and 24.5""×32"" (pole/hooks not included)

Care instructions
- Clean by wiping with a soft, damp cloth.

Made to order and quality-checked before it ships to you. Exact dimensions are listed above — if you're ever unsure about sizing or fit, message me before you order and I'll help you pick the right option. Some listing photos include AI-enhanced mockups to show the design clearly; your item is printed exactly as shown.",22.99,USD,5,"Hanukkah_flag,personalized_flag,Jewish_decor,garden_flag,porch_decor,Festival_Lights,custom_gift,winter_decor,Hanukkah_gift,yard_decoration,capybara_hedgehog,raccoon_possum,outdoor_banner","Polyester,Poplin",https://i.etsystatic.com/62608566/r/il/3256d0/8374677599/il_fullxfull.8374677599_fng5.jpg,https://i.etsystatic.com/62608566/r/il/714e3f/8374681179/il_fullxfull.8374681179_oiuh.jpg,https://i.etsystatic.com/62608566/r/il/e75a09/8374676765/il_fullxfull.8374676765_rg3l.jpg,https://i.etsystatic.com/62608566/r/il/b379a2/8374677225/il_fullxfull.8374677225_kv5s.jpg,https://i.etsystatic.com/62608566/r/il/69dadb/8429950753/il_fullxfull.8429950753_o50p.jpg,,,,,,Custom Property,Sizes,"12&#39;&#39; × 18&#39;&#39;,24.5&#39;&#39; × 32&#39;&#39;",,,,"20158294406608009890,26910987511230141439"
"Personalized Ceramic Christmas Ornament, Woodland Animals Family Keepsake, Round or Star","Celebrate the magic of the holidays with a personalized ornament your family will treasure for years to come. Featuring adorable woodland animals dressed in festive Santa hats gathered around a holiday feast, this ceramic ornament is customized with your family name or two first names, along with the year, creating a beautiful keepsake that celebrates love, family, and holiday traditions. Choose between a classic Round ornament or a festive Star ornament to perfectly match your Christmas décor. Planning to decorate multiple trees or give gifts to family? Save with our discounted multipack options. We will send you a proof for your approval before sending your order to production.

Product features
- 100% durable ceramic with glossy full-color finish
- Same vivid design printed on both sides
- Includes gold hanging string for easy display
- Available in single pieces or bundles of 3, 5, or 10

Care instructions
- Wipe the dust off gently with a soft, dry cloth.

Made to order and quality-checked before it ships to you. Exact dimensions are listed above — if you're ever unsure about sizing or fit, message me before you order and I'll help you pick the right option. Some listing photos include AI-enhanced mockups to show the design clearly; your item is printed exactly as shown.",16.99,USD,3,"personalized_gift,family_ornament,couple_ornament,custom_ornament,ceramic_decor,Christmas_gift,holiday_decor,tree_ornament,2026_ornament,newlywed_gift,family_keepsake,custom_names,Stocking_stuffer",Ceramic,https://i.etsystatic.com/62608566/r/il/4bdf91/8426208511/il_fullxfull.8426208511_b1k4.jpg,https://i.etsystatic.com/62608566/r/il/714a8e/8329800522/il_fullxfull.8329800522_crsi.jpg,https://i.etsystatic.com/62608566/r/il/0bfdc8/8377718243/il_fullxfull.8377718243_cp89.jpg,https://i.etsystatic.com/62608566/r/il/21f4fd/8377686183/il_fullxfull.8377686183_al1o.jpg,https://i.etsystatic.com/62608566/r/il/75c4be/8377688139/il_fullxfull.8377688139_g0g7.jpg,,,,,,Custom Property,Shapes,"Circle,Star",Custom Property,Quantity,"1 pc,3 pcs,5 pcs,10 pcs","19566370950282357607,80714801331064998398,25018150901023898367,57965336667523164324,23919862387933220186,31592044866279400103,14624030396179951520,14128237944517927683"
"Personalized Faux Suede Christmas Pillow Cover, Custom Tag Decor (4 Sizes)","Give your holiday pillows a fresh new look, with a personal touch. These personalized faux suede holiday pillow covers make it easy to bring festive personality to your home without buying a whole new pillow. Choose from 4 holiday designs and 4 sizes, then customize the gift tag with your own message, names, family name, holiday greeting, or whatever you'd like. The soft faux suede look gives these covers a cozy, polished feel that's right at home on the sofa, bed, accent chair, or favorite holiday reading spot. We'll create a proof of your personalized gift tag and send it to you for approval before production.

PREFER THE COMPLETE PILLOW?
No problem! The same designs are available as personalized faux suede pillows. This listing is for the cover only, while our matching pillow listing includes the complete pillow. Hanukkah designs: https://www.etsy.com/listing/4554706846/personalized-hanukkah-pillow-faux-suede
Christmas designs: https://www.etsy.com/listing/4554706420/personalized-christmas-pillow-faux-suede

Product features
- 100% faux suede cover — soft, durable polyester microfiber
- Available in 14""x14"", 16""x16"", 18""x18"" or 20""x20""
- Double-sided print for a complete look on both faces
- Concealed beige zipper with metal head for clean edges
- Pre-constructed cover; size variance +/- 0.5""
- Insert recommended 2"" larger than cover; pillow not included

Care instructions
- Remove the pillow cover. Pre-treat the stains with soft cloth or bristle brush that had been soaked in warm soapy water. Machine wash, max 40°C (104°F), normal cycle. Do not bleach, tumble dry on low, do not dry-clean. Iron, steam, or dry low heat only. Fluff to reshape when assembling it back together.

Made to order and quality-checked before it ships to you. Exact dimensions are listed above — if you're ever unsure about sizing or fit, message me before you order and I'll help you pick the right option. Some listing photos include AI-enhanced mockups to show the design clearly; your item is printed exactly as shown.",24.99,USD,3,"holiday_pillow,Christmas_pillow,holiday_decor,Christmas_decor,pillow_cover,custom_pillow_cover,personalized_pillow,faux_suede_pillow,holiday_pillow_cover,personalized_decor,holiday_home_decor,hanukkah_gift,personalized_gift",Polyester,https://i.etsystatic.com/62608566/r/il/b59175/8378262518/il_fullxfull.8378262518_t2nw.jpg,https://i.etsystatic.com/62608566/r/il/03c3f7/8429777413/il_fullxfull.8429777413_sw8o.jpg,https://i.etsystatic.com/62608566/r/il/1a38dd/8381902978/il_fullxfull.8381902978_5sb3.jpg,https://i.etsystatic.com/62608566/r/il/d8567b/8377925396/il_fullxfull.8377925396_nby7.jpg,https://i.etsystatic.com/62608566/r/il/6e0aa7/8425856485/il_fullxfull.8425856485_718g.jpg,https://i.etsystatic.com/62608566/r/il/c931ad/8425842723/il_fullxfull.8425842723_gidt.jpg,https://i.etsystatic.com/62608566/r/il/5caf8c/8425813895/il_fullxfull.8425813895_1wyz.jpg,https://i.etsystatic.com/62608566/r/il/47752f/8377957440/il_fullxfull.8377957440_rcxf.jpg,https://i.etsystatic.com/62608566/r/il/fb7603/8429952567/il_fullxfull.8429952567_dqiy.jpg,,Custom Property,Pattern/Size,"Blue 14&quot;x14&quot;,Blue 16&quot;x16&quot;,Blue 18&quot;x18&quot;,Blue 20&quot;x20&quot;,Cream 14&quot;x14&quot;,Cream 16&quot;x16&quot;,Cream 18&quot;x18&quot;,Cream 20&quot;x20&quot;,Blue Plaid 14&quot;x14&quot;,Blue Plaid 16&quot;x16&quot;,Blue Plaid 18&quot;x18&quot;,Blue Plaid 20&quot;x20&quot;,Red Plaid 14&quot;x14&quot;,Red Plaid 16&quot;x16&quot;,Red Plaid 18&quot;x18&quot;,Red Plaid 20&quot;x20&quot;",,,,"RedPlaid18,RedPlaid14,BluePlaid20,HKCream14,HKBlue18,RedPlaid20,RedPlaid16,BluePlaid18,BluePlaid16,BluePlaid14,HKCream20,HKCream18,HKCream16,HKBlue20,HKBlue16,HKBlue14"
"Personalized Faux Suede Christmas Pillow Cover, Custom Tag Decor","Give your holiday pillows a fresh new look, with a personal touch. These personalized faux suede holiday pillow covers make it easy to bring festive personality to your home without buying a whole new pillow. Choose from 4 holiday designs and 4 sizes, then customize the gift tag with your own message, names, family name, holiday greeting, or whatever you'd like. The soft faux suede look gives these covers a cozy, polished feel that's right at home on the sofa, bed, accent chair, or favorite holiday reading spot. We'll create a proof of your personalized gift tag and send it to you for approval before production.

PREFER THE COMPLETE PILLOW?
No problem! The same designs are available as personalized faux suede pillows. This listing is for the cover only, while our matching pillow listing includes the complete pillow. Hanukkah designs: https://www.etsy.com/listing/4554706846/personalized-hanukkah-pillow-faux-suede
Christmas designs: https://www.etsy.com/listing/4554706420/personalized-christmas-pillow-faux-suede

Product features
- 100% faux suede cover — soft, durable polyester microfiber
- Available in 14""x14"", 16""x16"", 18""x18"" or 20""x20""
- Double-sided print for a complete look on both faces
- Concealed beige zipper with metal head for clean edges
- Pre-constructed cover; size variance +/- 0.5""
- Insert recommended 2"" larger than cover; pillow not included

Care instructions
- Remove the pillow cover. Pre-treat the stains with soft cloth or bristle brush that had been soaked in warm soapy water. Machine wash, max 40°C (104°F), normal cycle. Do not bleach, tumble dry on low, do not dry-clean. Iron, steam, or dry low heat only. Fluff to reshape when assembling it back together.

Made to order and quality-checked before it ships to you. Exact dimensions are listed above — if you're ever unsure about sizing or fit, message me before you order and I'll help you pick the right option. Some listing photos include AI-enhanced mockups to show the design clearly; your item is printed exactly as shown.",24.99,USD,3,"holiday_pillow,Christmas_pillow,holiday_decor,Christmas_decor,pillow_cover,custom_pillow_cover,personalized_pillow,faux_suede_pillow,holiday_pillow_cover,personalized_decor,holiday_home_decor,hanukkah_gift,personalized_gift",Polyester,https://i.etsystatic.com/62608566/r/il/d8567b/8377925396/il_fullxfull.8377925396_nby7.jpg,https://i.etsystatic.com/62608566/r/il/0743c3/8381905694/il_fullxfull.8381905694_4gm0.jpg,https://i.etsystatic.com/62608566/r/il/d5c93e/8381905284/il_fullxfull.8381905284_m8g3.jpg,https://i.etsystatic.com/62608566/r/il/6e0aa7/8425856485/il_fullxfull.8425856485_718g.jpg,https://i.etsystatic.com/62608566/r/il/c931ad/8425842723/il_fullxfull.8425842723_gidt.jpg,https://i.etsystatic.com/62608566/r/il/5caf8c/8425813895/il_fullxfull.8425813895_1wyz.jpg,https://i.etsystatic.com/62608566/r/il/47752f/8377957440/il_fullxfull.8377957440_rcxf.jpg,https://i.etsystatic.com/62608566/r/il/376c18/8429955197/il_fullxfull.8429955197_6r07.jpg,,,Custom Property,Pattern/Size,"Blue 14&quot;x14&quot;,Blue 16&quot;x16&quot;,Blue 18&quot;x18&quot;,Blue 20&quot;x20&quot;,Cream 14&quot;x14&quot;,Cream 16&quot;x16&quot;,Cream 18&quot;x18&quot;,Cream 20&quot;x20&quot;,Blue Plaid 14&quot;x14&quot;,Blue Plaid 16&quot;x16&quot;,Blue Plaid 18&quot;x18&quot;,Blue Plaid 20&quot;x20&quot;,Red Plaid 14&quot;x14&quot;,Red Plaid 16&quot;x16&quot;,Red Plaid 18&quot;x18&quot;,Red Plaid 20&quot;x20&quot;",,,,"RedPlaid18,RedPlaid14,BluePlaid18,BluePlaid14,HKCream20,HKBlue20,HKBlue18,HKBlue16,RedPlaid20,RedPlaid16,BluePlaid20,BluePlaid16,HKCream18,HKCream16,HKCream14,HKBlue14"
"Personalized Hanukkah Table Runner, Family Name Jewish Holiday Decor","Create a beautiful Hanukkah table that becomes the heart of your celebration with this personalized Hanukkah table runner. Available in three elegant blue designs, each runner is customized with your family name and greeting, making it a meaningful keepsake you'll enjoy year after year.  Complete your holiday table by adding an optional coordinating set of four or eight matching cloth napkins. Whether you're hosting the first night or all eight nights of Hanukkah, this coordinated set creates a warm and welcoming tablescape for family and friends. We will send you a proof for your approval before sending your order to production.

Choose your favorite style:
Design A: Navy blue with silver ribbon and Star of David accents
Design B: Light blue watercolor with Stars of David and dreidels
Design C: White and blue with menorahs, dreidels, and elegant navy ribbon

Options
Table Runner Only
Table Runner + Set of 4 Matching Napkins
Table Runner + Set of 8 Matching Napkins

Table Runner Features
Sizes: 16"" x 72"" or 16"" x 90""
Premium polyester fabric
Vibrant full-color printing
Finished edges
Lightweight and durable
Personalized with your family name and holiday greeting

Napkin Features
Available in Sets of 4 or 8
18"" x 18""
Premium polyester
Coordinating design
Machine washable

Made to order and quality-checked before it ships to you. Exact dimensions are listed above — if you're ever unsure about sizing or fit, message me before you order and I'll help you pick the right option. Some listing photos include AI-enhanced mockups to show the design clearly; your item is printed exactly as shown.",42.99,USD,3,"Hanukkah_Runner,Table_Runner,Jewish_Decor,Holiday_Decor,Custom_Runner,Hanukkah_Gift,Family_Decor,Dinner_Decor,Table_Linens,Festival_Lights,Jewish_Holiday,Matching_Napkins,cloth_table_runner",Polyester,https://i.etsystatic.com/62608566/r/il/257ce2/8374377128/il_fullxfull.8374377128_4iu3.jpg,https://i.etsystatic.com/62608566/r/il/0d2791/8348290960/il_fullxfull.8348290960_hnm4.jpg,https://i.etsystatic.com/62608566/r/il/1e6b83/8352877722/il_fullxfull.8352877722_4jn1.jpg,https://i.etsystatic.com/62608566/r/il/47781f/8348095784/il_fullxfull.8348095784_mrwn.jpg,https://i.etsystatic.com/62608566/r/il/272cc0/8395984025/il_fullxfull.8395984025_9fjx.jpg,https://i.etsystatic.com/62608566/r/il/e851d1/8395819795/il_fullxfull.8395819795_2q1s.jpg,https://i.etsystatic.com/62608566/r/il/d88ee2/8395828581/il_fullxfull.8395828581_gsrt.jpg,https://i.etsystatic.com/62608566/r/il/ec8646/8348223368/il_fullxfull.8348223368_4mzn.jpg,https://i.etsystatic.com/62608566/r/il/303675/8382085904/il_fullxfull.8382085904_o2se.jpg,,Custom Property,Pattern/Length,"A/Dark Blue/72&quot;,A/Dark Blue/90&quot;,A/72&quot;/+4 napkins,A/72&quot;/+8 napkins,A/90&quot;/+ 4 napkins,A/90&quot;/+ 8 napkins,B/Light Blue/72&quot;,B/Light Blue/90&quot;,B/72&quot;/+4 napkins,B/72&quot;/+8 napkins,B/90&quot;/+ 4 napkins,B/90&quot;/+ 8 napkins,C/White/72&quot;,C/White/90&quot;,C/72&quot;/+4 napkins,C/72&quot;/+8 napkins,C/90&quot;/+ 4 napkins,C/90&quot;/+ 8 napkins",,,,"CWHITE904,CWHITE90,CWHITE72,BLGHTBLUE908,BLGHTBLUE724,ADRKBLUE908,ADRKBLUE904,ADRKBLUE728,ADRKBLUE90,ADRKBLUE72,CWHITE908,CWHITE728,CWHITE724,BLGHTBLUE904,BLGHTBLUE728,BLGHTBLUE90,BLGHTBLUE72,ADRKBLUE724"
"Personalized Christmas Family Name Table Runner, 4 Festive Designs, Optional Napkins","Create a holiday table that's uniquely yours with a personalized Christmas table runner featuring your family name and holiday greeting. Available in four festive designs, each runner is custom-made to celebrate your family's traditions while adding warmth and elegance to your Christmas décor. Complete the look by adding an optional coordinating set of 4 or 8 matching napkins. Whether you're hosting Christmas dinner, a holiday brunch, or a cozy family gathering, this coordinated set makes your table feel beautifully finished. We will send you a proof for your approval before sending your order to production.

Choose your favorite style:

Design A – Vintage Holly. A timeless Christmas design featuring classic holly leaves, pine sprigs, and berries accented with a luxurious red ribbon and personalized gift tag. Perfect for traditional holiday décor.

Design B – Classic Plaid. Celebrate the season with a festive red and green tartan plaid pattern, finished with a rich red ribbon and personalized family name. A cozy, cabin-inspired look for holiday gatherings.

Design C – Winter Snowflakes. Elegant blue and silver snowflakes paired with a royal blue ribbon create a sophisticated winter tablescape. Personalized with your family name for a beautiful seasonal touch.

Design D – Candy Cane. Bright red and white candy cane stripes with a sparkling green ribbon bring cheerful holiday charm to your table. Personalized to create a fun and festive centerpiece for Christmas celebrations.

Options
Table Runner Only
Table Runner + Set of 4 Matching Napkins
Table Runner + Set of 8 Matching Napkins

Table Runner Features
Sizes: 16"" x 72"" or 16"" x 90""
Premium polyester fabric
Vibrant full-color printing
Finished edges
Lightweight and durable
Personalized with your family name and holiday greeting

Napkin Features
Available in Sets of 4 or 8
18"" x 18""
Premium polyester
Coordinating design
Machine washable

Made to order and quality-checked before it ships to you. Exact dimensions are listed above — if you're ever unsure about sizing or fit, message me before you order and I'll help you pick the right option. Some listing photos include AI-enhanced mockups to show the design clearly; your item is printed exactly as shown.",42.99,USD,72,"Personalized_Runner,Christmas_Runner,Table_Runner,Family_Name_Decor,Holiday_Decor,Custom_Runner,Holiday_Table,Xmas_Decor,Table_Linens,Matching_Napkins,Christmas_Gift,Family_Tradition,cloth_table_runner",Fabric,https://i.etsystatic.com/62608566/r/il/edb9c9/8422244027/il_fullxfull.8422244027_83qy.jpg,https://i.etsystatic.com/62608566/r/il/f9f865/8370666064/il_fullxfull.8370666064_kui1.jpg,https://i.etsystatic.com/62608566/r/il/f5753c/8352619138/il_fullxfull.8352619138_a0u6.jpg,https://i.etsystatic.com/62608566/r/il/1c8a93/8400592783/il_fullxfull.8400592783_m5kc.jpg,https://i.etsystatic.com/62608566/r/il/5b2db8/8352736570/il_fullxfull.8352736570_91ev.jpg,https://i.etsystatic.com/62608566/r/il/7a8df3/8400638105/il_fullxfull.8400638105_aogb.jpg,https://i.etsystatic.com/62608566/r/il/ad252d/8382088606/il_fullxfull.8382088606_cis7.jpg,,,,Custom Property,Pattern/Length,"A/Holly/72&quot; Runner,A/Holly/90&quot; Runner,A/HY/72&quot; + 4 Napkins,A/HY/72&quot; + 8 Napkins,A/HY/90&quot; + 4 Napkins,A/HY/90&quot; + 8 Napkins,B/Plaid/72&quot; Runner,B/Plaid/90&quot; Runner,B/PD/72&quot; + 4 Napkins,B/PD/72&quot; + 8 Napkins,B/PD/90&quot; + 4 Napkins,B/PD/90&quot; + 8 Napkins,C/Sflake/72&quot; Runner,C/Sflake/90&quot; Runner,C/SF/72&quot; + 4 Napkins,C/SF/72&quot; + 8 Napkins,C/SF/90&quot; + 4 Napkins,C/SF/90&quot; + 8 Napkins,D/CCane/72&quot; Runner,D/CCane/90&quot; Runner,D/CC/72&quot; + 4 Napkins,D/CC/72&quot; + 8 Napkins,D/CC/90&quot; + 4 Napkins,D/CC/90&quot; + 8 Napkins",,,,"DCC908Nap,DCC728Nap,DCC90,DCC72,BPD90PL8Nap,BPD724Nap,BPD90,AHY904Nap,AHY724Nap,AHOLLY72,DCC904Nap,DCC724Nap,CSF908Nap,CSF904Nap,CSF728Nap,CSF724Nap,CSF90,CSF72,BPD904Nap,BPD728Nap,BPD72,AHY908Nap,AHY728Nap,AHOLLY90"
"Personalized Christmas Table Runner, Festive Family Holiday Decor, 4 Designs, Optional Napkins","Create a holiday table that's uniquely yours with a personalized Christmas table runner featuring your family name and holiday greeting. Available in four festive designs, each runner is custom-made to celebrate your family's traditions while adding warmth and elegance to your Christmas décor. Complete the look by adding an optional coordinating set of 4 or 8 matching napkins. Whether you're hosting Christmas dinner, a holiday brunch, or a cozy family gathering, this coordinated set makes your table feel beautifully finished. We will send you a proof for your approval before sending your order to production.

Choose your favorite style:

Design A – Vintage Holly. A timeless Christmas design featuring classic holly leaves, pine sprigs, and berries accented with a luxurious red ribbon and personalized gift tag. Perfect for traditional holiday décor.

Design B – Classic Plaid. Celebrate the season with a festive red and green tartan plaid pattern, finished with a rich red ribbon and personalized family name. A cozy, cabin-inspired look for holiday gatherings.

Design C – Winter Snowflakes. Elegant blue and silver snowflakes paired with a royal blue ribbon create a sophisticated winter tablescape. Personalized with your family name for a beautiful seasonal touch.

Design D – Candy Cane. Bright red and white candy cane stripes with a sparkling green ribbon bring cheerful holiday charm to your table. Personalized to create a fun and festive centerpiece for Christmas celebrations.

Options
Table Runner Only
Table Runner + Set of 4 Matching Napkins
Table Runner + Set of 8 Matching Napkins

Table Runner Features
Sizes: 16"" x 72"" or 16"" x 90""
Premium polyester fabric
Vibrant full-color printing
Finished edges
Lightweight and durable
Personalized with your family name and holiday greeting

Napkin Features
Available in Sets of 4 or 8
18"" x 18""
Premium polyester
Coordinating design
Machine washable

Made to order and quality-checked before it ships to you. Exact dimensions are listed above — if you're ever unsure about sizing or fit, message me before you order and I'll help you pick the right option. Some listing photos include AI-enhanced mockups to show the design clearly; your item is printed exactly as shown.",42.99,USD,72,"Personalized_Runner,Christmas_Runner,Table_Runner,Family_Name_Decor,Holiday_Decor,Custom_Runner,Holiday_Table,Xmas_Decor,Table_Linens,Matching_Napkins,Christmas_Gift,Family_Tradition,cloth_table_runner",Fabric,https://i.etsystatic.com/62608566/r/il/a8589e/8374360368/il_fullxfull.8374360368_di39.jpg,https://i.etsystatic.com/62608566/r/il/f9f865/8370666064/il_fullxfull.8370666064_kui1.jpg,https://i.etsystatic.com/62608566/r/il/f5753c/8352619138/il_fullxfull.8352619138_a0u6.jpg,https://i.etsystatic.com/62608566/r/il/1c8a93/8400592783/il_fullxfull.8400592783_m5kc.jpg,https://i.etsystatic.com/62608566/r/il/5b2db8/8352736570/il_fullxfull.8352736570_91ev.jpg,https://i.etsystatic.com/62608566/r/il/7a8df3/8400638105/il_fullxfull.8400638105_aogb.jpg,https://i.etsystatic.com/62608566/r/il/c50a68/8382090346/il_fullxfull.8382090346_rkf8.jpg,,,,Custom Property,Pattern/Length,"A/Holly/72&quot; Runner,A/Holly/90&quot; Runner,A/HY/72&quot; + 4 Napkins,A/HY/72&quot; + 8 Napkins,A/HY/90&quot; + 4 Napkins,A/HY/90&quot; + 8 Napkins,B/Plaid/72&quot; Runner,B/Plaid/90&quot; Runner,B/PD/72&quot; + 4 Napkins,B/PD/72&quot; + 8 Napkins,B/PD/90&quot; + 4 Napkins,B/PD/90&quot; + 8 Napkins,C/Sflake/72&quot; Runner,C/Sflake/90&quot; Runner,C/SF/72&quot; + 4 Napkins,C/SF/72&quot; + 8 Napkins,C/SF/90&quot; + 4 Napkins,C/SF/90&quot; + 8 Napkins,D/CCane/72&quot; Runner,D/CCane/90&quot; Runner,D/CC/72&quot; + 4 Napkins,D/CC/72&quot; + 8 Napkins,D/CC/90&quot; + 4 Napkins,D/CC/90&quot; + 8 Napkins",,,,"DCC908Nap,DCC904Nap,DCC728Nap,DCC724Nap,DCC90,CSF908Nap,CSF728Nap,CSF724Nap,BPD904Nap,BPD728Nap,BPD90,BPD72,AHY904Nap,AHY728Nap,AHOLLY90,DCC72,CSF904Nap,CSF90,CSF72,BPD90PL8Nap,BPD724Nap,AHY908Nap,AHY724Nap,AHOLLY72"
"Personalized Christmas Table Runner, Custom Family Name Holiday Decor, 4 Festive Designs","Create a holiday table that's uniquely yours with a personalized Christmas table runner featuring your family name and holiday greeting. Available in four festive designs, each runner is custom-made to celebrate your family's traditions while adding warmth and elegance to your Christmas décor. Complete the look by adding an optional coordinating set of 4 or 8 matching napkins. Whether you're hosting Christmas dinner, a holiday brunch, or a cozy family gathering, this coordinated set makes your table feel beautifully finished. We will send you a proof for your approval before sending your order to production.

Choose your favorite style:

Design A – Vintage Holly. A timeless Christmas design featuring classic holly leaves, pine sprigs, and berries accented with a luxurious red ribbon and personalized gift tag. Perfect for traditional holiday décor.

Design B – Classic Plaid. Celebrate the season with a festive red and green tartan plaid pattern, finished with a rich red ribbon and personalized family name. A cozy, cabin-inspired look for holiday gatherings.

Design C – Winter Snowflakes. Elegant blue and silver snowflakes paired with a royal blue ribbon create a sophisticated winter tablescape. Personalized with your family name for a beautiful seasonal touch.

Design D – Candy Cane. Bright red and white candy cane stripes with a sparkling green ribbon bring cheerful holiday charm to your table. Personalized to create a fun and festive centerpiece for Christmas celebrations.

Options
Table Runner Only
Table Runner + Set of 4 Matching Napkins
Table Runner + Set of 8 Matching Napkins

Table Runner Features
Sizes: 16"" x 72"" or 16"" x 90""
Premium polyester fabric
Vibrant full-color printing
Finished edges
Lightweight and durable
Personalized with your family name and holiday greeting

Napkin Features
Available in Sets of 4 or 8
18"" x 18""
Premium polyester
Coordinating design
Machine washable

Made to order and quality-checked before it ships to you. Exact dimensions are listed above — if you're ever unsure about sizing or fit, message me before you order and I'll help you pick the right option. Some listing photos include AI-enhanced mockups to show the design clearly; your item is printed exactly as shown.",42.99,USD,72,"Personalized_Runner,Christmas_Runner,Table_Runner,Family_Name_Decor,Holiday_Decor,Custom_Runner,Holiday_Table,Xmas_Decor,Table_Linens,Matching_Napkins,Christmas_Gift,Family_Tradition,cloth_table_runner",Fabric,https://i.etsystatic.com/62608566/r/il/6e0692/8374354892/il_fullxfull.8374354892_d4kx.jpg,https://i.etsystatic.com/62608566/r/il/f9f865/8370666064/il_fullxfull.8370666064_kui1.jpg,https://i.etsystatic.com/62608566/r/il/f5753c/8352619138/il_fullxfull.8352619138_a0u6.jpg,https://i.etsystatic.com/62608566/r/il/1c8a93/8400592783/il_fullxfull.8400592783_m5kc.jpg,https://i.etsystatic.com/62608566/r/il/5b2db8/8352736570/il_fullxfull.8352736570_91ev.jpg,https://i.etsystatic.com/62608566/r/il/7a8df3/8400638105/il_fullxfull.8400638105_aogb.jpg,https://i.etsystatic.com/62608566/r/il/183358/8382092116/il_fullxfull.8382092116_8ow4.jpg,,,,Custom Property,Pattern/Length,"A/Holly/72&quot; Runner,A/Holly/90&quot; Runner,A/HY/72&quot; + 4 Napkins,A/HY/72&quot; + 8 Napkins,A/HY/90&quot; + 4 Napkins,A/HY/90&quot; + 8 Napkins,B/Plaid/72&quot; Runner,B/Plaid/90&quot; Runner,B/PD/72&quot; + 4 Napkins,B/PD/72&quot; + 8 Napkins,B/PD/90&quot; + 4 Napkins,B/PD/90&quot; + 8 Napkins,C/Sflake/72&quot; Runner,C/Sflake/90&quot; Runner,C/SF/72&quot; + 4 Napkins,C/SF/72&quot; + 8 Napkins,C/SF/90&quot; + 4 Napkins,C/SF/90&quot; + 8 Napkins,D/CCane/72&quot; Runner,D/CCane/90&quot; Runner,D/CC/72&quot; + 4 Napkins,D/CC/72&quot; + 8 Napkins,D/CC/90&quot; + 4 Napkins,D/CC/90&quot; + 8 Napkins",,,,"DCC728Nap,DCC90,CSF908Nap,CSF904Nap,CSF728Nap,DCC908Nap,DCC904Nap,DCC724Nap,DCC72,CSF724Nap,CSF90,CSF72,BPD90PL8Nap,BPD904Nap,BPD728Nap,BPD724Nap,BPD90,BPD72,AHY908Nap,AHY904Nap,AHY728Nap,AHY724Nap,AHOLLY90,AHOLLY72"
"Halloween Table Runner, Ghost Vampire Mummy Fall Decor, Personalized Centerpiece (Optional Napkins)","Add a spooky touch to your Halloween table with a personalized keepsake! Create a festive tablescape with this personalized Halloween table runner, featuring adorable ghost, vampire, and mummy characters framed by rich autumn foliage and playful flying bats. Centered text reads ""Happy Haunting!"" followed by your family name or first names to create a one-of-a-kind decoration you'll look forward to displaying every Halloween. Available in two sizes, this runner makes a charming centerpiece for dining tables, buffet tables, kitchen islands, and Halloween party displays. Complete the look with optional matching cloth napkins featuring coordinating Halloween artwork. Whether you're hosting a spooky dinner party, welcoming trick-or-treaters, or decorating for the season, this runner brings warmth, personality, and Halloween fun to your home. We will send you a proof for your approval before sending your order to production.

Available in 16"" x 72"" or 16"" x 90""
Optional coordinating set of 4 or 8 matching napkins
Vibrant full-color Halloween artwork
Features adorable ghost, vampire, and mummy characters
Autumn leaf border with playful bat accents
Durable polyester fabric
Soft, lightweight, and easy to care for

Made to order and quality-checked before it ships to you. Exact dimensions are listed above — if you're ever unsure about sizing or fit, message me before you order and I'll help you pick the right option. Some listing photos include AI-enhanced mockups to show the design clearly; your item is printed exactly as shown.",42.99,USD,18,"halloween_runner,table_runner,custom_runner,spooky_decor,fall_centerpiece,ghost_decor,vampire_decor,mummy_decor,autumn_table,halloween_party,custom_decor,fall_dining,halloween_gift",Polyester,https://i.etsystatic.com/62608566/r/il/aaed93/8422221477/il_fullxfull.8422221477_cufw.jpg,https://i.etsystatic.com/62608566/r/il/fd0f21/8365657482/il_fullxfull.8365657482_k3li.jpg,https://i.etsystatic.com/62608566/r/il/8302f0/8412757257/il_fullxfull.8412757257_7gqh.jpg,https://i.etsystatic.com/62608566/r/il/710225/8365160720/il_fullxfull.8365160720_sa1m.jpg,https://i.etsystatic.com/62608566/r/il/f57b64/8382093628/il_fullxfull.8382093628_opj4.jpg,,,,,,Custom Property,Size/Optional Napkins,"72&quot; Runner Only,90&quot; Runner Only,72&quot; Rnr + 4 Napkins,72&quot; Rnr + 8 Napkins,90&quot; Rnr + 4 Napkins,90&quot; Rnr + 8 Napkins",,,,"90RN4,72Runner,90RN8,72RN8,72RN4,90Runner"
"Personalized Thanksgiving Table Runner, Grateful Hearts Gather Fall Decor","Welcome family and friends with a personalized Thanksgiving table they'll remember. Celebrate the season of gratitude with this personalized Thanksgiving table runner, ""Grateful Hearts Gather"" and beautifully customized with your family name or first name(s). Designed to become the centerpiece of your holiday table, this runner brings warmth, charm, and a personal touch to Thanksgiving dinner, Friendsgiving celebrations, and all your autumn gatherings. Available in two sizes: 16""x72"" or 16""x90"", it's perfect for dining tables, buffet tables, kitchen islands, and dessert stations. Complete your tablescape with optional matching cloth napkins, available in sets of 4, for a coordinated holiday look your guests will love. Whether you're serving a traditional Thanksgiving feast or hosting a cozy fall dinner, this personalized runner creates a welcoming atmosphere that can be enjoyed year after year. Text in the center is fully customizable. Try ""Giving Thanks Together"" followed by your family name (or anything else that will fit!). We will send you a proof of your design for your approval.

Available in 16"" x 72"" or 16"" x 90""
Optional coordinating set of 4 or 8 matching napkins
Durable polyester fabric
Soft, lightweight, and easy to care for

Made to order and quality-checked before it ships to you. Exact dimensions are listed above — if you're ever unsure about sizing or fit, message me before you order and I'll help you pick the right option. Some listing photos include AI-enhanced mockups to show the design clearly; your item is printed exactly as shown.",42.99,USD,3,"thanksgiving,table_runner,fall_decor,custom_runner,harvest_decor,family_table,autumn_table,friendsgiving,custom_decor,harvest_table,holiday_decor,fall_gift,personalized_gift",Polyester,https://i.etsystatic.com/62608566/r/il/bd3319/8374316998/il_fullxfull.8374316998_onh8.jpg,https://i.etsystatic.com/62608566/r/il/2d40b7/8374293650/il_fullxfull.8374293650_3nkv.jpg,https://i.etsystatic.com/62608566/r/il/9ecd17/8374297244/il_fullxfull.8374297244_4mc6.jpg,https://i.etsystatic.com/62608566/r/il/7948ef/8374305210/il_fullxfull.8374305210_q55w.jpg,https://i.etsystatic.com/62608566/r/il/7eb079/8368388118/il_fullxfull.8368388118_fls6.jpg,https://i.etsystatic.com/62608566/r/il/41da13/8368446058/il_fullxfull.8368446058_qk5a.jpg,https://i.etsystatic.com/62608566/r/il/98603b/8382095026/il_fullxfull.8382095026_r4du.jpg,,,,Custom Property,Size/Optional Napkins,"72&quot; Runner Only,90&quot; Runner Only,72&quot;Rnr + 4 Napkins,72&quot;Rnr + 8 Napkins,90&quot;Rnr + 4 Napkins,90&quot;Rnr + 8 Napkins",,,,"90TGRN8NAP,90TGRN4NAP,90TGRN,72TGRN,72TGRN8NAP,72TGRN4NAP"
"Personalized Chicken Flock Tote Bag, Custom Name Design, Farmhouse Shopping Bag","Carry your flock with you wherever you go! This personalized tote bag features an adorable lineup of colorful chickens and your custom ""[Name]'s Flock"" design, creating a fun and practical accessory for every chicken lover. Whether you're heading to the farmers market, feed store, library, or grocery store, this reusable tote is both stylish and functional. It's the perfect gift for backyard chicken keepers, homesteaders, farm wives, and anyone who loves life with chickens.

Product features
- 100% cotton canvas, heavy 12 oz fabric for durability
- Flat-corner construction for a neat, structured look
- Self-fabric carrying handles with reinforced stitching
- Sewn-in label; blank sourced from India

Care instructions
- Do not iron directly over the printed area - print may stick to the iron.
- Spot clean
- Do not bleach
- Line dry

Made to order and quality-checked before it ships to you. Exact dimensions are listed above — if you're ever unsure about sizing or fit, message me before you order and I'll help you pick the right option. Some listing photos include AI-enhanced mockups to show the design clearly; your item is printed exactly as shown.",19.99,USD,3,"personalized_tote,chicken_tote,flock_tote,chicken_mom,backyard_hens,custom_chicken,poultry_lover,farm_wife_gift,homestead_gift,reusable_bag,grocery_tote,chicken_lover,chicken_coop_art","Cotton,Canvas",https://i.etsystatic.com/62608566/r/il/b8df42/8421767815/il_fullxfull.8421767815_rezu.jpg,https://i.etsystatic.com/62608566/r/il/1dda22/8367456737/il_fullxfull.8367456737_ewye.jpg,https://i.etsystatic.com/62608566/r/il/c11b65/8319567552/il_fullxfull.8319567552_piaq.jpg,https://i.etsystatic.com/62608566/r/il/be5ba9/8367434541/il_fullxfull.8367434541_25e1.jpg,https://i.etsystatic.com/62608566/r/il/9dd757/8429970655/il_fullxfull.8429970655_iblr.jpg,,,,,,,,,,,,48633131797798708618
"Sherpa Blanket, Custom Name Fall Leaves Throw, Personalized Cozy Fleece, Autumn Home Decor","Wrap someone special in warmth and love with a blanket made just for them. This personalized fleece sherpa blanket features a rich autumn leaves design accented with a custom name, creating a thoughtful keepsake they'll treasure for years. Whether draped across a favorite chair, used for cozy movie nights, or displayed as seasonal décor, this blanket brings comfort and beautiful fall style to any home. The ultra-soft fleece front showcases vibrant fall foliage, while the plush sherpa backing provides luxurious warmth that's perfect for crisp autumn evenings and chilly winter days. The personalization field allows for up to 40 characters, so feel free to put a family name, like ""The Wilsons"" or ""The Hamiltons"".

Product features
- Velvety sherpa backside for extra plush comfort
- Durable hemmed edges to resist fraying
- Made from 100% polyester, 3mm thickness for added warmth
- One-sided print with rich autumn leaf artwork and woven-look name band
- Available in two sizes; pre-constructed with possible ±3"" size variance

Care instructions
- Wash the item only cold machine wash with similar colors garments using a gentle cycle. Tumble dry on low settings or hang dry. Do not bleach or dry clean. 

Made to order and quality-checked before it ships to you. Exact dimensions are listed above — if you're ever unsure about sizing or fit, message me before you order and I'll help you pick the right option. Some listing photos include AI-enhanced mockups to show the design clearly; your item is printed exactly as shown.",59.99,USD,6,"personalized_blanket,grandma_blanket,sherpa_throw,fleece_blanket,custom_name,fall_blanket,autumn_decor,cozy_gift,Thanksgiving_gift,Christmas_gift,couch_throw,family_gift,leaf_blanket",Polyester,https://i.etsystatic.com/62608566/r/il/3ab680/8421764737/il_fullxfull.8421764737_hvtc.jpg,https://i.etsystatic.com/62608566/r/il/f55ec4/8382203786/il_fullxfull.8382203786_ec46.jpg,https://i.etsystatic.com/62608566/r/il/34c831/8374077147/il_fullxfull.8374077147_czut.jpg,https://i.etsystatic.com/62608566/r/il/91721f/8323775592/il_fullxfull.8323775592_663j.jpg,https://i.etsystatic.com/62608566/r/il/334013/8371667627/il_fullxfull.8371667627_mseo.jpg,https://i.etsystatic.com/62608566/r/il/f19fca/8323776230/il_fullxfull.8323776230_a85u.jpg,https://i.etsystatic.com/62608566/r/il/549afd/8326172196/il_fullxfull.8326172196_2nu3.jpg,https://i.etsystatic.com/62608566/r/il/0b0181/8429972109/il_fullxfull.8429972109_fkbx.jpg,,,Custom Property,Sizes,"50&quot; × 60&quot;,60&quot; × 80&quot;",,,,"31043092227186463424,12462205298407289895"
"Capybara Raccoon Ceramic Mug, Whimsical Animal Coffee Cup, Funny Coworker Boss Gift","One capybara is never enough. Why choose just one when you can pick the capybara or raccoon that best matches your personality? This collection features eight original capybara and raccoon mug designs, each with its own funny, cozy, and whimsical style. Whether you're sipping coffee before work or relaxing with tea at the end of the day, there's a capybara or raccoon ready to brighten every cup. Perfect for coffee lovers, tea drinkers, coworkers, students, and anyone who appreciates adorable animal humor.

Product features
- Microwave-safe for quick reheats
- Dishwasher-safe for easy cleaning
- Vibrant, long-lasting color printing
- Glossy white ceramic with C-handle
- Available in 11oz; lead- and BPA-free

Care instructions
- Clean in dishwasher or wash by hand with warm water and dish soap

Made to order and quality-checked before it ships to you. Exact dimensions are listed above — if you're ever unsure about sizing or fit, message me before you order and I'll help you pick the right option. Some listing photos include AI-enhanced mockups to show the design clearly; your item is printed exactly as shown.",16.99,USD,3,"capybara_mug,funny_mug,coffee_mug,ceramic_mug,animal_lover_gift,capybara_gift,office_mug,tea_cup,whimsical_mug,coffee_lover,wildlife_mug,funny_animal,raccoon_mug",Ceramic,https://i.etsystatic.com/62608566/r/il/fc1f5a/8382151262/il_fullxfull.8382151262_l2np.jpg,https://i.etsystatic.com/62608566/r/il/8e9a23/8243525616/il_fullxfull.8243525616_cdhq.jpg,https://i.etsystatic.com/62608566/r/il/1a8183/8291479973/il_fullxfull.8291479973_aq8z.jpg,https://i.etsystatic.com/62608566/r/il/dddb1b/8291525747/il_fullxfull.8291525747_oqh4.jpg,https://i.etsystatic.com/62608566/r/il/c45e70/8291506019/il_fullxfull.8291506019_sjww.jpg,https://i.etsystatic.com/62608566/r/il/53c669/8243579474/il_fullxfull.8243579474_tesw.jpg,https://i.etsystatic.com/62608566/r/il/650a12/8291499727/il_fullxfull.8291499727_aezk.jpg,https://i.etsystatic.com/62608566/r/il/e741fc/8243595804/il_fullxfull.8243595804_8z6c.jpg,https://i.etsystatic.com/62608566/r/il/f1cc47/8243624194/il_fullxfull.8243624194_nf1r.jpg,https://i.etsystatic.com/62608566/r/il/63ebb0/8430005559/il_fullxfull.8430005559_s7hp.jpg,Custom Property,Size,"E - Vitruvian Capy / 11oz,E - Vitruvian Capy / 15oz,C - Beach Capy / 11oz,C - Beach Capy / 15oz,D- Not Arguing / 11oz,D- Not Arguing / 15oz,B- Raccoon / 11oz,A - Unbothered / 11oz,G- Creation of Capy / 11oz,G- Creation of Capy / 15oz,F - Vintage Capy / 11oz,F - Vintage Capy / 15oz",,,,"32474209243222197816,24521874279894455144,11490892263665442775,24045372030980060276,27735266967710866559,27014125188061550658,19788398601420795882,33312055781078240003,29807041877915662888,28621442780751825401,12233631277196074512,27827724400402445842"
"Personalized Snowflake Monogram Tote Bag, Custom Initial Christmas Gift","Celebrate the season with a tote that's as festive as it is functional. This personalized tote bag features a beautifully detailed snowflake monogram with your custom initial in the center, creating a classic Christmas design you'll enjoy year after year. Available in Christmas Red or Evergreen, it's perfect for holiday shopping, carrying gifts, books, groceries, as an alternative to wrapping paper, or your everyday essentials throughout the holiday season. Whether you're treating yourself or gifting someone special, this personalized tote is a thoughtful keepsake they'll use long after the holidays are over. Available with black or red handle straps.

Product features
- 100% polyester medium-weight body (200 g/m²) — durable, shape-retaining, quick-drying
- Reinforced handle stitching with cotton handles for added strength and comfort
- Boxed corners for extra interior space and structured carrying
- Non-woven laminated interior and black inner stitching for easy cleaning and neat finish
- Available in three sizes; size tolerance ±0.75"" (1.9 cm)

Care instructions
- Remove all items from the bag before cleaning. Suggested to pretreat visible stains with stain remover. Mix warm water with laundry detergent and clean the bag with terry washcloth or a soft bristle brush. Let the bag air dry.

Made to order and quality-checked before it ships to you. Exact dimensions are listed above — if you're ever unsure about sizing or fit, message me before you order and I'll help you pick the right option. Some listing photos include AI-enhanced mockups to show the design clearly; your item is printed exactly as shown.",24.99,USD,3,"Christmas_tote,personalized_bag,monogram_tote,snowflake_bag,custom_initial,holiday_tote,reusable_bag,Christmas_gift,hostess_gift,Christmas_market,winter_accessory,festive_bag,holiday_shopping",Polyester,https://i.etsystatic.com/62608566/r/il/cc9e9b/8279684250/il_fullxfull.8279684250_366c.jpg,https://i.etsystatic.com/62608566/r/il/9fdb09/8279681948/il_fullxfull.8279681948_s9dw.jpg,https://i.etsystatic.com/62608566/r/il/24587e/8327754937/il_fullxfull.8327754937_4c8s.jpg,https://i.etsystatic.com/62608566/r/il/bd8c53/8327585163/il_fullxfull.8327585163_hxhf.jpg,https://i.etsystatic.com/62608566/r/il/272806/8327585559/il_fullxfull.8327585559_5ej1.jpg,https://i.etsystatic.com/62608566/r/il/e64cbf/8382156210/il_fullxfull.8382156210_cjes.jpg,,,,,Custom Property,Size,"Red Tote Bag (AOP) / 13&quot; × 13&#39;&#39;,Red Tote Bag (AOP) / 16&quot; × 16&#39;&#39;,Red Tote Bag (AOP) / 18&quot; × 18&#39;&#39;,Green Tote Bag (AOP) / 13&quot; × 13&#39;&#39;,Green Tote Bag (AOP) / 16&quot; × 16&#39;&#39;,Green Tote Bag (AOP) / 18&quot; × 18&#39;&#39;",Custom Property,Strap Color,"Black,Red","33867535242222580773,13195229307204433315,20182764811307375023,17863141257951168048,22024664321216073874,11090840299695258297,13077432645525720393,36723104135581931137,43721106868317500516,14987953741781574882,47924641185441183138,16541914894581080425"
"Funny Opossum Christmas Tote Bag, Santa's Helper Canvas, Animal Lover","Some helpers make toys. This one protects them. This funny opossum tote bag features an expressive opossum wearing a Santa hat with the bold phrase ""Don't Mess With Santa's Helper."" It's the perfect mix of holiday spirit and sarcastic humor for anyone who appreciates wildlife, quirky designs, and Christmas with attitude. Whether you're heading to the Christmas market, carrying gifts, running errands, or shopping for the holidays, this tote is a fun way to show off your love of opossums while adding personality to your everyday carry.

Product features
- 100% cotton canvas, heavyweight 12 oz/yd² for durability
- Flat-corner construction for a slim, packable profile
- Self-fabric carrying handles with reinforced stitching
- 15"" x 16""

Care instructions
- Do not iron directly over the printed area - print may stick to the iron.
- Spot clean
- Do not bleach
- Line dry

Made to order and quality-checked before it ships to you. Exact dimensions are listed above — if you're ever unsure about sizing or fit, message me before you order and I'll help you pick the right option. Some listing photos include AI-enhanced mockups to show the design clearly; your item is printed exactly as shown.",19.99,USD,3,"opossum_tote_bag,funny_Christmas,Santa_possum,holiday_tote,reusable_tote,animal_lover_gift,quirky_Christmas,sarcastic_gift,Christmas_market,grocery_tote,possum_lover,festive_tote_bag,woodland_animal","Canvas,Cotton",https://i.etsystatic.com/62608566/r/il/cfd5cc/8373875208/il_fullxfull.8373875208_3wud.jpg,https://i.etsystatic.com/62608566/r/il/87970e/8264103468/il_fullxfull.8264103468_cqyn.jpg,https://i.etsystatic.com/62608566/r/il/ad7a2e/8311986001/il_fullxfull.8311986001_2mt4.jpg,https://i.etsystatic.com/62608566/r/il/bf296a/8311987507/il_fullxfull.8311987507_b524.jpg,https://i.etsystatic.com/62608566/r/il/bf33d5/8311985317/il_fullxfull.8311985317_4m62.jpg,https://i.etsystatic.com/62608566/r/il/28ba8d/8264073412/il_fullxfull.8264073412_8etj.jpg,https://i.etsystatic.com/62608566/r/il/45802b/8382158140/il_fullxfull.8382158140_e1ho.jpg,,,,,,,,,,28781803117383628363
"Pet Memorial Plaque Personalized, Custom Watercolor Portrait, Dog Cat Sympathy Gift, Acrylic Wood Stand","A beautiful way to keep their memory close. When someone loses a beloved dog or cat, finding the right words can feel impossible. This personalized acrylic pet memorial transforms a favorite photo into a timeless watercolor portrait, creating a thoughtful sympathy gift that brings comfort every day. Designed with a clean, modern style, this memorial plaque looks right at home on a mantel, office desk, or bookshelf. Rather than feeling overly decorative, it becomes an elegant tribute that celebrates a cherished companion's life. Upload your pet's photo and we will send you a proof for your approval prior to sending your order to production. ""Always in Our Hearts"" can also be changed to the message of your choice. 

These acrylic signs are perfect for making custom awards for teams, displaying family photos, and serving as informative placards. They come with a sturdy wooden stand that'll keep the 3mm thick acrylic in place. Material: 3mm thick acrylic, 7.9"" x 11.8"" (20 x 30cm)

Made to order and quality-checked before it ships to you. Exact dimensions are listed above — if you're ever unsure about sizing or fit, message me before you order and I'll help you pick the right option. Some listing photos include AI-enhanced mockups to show the design clearly; your item is printed exactly as shown.",28.99,USD,3,"pet_memorial_gift,pet_sympathy,dog_remembrance,cat_memorial,pet_loss_gift,acrylic_plaque,watercolor_pet,custom_portrait,grief_keepsake,rainbow_bridge,memorial_decor,dog_lover_gift,cat_lover_gift",,https://i.etsystatic.com/62608566/r/il/055a8b/8373870306/il_fullxfull.8373870306_b9ru.jpg,https://i.etsystatic.com/62608566/r/il/4b6e25/8247322076/il_fullxfull.8247322076_rfhu.jpg,https://i.etsystatic.com/62608566/r/il/c0d322/8295206177/il_fullxfull.8295206177_l2wz.jpg,https://i.etsystatic.com/62608566/r/il/449150/8295210621/il_fullxfull.8295210621_mruq.jpg,https://i.etsystatic.com/62608566/r/il/f331a3/8295212213/il_fullxfull.8295212213_cirw.jpg,https://i.etsystatic.com/62608566/r/il/4f312f/8430033409/il_fullxfull.8430033409_l421.jpg,,,,,,,,,,,27257358585298727330
"Canvas Tote Bag, Too for Coop Chickens, Farmhouse Shopping Bag","Take your flock everywhere you go. This ""Too Cool for the Coop"" tote bag features a lineup of fashionable chickens and a cool rooster showing off their sunglasses, hats, and attitude. Whether you're headed to the farmers market, feed store, library, work, or running errands around town, this fun tote is sure to turn heads and spark conversations. Designed for backyard chicken keepers, homesteaders, and anyone who knows chickens have big personalities, this reusable tote is both practical and full of farmhouse charm.

Product features
- 100% cotton canvas, heavy 12 oz fabric for durability
- Flat-corner construction for a neat, structured look
- Self-fabric carrying handles with reinforced stitching
- Sewn-in label; blank sourced from India
- Available in natural and black color options

Care instructions
- Do not iron directly over the printed area - print may stick to the iron.
- Spot clean
- Do not bleach
- Line dry

Made to order and quality-checked before it ships to you. Exact dimensions are listed above — if you're ever unsure about sizing or fit, message me before you order and I'll help you pick the right option. Some listing photos include AI-enhanced mockups to show the design clearly; your item is printed exactly as shown.",19.99,USD,6,"chicken_tote,funny_chicken,chicken_lover,canvas_tote,farmhouse_bag,rooster_gift,backyard_flock,reusable_tote,grocery_bag,farm_market,chicken_mom,country_living,chicken_coop_art",Canvas,https://i.etsystatic.com/62608566/r/il/5bf018/8373863050/il_fullxfull.8373863050_jk4p.jpg,https://i.etsystatic.com/62608566/r/il/bc827f/8318037574/il_fullxfull.8318037574_378e.jpg,https://i.etsystatic.com/62608566/r/il/e22d34/8365943337/il_fullxfull.8365943337_9x4p.jpg,https://i.etsystatic.com/62608566/r/il/b907c1/8365924285/il_fullxfull.8365924285_srxy.jpg,https://i.etsystatic.com/62608566/r/il/47247d/8365925565/il_fullxfull.8365925565_8ch2.jpg,https://i.etsystatic.com/62608566/r/il/483536/8430034985/il_fullxfull.8430034985_jnmv.jpg,,,,,Custom Property,Colors,"Natural,Black",,,,"30738939244362080788,17393850096825707820"
"Personalized Hanukkah Pillow, Faux Suede Throw Pillow with Custom Gift Tag, Jewish Holiday Decor, Hanukkah Home Accent","A Hanukkah gift they can actually keep and enjoy. 💙 Give your favorite person a little extra love this Hanukkah with a personalized faux suede pillow designed to look like a beautifully wrapped present. Each pillow features a festive Hanukkah design with a rich decorative ribbon, oversized bow, and personalized gift tag. It brings that special gift-opening feeling right into their home. Choose from two gorgeous designs, one with a deep navy background and gold Hanukkah details, and one with a warm cream background accented with blue and gold. We will send you a proof for your approval before sending your order to production.

Just need the pillow cover?  It's available here: https://www.etsy.com/listing/4555268619/pillow-cover-personalized-faux-suede

Design A: Midnight Blue. A rich navy background featuring menorahs, dreidels, Star of David motifs, gold accents, and a luxurious blue bow.

Design B: Cream & Blue. A warm cream background decorated with blue and gold Hanukkah symbols, including menorahs and Stars of David, finished with a beautiful blue bow.

Product features
- 100% faux suede cover with soft, velvety hand
- Includes recycled 100% polyester insert for extra volume
- Double-sided print showcasing navy bow and winter motifs
- Concealed beige zipper with metal pull for a seamless look
- Insert slightly oversized (2–3"") to create a plump finish

Care instructions
- Remove the pillow cover. Pre-treat the stains with soft cloth or bristle brush that had been soaked in warm soapy water. Machine wash, max 40°C (104°F), normal cycle. Do not bleach, tumble dry on low, do not dry-clean. Iron, steam, or dry low heat only. Fluff to reshape when assembling it back together.

Made to order and quality-checked before it ships to you. Exact dimensions are listed above — if you're ever unsure about sizing or fit, message me before you order and I'll help you pick the right option. Some listing photos include AI-enhanced mockups to show the design clearly; your item is printed exactly as shown.",34.99,USD,3,"Hanukkah_pillow,Jewish_pillow,holiday_pillow,custom_pillow,personalized_decor,Jewish_home,Hanukkah_decor,throw_pillow,faux_suede_pillow,Jewish_gift,Hanukkah_gift,holiday_accent,Festival_Lights","Polyester,Polyester",https://i.etsystatic.com/62608566/r/il/a290db/8381912976/il_fullxfull.8381912976_kq5d.jpg,https://i.etsystatic.com/62608566/r/il/1bfe69/8429784487/il_fullxfull.8429784487_gd8q.jpg,https://i.etsystatic.com/62608566/r/il/08ee5f/8429784067/il_fullxfull.8429784067_b6bm.jpg,https://i.etsystatic.com/62608566/r/il/0644f6/8373521258/il_fullxfull.8373521258_ecmh.jpg,https://i.etsystatic.com/62608566/r/il/e0a090/8421410037/il_fullxfull.8421410037_8c7a.jpg,https://i.etsystatic.com/62608566/r/il/16641d/8421415399/il_fullxfull.8421415399_61ik.jpg,https://i.etsystatic.com/62608566/r/il/0053b9/8430036639/il_fullxfull.8430036639_77b8.jpg,,,,Custom Property,Color &amp; Size,"Blue 14&quot;x14&quot;,Blue 16&quot;x16&quot;,Blue 18&quot;x18&quot;,Blue 20&quot;x20&quot;,Cream 14&quot;x14&quot;,Cream 16&quot;x16&quot;,Cream 18&quot;x18&quot;,Cream 20&quot;x20&quot;",,,,"HKCream 20""x20"",HKCream 16""x16"",HKCream 14""x14"",HKBlue 20""x20"",HKBlue 18""x18"",HKCream 18""x18"",HKBlue 16""x16"",HKBlue 14""x14"""
"Personalized Faux Suede Christmas Pillow, Plaid Holiday Decor Gift Tag","Give your holiday décor a personal touch with a Christmas pillow made especially for someone you love. Personalize the gift tag with a name, family name, or short holiday message to create a keepsake they'll look forward to bringing out every Christmas. Choose from two festive plaid designs, each finished with a gorgeous oversized bow and a personalized gift tag. Add a name, family name, short message, or special greeting to make the pillow uniquely theirs. It's the kind of holiday accent that looks right at home on a sofa, favorite chair, bed, or cozy reading nook, while the personalization gives it that special keepsake feeling. We will send you a proof for your approval before sending your order to production.

Just need the pillow cover? It's available here:  https://www.etsy.com/listing/4555268619/pillow-cover-personalized-faux-suede

Red Plaid. A classic Christmas look with rich red plaid, deep red ribbon, a large decorative bow, holly accents, and gold snowflakes. Warm, traditional, and full of Christmas charm.

Blue Plaid. A fresh winter look featuring deep blue plaid, a soft light-blue ribbon and oversized bow, with subtle winter details. Perfect for a cool-toned holiday decorating style.

Product features
- 100% faux suede cover with soft, velvety hand
- Includes recycled 100% polyester insert for extra volume
- Double-sided print showcasing navy bow and winter motifs
- Concealed beige zipper with metal pull for a seamless look
- Insert slightly oversized (2–3"") to create a plump finish

Care instructions
- Remove the pillow cover. Pre-treat the stains with soft cloth or bristle brush that had been soaked in warm soapy water. Machine wash, max 40°C (104°F), normal cycle. Do not bleach, tumble dry on low, do not dry-clean. Iron, steam, or dry low heat only. Fluff to reshape when assembling it back together.

Made to order and quality-checked before it ships to you. Exact dimensions are listed above — if you're ever unsure about sizing or fit, message me before you order and I'll help you pick the right option. Some listing photos include AI-enhanced mockups to show the design clearly; your item is printed exactly as shown.",34.99,USD,3,"holiday_pillow,plaid_throw_pillow,custom_pillow,personalized_decor,faux_suede_pillow,winter_home_decor,holiday_home,hostess_gift,family_keepsake,gift_for_mom,gift_for_grandma,Christmas_accent,festive_home","Polyester,Polyester",https://i.etsystatic.com/62608566/r/il/0e7aa6/8421698003/il_fullxfull.8421698003_7a7j.jpg,https://i.etsystatic.com/62608566/r/il/689228/8381916456/il_fullxfull.8381916456_6iq7.jpg,https://i.etsystatic.com/62608566/r/il/55f2d3/8381915920/il_fullxfull.8381915920_t4je.jpg,https://i.etsystatic.com/62608566/r/il/a591df/8373814146/il_fullxfull.8373814146_pdx6.jpg,https://i.etsystatic.com/62608566/r/il/f45225/8373742522/il_fullxfull.8373742522_cxf0.jpg,https://i.etsystatic.com/62608566/r/il/372313/8421584917/il_fullxfull.8421584917_6bi3.jpg,https://i.etsystatic.com/62608566/r/il/d3a331/8382167168/il_fullxfull.8382167168_4bxb.jpg,,,,Custom Property,Color &amp; Size,"Red 14&quot; x 14&quot;,Red 16&quot; x 16&quot;,Red 18&quot; x 18&quot;,Red 20&quot; x 20&quot;,Blue 14&quot; x 14&quot;,Blue 16&quot; x 16&quot;,Blue 18&quot; x 18&quot;,Blue 20&quot; x 20&quot;",,,,"Blue 20"" x 20"",Blue 16"" x 16"",Blue 14"" x 14"",Red 20"" x 20"",Red 16"" x 16"",Blue 18"" x 18"",Red 18"" x 18"",Red 14"" x 14"""
"Personalized Faux Suede Christmas Pillow with Gift Tag, Plaid Holiday Decor","Give your holiday décor a personal touch with a Christmas pillow made especially for someone you love. Personalize the gift tag with a name, family name, or short holiday message to create a keepsake they'll look forward to bringing out every Christmas. Choose from two festive plaid designs, each finished with a gorgeous oversized bow and a personalized gift tag. Add a name, family name, short message, or special greeting to make the pillow uniquely theirs. It's the kind of holiday accent that looks right at home on a sofa, favorite chair, bed, or cozy reading nook, while the personalization gives it that special keepsake feeling. We will send you a proof for your approval before sending your order to production.

Just need the pillow cover? It's available here:  https://www.etsy.com/listing/4555268619/pillow-cover-personalized-faux-suede

Red Plaid. A classic Christmas look with rich red plaid, deep red ribbon, a large decorative bow, holly accents, and gold snowflakes. Warm, traditional, and full of Christmas charm.

Blue Plaid. A fresh winter look featuring deep blue plaid, a soft light-blue ribbon and oversized bow, with subtle winter details. Perfect for a cool-toned holiday decorating style.

Product features
- 100% faux suede cover with soft, velvety hand
- Includes recycled 100% polyester insert for extra volume
- Double-sided print showcasing navy bow and winter motifs
- Concealed beige zipper with metal pull for a seamless look
- Insert slightly oversized (2–3"") to create a plump finish

Care instructions
- Remove the pillow cover. Pre-treat the stains with soft cloth or bristle brush that had been soaked in warm soapy water. Machine wash, max 40°C (104°F), normal cycle. Do not bleach, tumble dry on low, do not dry-clean. Iron, steam, or dry low heat only. Fluff to reshape when assembling it back together.

Made to order and quality-checked before it ships to you. Exact dimensions are listed above — if you're ever unsure about sizing or fit, message me before you order and I'll help you pick the right option. Some listing photos include AI-enhanced mockups to show the design clearly; your item is printed exactly as shown.",34.99,USD,3,"holiday_pillow,plaid_throw_pillow,custom_pillow,personalized_decor,faux_suede_pillow,winter_home_decor,holiday_home,family_keepsake,gift_for_mom,gift_for_grandma,Christmas_accent,festive_home,Christmas_pillow","Polyester,Polyester",https://i.etsystatic.com/62608566/r/il/963079/8383611156/il_fullxfull.8383611156_15m4.jpg,https://i.etsystatic.com/62608566/r/il/0e7aa6/8421698003/il_fullxfull.8421698003_7a7j.jpg,https://i.etsystatic.com/62608566/r/il/489185/8381918814/il_fullxfull.8381918814_q8es.jpg,https://i.etsystatic.com/62608566/r/il/6b9f4d/8381918444/il_fullxfull.8381918444_mlqn.jpg,https://i.etsystatic.com/62608566/r/il/f45225/8373742522/il_fullxfull.8373742522_cxf0.jpg,https://i.etsystatic.com/62608566/r/il/372313/8421584917/il_fullxfull.8421584917_6bi3.jpg,https://i.etsystatic.com/62608566/r/il/e9f40b/8383612300/il_fullxfull.8383612300_anjp.jpg,,,,Custom Property,Color &amp; Size,"Red 14&quot; x 14&quot;,Red 16&quot; x 16&quot;,Red 18&quot; x 18&quot;,Red 20&quot; x 20&quot;,Blue 14&quot; x 14&quot;,Blue 16&quot; x 16&quot;,Blue 18&quot; x 18&quot;,Blue 20&quot; x 20&quot;",,,,"Blue 16"" x 16"",Blue 14"" x 14"",Red 18"" x 18"",Red 16"" x 16"",Red 14"" x 14"",Blue 20"" x 20"",Blue 18"" x 18"",Red 20"" x 20"""
"Personalized Hanukkah Pillow, Faux Suede Throw Pillow with Custom Gift Tag, Jewish Holiday Decor, Hanukkah Home Accent","A Hanukkah gift they can actually keep and enjoy. 💙 Give your favorite person a little extra love this Hanukkah with a personalized faux suede pillow designed to look like a beautifully wrapped present. Each pillow features a festive Hanukkah design with a rich decorative ribbon, oversized bow, and personalized gift tag. It brings that special gift-opening feeling right into their home. Choose from two gorgeous designs, one with a deep navy background and gold Hanukkah details, and one with a warm cream background accented with blue and gold. We will send you a proof for your approval before sending your order to production.

Just need the pillow cover? It's available here:  https://www.etsy.com/listing/4555268619/pillow-cover-personalized-faux-suede

Design A: Midnight Blue. A rich navy background featuring menorahs, dreidels, Star of David motifs, gold accents, and a luxurious blue bow.

Design B: Cream & Blue. A warm cream background decorated with blue and gold Hanukkah symbols, including menorahs and Stars of David, finished with a beautiful blue bow.

Product features
- 100% faux suede cover with soft, velvety hand
- Includes recycled 100% polyester insert for extra volume
- Double-sided print showcasing navy bow and winter motifs
- Concealed beige zipper with metal pull for a seamless look
- Insert slightly oversized (2–3"") to create a plump finish

Care instructions
- Remove the pillow cover. Pre-treat the stains with soft cloth or bristle brush that had been soaked in warm soapy water. Machine wash, max 40°C (104°F), normal cycle. Do not bleach, tumble dry on low, do not dry-clean. Iron, steam, or dry low heat only. Fluff to reshape when assembling it back together.

Made to order and quality-checked before it ships to you. Exact dimensions are listed above — if you're ever unsure about sizing or fit, message me before you order and I'll help you pick the right option. Some listing photos include AI-enhanced mockups to show the design clearly; your item is printed exactly as shown.",34.99,USD,3,"Hanukkah_pillow,Jewish_pillow,holiday_pillow,custom_pillow,personalized_decor,Jewish_home,Hanukkah_decor,throw_pillow,faux_suede_pillow,Jewish_gift,Hanukkah_gift,holiday_accent,Festival_Lights","Polyester,Polyester",https://i.etsystatic.com/62608566/r/il/0644f6/8373521258/il_fullxfull.8373521258_ecmh.jpg,https://i.etsystatic.com/62608566/r/il/2538d3/8429794581/il_fullxfull.8429794581_isg9.jpg,https://i.etsystatic.com/62608566/r/il/4c95cd/8381920452/il_fullxfull.8381920452_5qgw.jpg,https://i.etsystatic.com/62608566/r/il/997701/8381922450/il_fullxfull.8381922450_kr7g.jpg,https://i.etsystatic.com/62608566/r/il/e0a090/8421410037/il_fullxfull.8421410037_8c7a.jpg,https://i.etsystatic.com/62608566/r/il/16641d/8421415399/il_fullxfull.8421415399_61ik.jpg,https://i.etsystatic.com/62608566/r/il/6b6722/8382169266/il_fullxfull.8382169266_smit.jpg,,,,Custom Property,Color &amp; Size,"Blue 14&quot;x14&quot;,Blue 16&quot;x16&quot;,Blue 18&quot;x18&quot;,Blue 20&quot;x20&quot;,Cream 14&quot;x14&quot;,Cream 16&quot;x16&quot;,Cream 18&quot;x18&quot;,Cream 20&quot;x20&quot;",,,,"HKCream 18""x18"",HKCream 14""x14"",HKBlue 20""x20"",HKBlue 16""x16"",HKCream 20""x20"",HKCream 16""x16"",HKBlue 18""x18"",HKBlue 14""x14"""
"Personalized Christmas Doormat, Custom Family Welcome Mat, Holiday Plaid Rug Designs","Welcome guests with a Christmas gift they won't forget. Turn your front porch into a festive holiday welcome with a personalized 18"" x 30"" Christmas doormat featuring your family name or custom greeting. Choose from five unique gift-inspired designs, each finished with a beautiful ribbon and gift tag for a warm, welcoming entrance all season long. Whether you're decorating your own home or searching for a thoughtful Christmas gift, this custom doormat adds personality and holiday cheer to every doorstep. We will send you a proof for your approval before sending your order to production.

Available Designs

A – Mischievous Elves
Playful elves on a festive plaid background with a rich red velvet bow for a fun North Pole-inspired look.

B – Blue Ornaments
Elegant blue ornaments, sparkling snowflakes, and a luxurious navy bow create a sophisticated winter entrance.

C – Santa's Helpers
Classic red plaid featuring Santa, elves, gingerbread cookies, and reindeer for timeless Christmas charm.

D – Whimsical Reindeer
Cheerful reindeer peek through a traditional green plaid with snowflakes and a velvet green bow.

E – Blue Plaid
A classic navy plaid paired with a soft blue velvet ribbon for a simple, elegant holiday style.

Product features
- Soft, felt-like 18"" x 30"" 100% polyester top for vivid color and quick drying
- Non-slip rubber grip backing keeps the mat firmly in place
- Durable synthetic weave that retains shape under light outdoor use
- Suitable for indoor entryways, porches, and light outdoor areas
- Lightweight, easy-to-clean and ideal for seasonal or promotional use

Care instructions
- Easy to clean - simply shake out or rinse with cold water and air dry

Made to order and quality-checked before it ships to you. Exact dimensions are listed above — if you're ever unsure about sizing or fit, message me before you order and I'll help you pick the right option. Some listing photos include AI-enhanced mockups to show the design clearly; your item is printed exactly as shown.",36.99,USD,14,"personalized_mat,custom_doormat,holiday_doormat,christmas_rug,welcome_mat,family_name_mat,front_porch_rug,christmas_porch,elf_decor,reindeer_decor,blue_plaid,snowflake_decor,housewarming","Polyester,Rubber",https://i.etsystatic.com/62608566/r/il/39cb22/8373269350/il_fullxfull.8373269350_2fz2.jpg,https://i.etsystatic.com/62608566/r/il/de82a1/8404067883/il_fullxfull.8404067883_nsze.jpg,https://i.etsystatic.com/62608566/r/il/a76cc0/8403936711/il_fullxfull.8403936711_8ekr.jpg,https://i.etsystatic.com/62608566/r/il/cf6a80/8403937031/il_fullxfull.8403937031_9tts.jpg,https://i.etsystatic.com/62608566/r/il/be4d5a/8356051348/il_fullxfull.8356051348_1v6m.jpg,https://i.etsystatic.com/62608566/r/il/220df6/8356051696/il_fullxfull.8356051696_flc7.jpg,https://i.etsystatic.com/62608566/r/il/a03a73/8356052074/il_fullxfull.8356052074_3eea.jpg,https://i.etsystatic.com/62608566/r/il/781a88/8430042645/il_fullxfull.8430042645_k6qg.jpg,,,Custom Property,Pattern,"A/Misch Elves,B/Blue Ornaments,C/Santa&#39;s Helpers,D/Whim Reindeer,E/Blue Plaid",,,,"E/Blue Plaid,C/Santas Helpers,B/Blue Ornaments,A/Misch Elves,D/Whim Reindeer"
"Custom Hanukkah Doormat, Personalized Family Welcome Rug, Blue Menorah Dreidel Design","Welcome family and friends with a personalized Hanukkah greeting. Celebrate the Festival of Lights with a custom Hanukkah doormat that adds warmth and festive charm to your front entry. Personalized with your family name or custom greeting, this unique welcome mat is available in two beautiful Hanukkah-inspired designs, making it the perfect finishing touch for your holiday décor. Whether you're decorating your own home or searching for a thoughtful Hanukkah gift, this custom doormat creates a welcoming entrance throughout the season. We will send you a proof for your approval before sending your order to production.

Pattern A – Classic Hanukkah: A cheerful blue and cream holiday pattern with iconic Hanukkah motifs and a custom family greeting, bringing a bright, festive feel to your entryway.

Pattern B – Festive Hanukkah: A timeless blue design featuring traditional Hanukkah symbols, elegant ribbon styling, and a personalized gift tag for a classic holiday look.

Made to order and quality-checked before it ships to you. Exact dimensions are listed above — if you're ever unsure about sizing or fit, message me before you order and I'll help you pick the right option. Some listing photos include AI-enhanced mockups to show the design clearly; your item is printed exactly as shown.",36.99,USD,6,"hanukkah_mat,custom_doormat,personalized_mat,family_welcome,jewish_holiday,front_door_mat,menorah_decor,dreidel_decor,hanukkah_gift,jewish_home,entryway_rug,holiday_porch,custom_welcome_mat","Polyester,Rubber",https://i.etsystatic.com/62608566/r/il/9e227b/8364112432/il_fullxfull.8364112432_kq1f.jpg,https://i.etsystatic.com/62608566/r/il/0ebced/8364046310/il_fullxfull.8364046310_niau.jpg,https://i.etsystatic.com/62608566/r/il/249e3e/8363984964/il_fullxfull.8363984964_f808.jpg,https://i.etsystatic.com/62608566/r/il/5a37a9/8363983656/il_fullxfull.8363983656_rofv.jpg,https://i.etsystatic.com/62608566/r/il/4a6b4d/8382173068/il_fullxfull.8382173068_gi3r.jpg,,,,,,Custom Property,Pattern,"Cream Doormat / 18&#39;&#39; × 30&#39;&#39;,Blue Doormat / 18&#39;&#39; × 30&#39;&#39;",,,,"15968180079778857535,90457873487172057169"
"Personalized Hanukkah Sherpa Fleece Blanket, Festival of Lights Gift, Blue Gold Designs","A personalized Hanukkah gift they'll treasure for years. Celebrate the Festival of Lights wrapped in warmth with a luxurious personalized Sherpa fleece blanket featuring a beautiful gift-wrap design and a custom gift tag. Personalize the tag with your family name, recipient, gift giver, or holiday greeting to create a meaningful keepsake they'll look forward to using every Hanukkah. Each blanket showcases a rich navy ribbon and bow across the front, creating the look of an elegantly wrapped holiday gift. Choose from two exclusive Hanukkah-inspired designs, each celebrating cherished Jewish traditions with timeless blue and gold accents. The plush Sherpa backing is incredibly soft and cozy, making this blanket perfect for relaxing on the couch, reading, watching movies, or gathering with family during the holidays. Two sizes: 50""x60"" and 60""x80"". We will send you a proof for your approval before sending your order to production.

Design A – Blue & Gold Menorah Garden: A beautiful cream background featuring elegant blue menorahs, Star of David motifs, and delicate floral accents accented by a luxurious navy velvet ribbon. This sophisticated design blends classic Hanukkah symbols with timeless elegance.

Design B – Midnight Hanukkah Icons: A rich navy background decorated with menorahs, dreidels, gelt, and Star of David symbols in shimmering gold and blue. Finished with a deep navy ribbon, this striking design offers a modern, festive Hanukkah look.

Featuring thick, high-quality fleece with vibrant, one-sided printing and neatly hemmed edges, it combines luxurious comfort with personalized style. The reverse side offers irresistibly fluffy sherpa texture that feels like a warm hug—perfect for any occasion.

.: Made with 100% polyester that's 1/8'' (3mm) thick for extra warmth and a feel that is supremely soft to the touch
.: Available in 2 sizes
.: All fleeces come with a one-sided print and a velvety, plush backside for extra coziness
.: Please note: This is a pre-constructed item. A size variance of +/- 3"" is possible

Made to order and quality-checked before it ships to you. Exact dimensions are listed above — if you're ever unsure about sizing or fit, message me before you order and I'll help you pick the right option. Some listing photos include AI-enhanced mockups to show the design clearly; your item is printed exactly as shown.",59.99,USD,12,"hanukkah_gift,hanukkah_blanket,sherpa_blanket,custom_blanket,fleece_throw,jewish_decor,family_blanket,menorah_gift,dreidel_gift,star_of_david,winter_blanket,custom_gift,personalized_gift",Polyester,https://i.etsystatic.com/62608566/r/il/31267d/8412308725/il_fullxfull.8412308725_8mz7.jpg,https://i.etsystatic.com/62608566/r/il/3db4f0/8382192910/il_fullxfull.8382192910_tpgj.jpg,https://i.etsystatic.com/62608566/r/il/93af8e/8412389183/il_fullxfull.8412389183_ikii.jpg,https://i.etsystatic.com/62608566/r/il/63bf77/8412334649/il_fullxfull.8412334649_3byl.jpg,https://i.etsystatic.com/62608566/r/il/c5218e/8364451658/il_fullxfull.8364451658_n9ri.jpg,https://i.etsystatic.com/62608566/r/il/c94fae/8382174496/il_fullxfull.8382174496_gl9t.jpg,,,,,Custom Property,Pattern/Size,"A/50x60,A60x80,B/50x60,B/60x80",,,,"A/50x60,B/60x80,B/50x60,A60x80"
"Personalized Sherpa Fleece Blanket, Custom Christmas Throw, Elf Reindeer Plaid Designs","Wrap someone special in the warmth of Christmas. Turn your holiday gift into something they'll treasure for years with this personalized Sherpa fleece blanket. Designed to look like a beautifully wrapped Christmas present, each blanket features a decorative bow, and a custom gift tag personalized with your own message. Choose from five exclusive holiday designs, each bringing its own festive personality while creating an incredibly soft and cozy blanket perfect for relaxing all winter long. Whether you're shopping for parents, grandparents, kids, friends, or your own family, this personalized blanket makes an unforgettable Christmas gift. Two sizes available: 50""x60"" and 60""x80"". We will send you a proof for your approval before sending your order to production.

A – Mischievous Elves: A playful red plaid filled with cheerful Christmas elves carrying gifts and holiday treats, finished with a rich red velvet bow.

B – Blue Ornaments: Elegant blue ornaments and sparkling snowflakes accented by a luxurious navy velvet ribbon for a sophisticated winter look.

C – Santa's Helpers: Classic red plaid featuring Santa, elves, gingerbread cookies, and reindeer with a festive red velvet bow.

D – Whimsical Reindeer: Friendly reindeer peeking through a traditional green plaid surrounded by snowflakes and finished with a deep green velvet ribbon.

E – Blue Plaid: A timeless navy plaid with a soft blue velvet ribbon, perfect for classic Christmas decorating.

Featuring thick, high-quality fleece with vibrant, one-sided printing and neatly hemmed edges, it combines luxurious comfort with personalized style. The reverse side offers irresistibly fluffy sherpa texture that feels like a warm hug—perfect for any occasion.

.: Made with 100% polyester that's 1/8'' (3mm) thick for extra warmth and a feel that is supremely soft to the touch
.: Available in 2 sizes
.: All fleeces come with a one-sided print and a velvety, plush backside for extra coziness
.: Please note: This is a pre-constructed item. A size variance of +/- 3"" is possible

Made to order and quality-checked before it ships to you. Exact dimensions are listed above — if you're ever unsure about sizing or fit, message me before you order and I'll help you pick the right option. Some listing photos include AI-enhanced mockups to show the design clearly; your item is printed exactly as shown.",59.99,USD,3,"sherpa_blanket,custom_blanket,fleece_throw,holiday_blanket,family_blanket,christmas_gift,cozy_throw,winter_blanket,elf_blanket,reindeer_gift,plaid_blanket,ornament_decor,personalized_gift",Polyester,https://i.etsystatic.com/62608566/r/il/16686d/8373219704/il_fullxfull.8373219704_sel7.jpg,https://i.etsystatic.com/62608566/r/il/583c57/8382186266/il_fullxfull.8382186266_bq2u.jpg,https://i.etsystatic.com/62608566/r/il/9ddd27/8412023109/il_fullxfull.8412023109_qogc.jpg,https://i.etsystatic.com/62608566/r/il/577103/8364318064/il_fullxfull.8364318064_5o4p.jpg,https://i.etsystatic.com/62608566/r/il/397622/8412187731/il_fullxfull.8412187731_4k1b.jpg,https://i.etsystatic.com/62608566/r/il/b580ce/8412197873/il_fullxfull.8412197873_rtti.jpg,https://i.etsystatic.com/62608566/r/il/7b2830/8412184291/il_fullxfull.8412184291_3o87.jpg,https://i.etsystatic.com/62608566/r/il/50cc7c/8364311924/il_fullxfull.8364311924_p1it.jpg,https://i.etsystatic.com/62608566/r/il/363053/8382176500/il_fullxfull.8382176500_9jyy.jpg,,Custom Property,Pattern/Size,"A/Elves/50x60,A/Elves/60x80,B/Ornaments/50x60,B/Ornaments/60x80,C/SHelper/50x60,C/SHelper/60x80,D/Reindeer/50x60,D/Reindeer/60x80,E/Plaid/50x60,E/Plaid/60x80",,,,"EPl6080,EPl5060,CSH6080,BOr5060,AEl5060,DRe6080,DRe5060,CSH5060,BOr6080,AEl6080"
"Personalized Christmas Tote Bag, Reusable Festive Bag, Festive Design, Custom Tag","Give the gift, then give them the bag too. 🎁 Skip the disposable wrapping paper and make your holiday gift extra special with a personalized Christmas tote bag designed to be used again and again. These festive reusable totes feature a beautiful wrapped-gift look on both sides with a decorative bow and a customizable gift tag. The tag can say whatever you choose, whether that's a family name, a personal message, ""Merry Christmas,"" or something completely unique to your recipient. With 5 festive holiday designs and 3 size options (13""x13"", 16""x16, 18""x18""), there's a tote for everything from smaller presents to bigger Christmas surprises. And here's the part shoppers will love: you'll receive a proof of your personalized gift tag for approval before production. No guessing what your finished tote will look like.

Design A: Mischievous Elves. Playful Christmas elves, rich red plaid, and a bold red bow create a fun and whimsical holiday look.

Design B: Blue Ornaments. A sophisticated navy design decorated with glowing ornaments, snowflakes, and a luxurious blue bow.

Design C: Red Plaid. Classic Christmas colors with holly, snowflakes and a festive red bow.

Design D: Whimsical Reindeer. A cozy green plaid design featuring cheerful reindeer, snowflakes, and a rich green bow.

Design E: Blue Plaid. A timeless blue plaid pattern paired with a soft blue bow for a classic winter holiday look.

Product features
- 100% polyester body — durable, shape-retaining, quick-drying medium-weight fabric
- Reinforced double stitching on handles for extra strength
- Boxed corners for added interior room and structure
- Non-woven laminate interior with cotton handles; available in three sizes 
- Seamless thread color and transparent hem stitching for a clean, finished look; size tolerance ±0.75"" (1.9 cm)

Made to order and quality-checked before it ships to you. Exact dimensions are listed above — if you're ever unsure about sizing or fit, message me before you order and I'll help you pick the right option. Some listing photos include AI-enhanced mockups to show the design clearly; your item is printed exactly as shown.",24.99,USD,3,"christmas_tote,holiday_tote,gift_bag,reusable_gift_bag,custom_tote,personalized_tote,gift_wrap_bag,christmas_gift,holiday_shopping,xmas_gift_bag,coworker_gift,stocking_stuffer,custom_gift",Polyester,https://i.etsystatic.com/62608566/r/il/824699/8373205206/il_fullxfull.8373205206_loza.jpg,https://i.etsystatic.com/62608566/r/il/84390a/8416474615/il_fullxfull.8416474615_gqz9.jpg,https://i.etsystatic.com/62608566/r/il/22abe5/8416506093/il_fullxfull.8416506093_8p0e.jpg,https://i.etsystatic.com/62608566/r/il/ea95bd/8368624564/il_fullxfull.8368624564_n2yn.jpg,https://i.etsystatic.com/62608566/r/il/8ebc28/8368626516/il_fullxfull.8368626516_5el7.jpg,https://i.etsystatic.com/62608566/r/il/bb6ee1/8416509253/il_fullxfull.8416509253_aw4q.jpg,https://i.etsystatic.com/62608566/r/il/f85b8c/8416509945/il_fullxfull.8416509945_kv1s.jpg,https://i.etsystatic.com/62608566/r/il/9dd847/8382054382/il_fullxfull.8382054382_3fkt.jpg,,,Custom Property,Pattern/Size,"A/Elves 13&quot;,A/Elves 16&quot;,A/Elves 18&quot;,B/Blue Ornament 13&quot;,B/Blue Ornament 16&quot;,B/Blue Ornament 18&quot;,C/Red Plaid 13&quot;,C/Red Plaid 16&quot;,C/Red Plaid 18&quot;,D/Reindeer 13&quot;,D/Reindeer 16&quot;,D/Reindeer 18&quot;,E/Blue Plaid 13&quot;,E/Blue Plaid 16&quot;,E/Blue Plaid 18&quot;",,,,"E/BluePlaid18,E/BluePlaid16,E/BluePlaid13,D/Reindeer16,C/RedPlaid18,C/RedPlaid16,C/RedPlaid13,B/BlueOrnament16,A/Elves18,D/Reindeer18,D/Reindeer13,B/BlueOrnament18,B/BlueOrnament13,A/Elves16,A/Elves13"
"Personalized Hanukkah Tote Bag, Reusable Jewish Holiday Accessory, Custom Tag","The gift bag becomes part of the gift. 💙 Make your Hanukkah gifting extra special with a personalized reusable tote bag designed to look like a beautifully wrapped present. Choose from two elegant Hanukkah designs, each featuring a festive ribbon and bow with a fully customizable gift tag, and the design is printed on both sides. Add the recipient's name, a personal message, family name, or whatever you'd like your gift tag to say. And unlike a traditional gift bag that's used once and tossed aside, this tote is reusable polyester fabric. Your recipient can use it again for future Hanukkah gifts, celebrations, shopping, errands, or everyday carrying. It's thoughtful gift wrap that keeps giving. We will send you a proof for your approval before sending your order to production.

Design A: Cream & Blue. An elegant cream background decorated with classic Hanukkah symbols, rich blue accents, and a beautiful blue ribbon and bow.

Design B: Midnight Blue. A rich navy background featuring festive Hanukkah motifs in blue and gold, finished with a luxurious blue ribbon and bow.

Product features
- 100% polyester body — durable, shape-retaining, quick-drying medium-weight fabric
- Reinforced double stitching on handles for extra strength
- Boxed corners for added interior room and structure
- Non-woven laminate interior with cotton handles; available in three sizes: 13""x13"", 16""x16"" and 18""x18""
- Seamless thread color and transparent hem stitching for a clean, finished look; size tolerance ±0.75"" (1.9 cm)

Made to order and quality-checked before it ships to you. Exact dimensions are listed above — if you're ever unsure about sizing or fit, message me before you order and I'll help you pick the right option. Some listing photos include AI-enhanced mockups to show the design clearly; your item is printed exactly as shown.",24.99,USD,3,"Hanukkah_tote,gift_bag,reusable_bag,Jewish_gift,custom_tote,personalized_tote,holiday_tote,Hanukkah_gift,gift_wrap_bag,holiday_gifting,Jewish_holiday,custom_gift,Festival_Lights",Polyester,https://i.etsystatic.com/62608566/r/il/2c0de5/8416682721/il_fullxfull.8416682721_23hq.jpg,https://i.etsystatic.com/62608566/r/il/e29784/8368765170/il_fullxfull.8368765170_r9li.jpg,https://i.etsystatic.com/62608566/r/il/cf6b20/8368790772/il_fullxfull.8368790772_6qju.jpg,https://i.etsystatic.com/62608566/r/il/7d5f2e/8368791218/il_fullxfull.8368791218_d8si.jpg,https://i.etsystatic.com/62608566/r/il/65b3b8/8382207674/il_fullxfull.8382207674_qubf.jpg,,,,,,Custom Property,Pattern/Size,"A/Cream 13x13,A/Cream 16x16,A/Cream 18x18,B/Blue 13x13,B/Blue 16x16,B/Blue 18x18",,,,"A/Cream18,A/Cream16,B/Blue18,B/Blue16,B/Blue13,A/Cream13"
"Personalized Hanukkah Tote Bag, Reusable Jewish Gift Wrap","The gift bag becomes part of the gift. 💙 Make your Hanukkah gifting extra special with a personalized reusable tote bag designed to look like a beautifully wrapped present. Choose from two elegant Hanukkah designs, each featuring a festive ribbon and bow with a fully customizable gift tag, and the design is printed on both sides. Add the recipient's name, a personal message, family name, or whatever you'd like your gift tag to say. And unlike a traditional gift bag that's used once and tossed aside, this tote is reusable polyester fabric. Your recipient can use it again for future Hanukkah gifts, celebrations, shopping, errands, or everyday carrying. It's thoughtful gift wrap that keeps giving. We will send you a proof for your approval before sending your order to production.

Design A: Cream & Blue. An elegant cream background decorated with classic Hanukkah symbols, rich blue accents, and a beautiful blue ribbon and bow.

Design B: Midnight Blue. A rich navy background featuring festive Hanukkah motifs in blue and gold, finished with a luxurious blue ribbon and bow.

Product features
- 100% polyester body — durable, shape-retaining, quick-drying medium-weight fabric
- Reinforced double stitching on handles for extra strength
- Boxed corners for added interior room and structure
- Non-woven laminate interior with cotton handles; available in three sizes: 13""x13"", 16""x16"" and 18""x18""
- Seamless thread color and transparent hem stitching for a clean, finished look; size tolerance ±0.75"" (1.9 cm)

Made to order and quality-checked before it ships to you. Exact dimensions are listed above — if you're ever unsure about sizing or fit, message me before you order and I'll help you pick the right option. Some listing photos include AI-enhanced mockups to show the design clearly; your item is printed exactly as shown.",24.99,USD,3,"Hanukkah_tote,gift_bag,reusable_bag,Jewish_gift,custom_tote,personalized_tote,holiday_tote,Hanukkah_gift,gift_wrap_bag,holiday_gifting,Jewish_holiday,custom_gift,Festival_Lights",Polyester,https://i.etsystatic.com/62608566/r/il/e29784/8368765170/il_fullxfull.8368765170_r9li.jpg,https://i.etsystatic.com/62608566/r/il/2c0de5/8416682721/il_fullxfull.8416682721_23hq.jpg,https://i.etsystatic.com/62608566/r/il/cf6b20/8368790772/il_fullxfull.8368790772_6qju.jpg,https://i.etsystatic.com/62608566/r/il/7d5f2e/8368791218/il_fullxfull.8368791218_d8si.jpg,https://i.etsystatic.com/62608566/r/il/c8323f/8382209084/il_fullxfull.8382209084_pl6o.jpg,,,,,,Custom Property,Pattern/Size,"A/Cream 13x13,A/Cream 16x16,A/Cream 18x18,B/Blue 13x13,B/Blue 16x16,B/Blue 18x18",,,,"B/Blue18,B/Blue13,A/Cream18,A/Cream16,B/Blue16,A/Cream13"
"Personalized Christmas Tote Bag, Reusable Gift Bag, Festive Design (3 Sizes)","Give the gift, then give them the bag too. 🎁 Skip the disposable wrapping paper and make your holiday gift extra special with a personalized Christmas tote bag designed to be used again and again. These festive reusable totes feature a beautiful wrapped-gift look on both sides with a decorative bow and a customizable gift tag. The tag can say whatever you choose, whether that's a family name, a personal message, ""Merry Christmas,"" or something completely unique to your recipient. With 5 festive holiday designs and 3 size options (13""x13"", 16""x16, 18""x18""), there's a tote for everything from smaller presents to bigger Christmas surprises. And here's the part shoppers will love: you'll receive a proof of your personalized gift tag for approval before production. No guessing what your finished tote will look like.

Design A: Mischievous Elves. Playful Christmas elves, rich red plaid, and a bold red bow create a fun and whimsical holiday look.

Design B: Blue Ornaments. A sophisticated navy design decorated with glowing ornaments, snowflakes, and a luxurious blue bow.

Design C: Red Plaid. Classic Christmas colors with holly, snowflakes and a festive red bow.

Design D: Whimsical Reindeer. A cozy green plaid design featuring cheerful reindeer, snowflakes, and a rich green bow.

Design E: Blue Plaid. A timeless blue plaid pattern paired with a soft blue bow for a classic winter holiday look.

Product features
- 100% polyester body — durable, shape-retaining, quick-drying medium-weight fabric
- Reinforced double stitching on handles for extra strength
- Boxed corners for added interior room and structure
- Non-woven laminate interior with cotton handles; available in three sizes 
- Seamless thread color and transparent hem stitching for a clean, finished look; size tolerance ±0.75"" (1.9 cm)

Made to order and quality-checked before it ships to you. Exact dimensions are listed above — if you're ever unsure about sizing or fit, message me before you order and I'll help you pick the right option. Some listing photos include AI-enhanced mockups to show the design clearly; your item is printed exactly as shown.",24.99,USD,3,"christmas_tote,holiday_tote,gift_bag,reusable_gift_bag,custom_tote,personalized_tote,gift_wrap_bag,christmas_gift,holiday_shopping,xmas_gift_bag,coworker_gift,stocking_stuffer,custom_gift",Polyester,https://i.etsystatic.com/62608566/r/il/84390a/8416474615/il_fullxfull.8416474615_gqz9.jpg,https://i.etsystatic.com/62608566/r/il/22abe5/8416506093/il_fullxfull.8416506093_8p0e.jpg,https://i.etsystatic.com/62608566/r/il/ea95bd/8368624564/il_fullxfull.8368624564_n2yn.jpg,https://i.etsystatic.com/62608566/r/il/8ebc28/8368626516/il_fullxfull.8368626516_5el7.jpg,https://i.etsystatic.com/62608566/r/il/bb6ee1/8416509253/il_fullxfull.8416509253_aw4q.jpg,https://i.etsystatic.com/62608566/r/il/f85b8c/8416509945/il_fullxfull.8416509945_kv1s.jpg,https://i.etsystatic.com/62608566/r/il/516d21/8382210270/il_fullxfull.8382210270_cbs9.jpg,,,,Custom Property,Pattern/Size,"A/Elves 13&quot;,A/Elves 16&quot;,A/Elves 18&quot;,B/Blue Ornament 13&quot;,B/Blue Ornament 16&quot;,B/Blue Ornament 18&quot;,C/Red Plaid 13&quot;,C/Red Plaid 16&quot;,C/Red Plaid 18&quot;,D/Reindeer 13&quot;,D/Reindeer 16&quot;,D/Reindeer 18&quot;,E/Blue Plaid 13&quot;,E/Blue Plaid 16&quot;,E/Blue Plaid 18&quot;",,,,"C/RedPlaid16,A/Elves18,A/Elves16,A/Elves13,E/BluePlaid18,E/BluePlaid16,E/BluePlaid13,D/Reindeer18,D/Reindeer16,D/Reindeer13,C/RedPlaid18,C/RedPlaid13,B/BlueOrnament18,B/BlueOrnament16,B/BlueOrnament13"
"Personalized Thanksgiving Harvest Table Runner, Custom Family Fall Decor","Welcome family and friends with a personalized Thanksgiving table they'll remember. Celebrate the season of gratitude with this personalized Thanksgiving table runner, ""Grateful Hearts Gather"" and beautifully customized with your family name or first name(s). Designed to become the centerpiece of your holiday table, this runner brings warmth, charm, and a personal touch to Thanksgiving dinner, Friendsgiving celebrations, and all your autumn gatherings. Available in two sizes: 16""x72"" or 16""x90"", it's perfect for dining tables, buffet tables, kitchen islands, and dessert stations. Complete your tablescape with optional matching cloth napkins, available in sets of 4, for a coordinated holiday look your guests will love. Whether you're serving a traditional Thanksgiving feast or hosting a cozy fall dinner, this personalized runner creates a welcoming atmosphere that can be enjoyed year after year. Text in the center is fully customizable. Try ""Giving Thanks Together"" followed by your family name (or anything else that will fit!). We will send you a proof of your design for your approval.


Available in 16"" x 72"" or 16"" x 90""
Optional coordinating set of 4 or 8 matching napkins
Durable polyester fabric
Soft, lightweight, and easy to care for

Made to order and quality-checked before it ships to you. Exact dimensions are listed above — if you're ever unsure about sizing or fit, message me before you order and I'll help you pick the right option. Some listing photos include AI-enhanced mockups to show the design clearly; your item is printed exactly as shown.",42.99,USD,3,"thanksgiving,table_runner,fall_decor,custom_runner,harvest_decor,family_table,autumn_table,friendsgiving,custom_decor,harvest_table,holiday_decor,fall_gift,personalized_gift",Polyester,https://i.etsystatic.com/62608566/r/il/2d40b7/8374293650/il_fullxfull.8374293650_3nkv.jpg,https://i.etsystatic.com/62608566/r/il/063e36/8422187153/il_fullxfull.8422187153_onh8.jpg,https://i.etsystatic.com/62608566/r/il/7948ef/8374305210/il_fullxfull.8374305210_q55w.jpg,https://i.etsystatic.com/62608566/r/il/9ecd17/8374297244/il_fullxfull.8374297244_4mc6.jpg,https://i.etsystatic.com/62608566/r/il/7eb079/8368388118/il_fullxfull.8368388118_fls6.jpg,https://i.etsystatic.com/62608566/r/il/41da13/8368446058/il_fullxfull.8368446058_qk5a.jpg,https://i.etsystatic.com/62608566/r/il/b11e58/8430083297/il_fullxfull.8430083297_daa5.jpg,,,,Custom Property,Size/Optional Napkins,"72&quot; Runner Only,90&quot; Runner Only,72&quot;Rnr + 4 Napkins,72&quot;Rnr + 8 Napkins,90&quot;Rnr + 4 Napkins,90&quot;Rnr + 8 Napkins",,,,"90TGRN4NAP,72TGRN8NAP,90TGRN8NAP,72TGRN4NAP,90TGRN,72TGRN"
"Halloween Table Runner, Ghost Vampire Mummy Fall Decor, Personalized Autumn Centerpiece","Add a spooky touch to your Halloween table with a personalized keepsake! Create a festive tablescape with this personalized Halloween table runner, featuring adorable ghost, vampire, and mummy characters framed by rich autumn foliage and playful flying bats. Centered text reads ""Happy Haunting!"" followed by your family name or first names to create a one-of-a-kind decoration you'll look forward to displaying every Halloween. Available in two sizes, this runner makes a charming centerpiece for dining tables, buffet tables, kitchen islands, and Halloween party displays. Complete the look with optional matching cloth napkins featuring coordinating Halloween artwork. Whether you're hosting a spooky dinner party, welcoming trick-or-treaters, or decorating for the season, this runner brings warmth, personality, and Halloween fun to your home. We will send you a proof for your approval before sending your order to production.

Available in 16"" x 72"" or 16"" x 90""
Optional coordinating set of 4 or 8 matching napkins
Vibrant full-color Halloween artwork
Features adorable ghost, vampire, and mummy characters
Autumn leaf border with playful bat accents
Durable polyester fabric
Soft, lightweight, and easy to care for

Made to order and quality-checked before it ships to you. Exact dimensions are listed above — if you're ever unsure about sizing or fit, message me before you order and I'll help you pick the right option. Some listing photos include AI-enhanced mockups to show the design clearly; your item is printed exactly as shown..",42.99,USD,18,"halloween_runner,table_runner,custom_runner,spooky_decor,fall_centerpiece,ghost_decor,vampire_decor,mummy_decor,autumn_table,halloween_party,custom_decor,fall_dining,halloween_gift",Polyester,https://i.etsystatic.com/62608566/r/il/4066cb/8422074181/il_fullxfull.8422074181_mp0b.jpg,https://i.etsystatic.com/62608566/r/il/fd0f21/8365657482/il_fullxfull.8365657482_k3li.jpg,https://i.etsystatic.com/62608566/r/il/8302f0/8412757257/il_fullxfull.8412757257_7gqh.jpg,https://i.etsystatic.com/62608566/r/il/710225/8365160720/il_fullxfull.8365160720_sa1m.jpg,https://i.etsystatic.com/62608566/r/il/38a68d/8382213362/il_fullxfull.8382213362_o2cg.jpg,,,,,,Custom Property,Size/Optional Napkins,"72&quot; Runner Only,90&quot; Runner Only,72&quot; Rnr + 4 Napkins,72&quot; Rnr + 8 Napkins,90&quot; Rnr + 4 Napkins,90&quot; Rnr + 8 Napkins",,,,"90RN8,72RN8,90Runner,72Runner,90RN4,72RN4"
"Personalized Hanukkah Sherpa Fleece Blanket, Festival of Lights Throw, Two Designs","A personalized Hanukkah gift they'll treasure for years. Celebrate the Festival of Lights wrapped in warmth with a luxurious personalized Sherpa fleece blanket featuring a beautiful gift-wrap design and a custom gift tag. Personalize the tag with your family name, recipient, gift giver, or holiday greeting to create a meaningful keepsake they'll look forward to using every Hanukkah. Each blanket showcases a rich navy ribbon and bow across the front, creating the look of an elegantly wrapped holiday gift. Choose from two exclusive Hanukkah-inspired designs, each celebrating cherished Jewish traditions with timeless blue and gold accents. The plush Sherpa backing is incredibly soft and cozy, making this blanket perfect for relaxing on the couch, reading, watching movies, or gathering with family during the holidays. Two sizes: 50""x60"" and 60""x80"". We will send you a proof for your approval before sending your order to production.

Design A – Blue & Gold Menorah Garden: A beautiful cream background featuring elegant blue menorahs, Star of David motifs, and delicate floral accents accented by a luxurious navy velvet ribbon. This sophisticated design blends classic Hanukkah symbols with timeless elegance.

Design B – Midnight Hanukkah Icons: A rich navy background decorated with menorahs, dreidels, gelt, and Star of David symbols in shimmering gold and blue. Finished with a deep navy ribbon, this striking design offers a modern, festive Hanukkah look.

Featuring thick, high-quality fleece with vibrant, one-sided printing and neatly hemmed edges, it combines luxurious comfort with personalized style. The reverse side offers irresistibly fluffy sherpa texture that feels like a warm hug—perfect for any occasion.

.: Made with 100% polyester that's 1/8'' (3mm) thick for extra warmth and a feel that is supremely soft to the touch
.: Available in 2 sizes
.: All fleeces come with a one-sided print and a velvety, plush backside for extra coziness
.: Please note: This is a pre-constructed item. A size variance of +/- 3"" is possible

Made to order and quality-checked before it ships to you. Exact dimensions are listed above — if you're ever unsure about sizing or fit, message me before you order and I'll help you pick the right option. Some listing photos include AI-enhanced mockups to show the design clearly; your item is printed exactly as shown..",59.99,USD,12,"hanukkah_gift,hanukkah_blanket,sherpa_blanket,custom_blanket,fleece_throw,jewish_decor,family_blanket,menorah_gift,dreidel_gift,star_of_david,winter_blanket,custom_gift,personalized_gift",Polyester,https://i.etsystatic.com/62608566/r/il/93af8e/8412389183/il_fullxfull.8412389183_ikii.jpg,https://i.etsystatic.com/62608566/r/il/31267d/8412308725/il_fullxfull.8412308725_8mz7.jpg,https://i.etsystatic.com/62608566/r/il/1bddb1/8430087675/il_fullxfull.8430087675_5f38.jpg,https://i.etsystatic.com/62608566/r/il/63bf77/8412334649/il_fullxfull.8412334649_3byl.jpg,https://i.etsystatic.com/62608566/r/il/c5218e/8364451658/il_fullxfull.8364451658_n9ri.jpg,https://i.etsystatic.com/62608566/r/il/107a46/8430086897/il_fullxfull.8430086897_jbcb.jpg,,,,,Custom Property,Pattern/Size,"A/50x60,A60x80,B/50x60,B/60x80",,,,"A/50x60,B/60x80,B/50x60,A60x80"
"Personalized Sherpa Fleece Blanket, Custom Christmas Throw, Elf Reindeer Plaid Designs","Wrap someone special in the warmth of Christmas. Turn your holiday gift into something they'll treasure for years with this personalized Sherpa fleece blanket. Designed to look like a beautifully wrapped Christmas present, each blanket features a decorative bow, and a custom gift tag personalized with your own message. Choose from five exclusive holiday designs, each bringing its own festive personality while creating an incredibly soft and cozy blanket perfect for relaxing all winter long. Whether you're shopping for parents, grandparents, kids, friends, or your own family, this personalized blanket makes an unforgettable Christmas gift. Two sizes available: 50""x60"" and 60""x80"". We will send you a proof for your approval before sending your order to production.

A – Mischievous Elves: A playful red plaid filled with cheerful Christmas elves carrying gifts and holiday treats, finished with a rich red velvet bow.

B – Blue Ornaments: Elegant blue ornaments and sparkling snowflakes accented by a luxurious navy velvet ribbon for a sophisticated winter look.

C – Santa's Helpers: Classic red plaid featuring Santa, elves, gingerbread cookies, and reindeer with a festive red velvet bow.

D – Whimsical Reindeer: Friendly reindeer peeking through a traditional green plaid surrounded by snowflakes and finished with a deep green velvet ribbon.

E – Blue Plaid: A timeless navy plaid with a soft blue velvet ribbon, perfect for classic Christmas decorating.

Featuring thick, high-quality fleece with vibrant, one-sided printing and neatly hemmed edges, it combines luxurious comfort with personalized style. The reverse side offers irresistibly fluffy sherpa texture that feels like a warm hug—perfect for any occasion.

.: Made with 100% polyester that's 1/8'' (3mm) thick for extra warmth and a feel that is supremely soft to the touch
.: Available in 2 sizes
.: All fleeces come with a one-sided print and a velvety, plush backside for extra coziness
.: Please note: This is a pre-constructed item. A size variance of +/- 3"" is possible

Made to order and quality-checked before it ships to you. Exact dimensions are listed above — if you're ever unsure about sizing or fit, message me before you order and I'll help you pick the right option. Some listing photos include AI-enhanced mockups to show the design clearly; your item is printed exactly as shown..",59.99,USD,3,"sherpa_blanket,custom_blanket,fleece_throw,holiday_blanket,family_blanket,christmas_gift,cozy_throw,winter_blanket,elf_blanket,reindeer_gift,plaid_blanket,ornament_decor,personalized_gift",Polyester,https://i.etsystatic.com/62608566/r/il/9ddd27/8412023109/il_fullxfull.8412023109_qogc.jpg,https://i.etsystatic.com/62608566/r/il/230b8a/8430067499/il_fullxfull.8430067499_1e8t.jpg,https://i.etsystatic.com/62608566/r/il/577103/8364318064/il_fullxfull.8364318064_5o4p.jpg,https://i.etsystatic.com/62608566/r/il/397622/8412187731/il_fullxfull.8412187731_4k1b.jpg,https://i.etsystatic.com/62608566/r/il/b580ce/8412197873/il_fullxfull.8412197873_rtti.jpg,https://i.etsystatic.com/62608566/r/il/7b2830/8412184291/il_fullxfull.8412184291_3o87.jpg,https://i.etsystatic.com/62608566/r/il/50cc7c/8364311924/il_fullxfull.8364311924_p1it.jpg,https://i.etsystatic.com/62608566/r/il/16686d/8373219704/il_fullxfull.8373219704_sel7.jpg,https://i.etsystatic.com/62608566/r/il/dc6980/8382196122/il_fullxfull.8382196122_i5ll.jpg,,Custom Property,Pattern/Size,"A/Elves/50x60,A/Elves/60x80,B/Ornaments/50x60,B/Ornaments/60x80,C/SHelper/50x60,C/SHelper/60x80,D/Reindeer/50x60,D/Reindeer/60x80,E/Plaid/50x60,E/Plaid/60x80",,,,"EPl5060,DRe5060,BOr5060,AEl6080,EPl6080,DRe6080,CSH6080,CSH5060,BOr6080,AEl5060"
"Custom Hanukkah Doormat, Personalized Jewish Holiday Welcome Rug, Menorah Dreidel Design","Welcome family and friends with a personalized Hanukkah greeting. Celebrate the Festival of Lights with a custom Hanukkah doormat that adds warmth and festive charm to your front entry. Personalized with your family name or custom greeting, this unique welcome mat is available in two beautiful Hanukkah-inspired designs, making it the perfect finishing touch for your holiday décor. Whether you're decorating your own home or searching for a thoughtful Hanukkah gift, this custom doormat creates a welcoming entrance throughout the season.  We will send you a proof for your approval before sending your order to production.

Pattern A – Classic Hanukkah: A cheerful blue and cream holiday pattern with iconic Hanukkah motifs and a custom family greeting, bringing a bright, festive feel to your entryway.

Pattern B – Festive Hanukkah: A timeless blue design featuring traditional Hanukkah symbols, elegant ribbon styling, and a personalized gift tag for a classic holiday look.

Made to order and quality-checked before it ships to you. Exact dimensions are listed above — if you're ever unsure about sizing or fit, message me before you order and I'll help you pick the right option. Some listing photos include AI-enhanced mockups to show the design clearly; your item is printed exactly as shown..",36.99,USD,6,"hanukkah_mat,custom_doormat,personalized_mat,family_welcome,jewish_holiday,front_door_mat,menorah_decor,dreidel_decor,hanukkah_gift,jewish_home,entryway_rug,holiday_porch,custom_welcome_mat","Polyester,Rubber",https://i.etsystatic.com/62608566/r/il/0ebced/8364046310/il_fullxfull.8364046310_niau.jpg,https://i.etsystatic.com/62608566/r/il/9e227b/8364112432/il_fullxfull.8364112432_kq1f.jpg,https://i.etsystatic.com/62608566/r/il/249e3e/8363984964/il_fullxfull.8363984964_f808.jpg,https://i.etsystatic.com/62608566/r/il/5a37a9/8363983656/il_fullxfull.8363983656_rofv.jpg,https://i.etsystatic.com/62608566/r/il/ef6455/8382219628/il_fullxfull.8382219628_e07f.jpg,,,,,,Custom Property,Pattern,"Cream Doormat / 18&#39;&#39; × 30&#39;&#39;,Blue Doormat / 18&#39;&#39; × 30&#39;&#39;",,,,"90457873487172057169,15968180079778857535"
"Personalized Christmas Doormat, Custom Family Welcome Mat, Holiday Designs","Welcome guests with a Christmas gift they won't forget. Turn your front porch into a festive holiday welcome with a personalized 18"" x 30"" Christmas doormat featuring your family name or custom greeting. Choose from five unique gift-inspired designs, each finished with a beautiful ribbon and gift tag for a warm, welcoming entrance all season long. Whether you're decorating your own home or searching for a thoughtful Christmas gift, this custom doormat adds personality and holiday cheer to every doorstep. We will send you a proof for your approval before sending your order to production.

Available Designs

A – Mischievous Elves
Playful elves on a festive plaid background with a rich red velvet bow for a fun North Pole-inspired look.

B – Blue Ornaments
Elegant blue ornaments, sparkling snowflakes, and a luxurious navy bow create a sophisticated winter entrance.

C – Santa's Helpers
Classic red plaid featuring Santa, elves, gingerbread cookies, and reindeer for timeless Christmas charm.

D – Whimsical Reindeer
Cheerful reindeer peek through a traditional green plaid with snowflakes and a velvet green bow.

E – Blue Plaid
A classic navy plaid paired with a soft blue velvet ribbon for a simple, elegant holiday style.

Product features
- Soft, felt-like 18"" x 30"" 100% polyester top for vivid color and quick drying
- Non-slip rubber grip backing keeps the mat firmly in place
- Durable synthetic weave that retains shape under light outdoor use
- Suitable for indoor entryways, porches, and light outdoor areas
- Lightweight, easy-to-clean and ideal for seasonal or promotional use

Care instructions
- Easy to clean - simply shake out or rinse with cold water and air dry

Made to order and quality-checked before it ships to you. Exact dimensions are listed above — if you're ever unsure about sizing or fit, message me before you order and I'll help you pick the right option. Some listing photos include AI-enhanced mockups to show the design clearly; your item is printed exactly as shown..",36.99,USD,14,"personalized_mat,custom_doormat,holiday_doormat,christmas_rug,welcome_mat,family_name_mat,front_porch_rug,christmas_porch,elf_decor,reindeer_decor,blue_plaid,snowflake_decor,housewarming","Polyester,Rubber",https://i.etsystatic.com/62608566/r/il/de82a1/8404067883/il_fullxfull.8404067883_nsze.jpg,https://i.etsystatic.com/62608566/r/il/a76cc0/8403936711/il_fullxfull.8403936711_8ekr.jpg,https://i.etsystatic.com/62608566/r/il/cf6a80/8403937031/il_fullxfull.8403937031_9tts.jpg,https://i.etsystatic.com/62608566/r/il/be4d5a/8356051348/il_fullxfull.8356051348_1v6m.jpg,https://i.etsystatic.com/62608566/r/il/220df6/8356051696/il_fullxfull.8356051696_flc7.jpg,https://i.etsystatic.com/62608566/r/il/a03a73/8356052074/il_fullxfull.8356052074_3eea.jpg,https://i.etsystatic.com/62608566/r/il/a2ef29/8430093477/il_fullxfull.8430093477_ki6u.jpg,,,,Custom Property,Pattern,"A/Misch Elves,B/Blue Ornaments,C/Santa&#39;s Helpers,D/Whim Reindeer,E/Blue Plaid",,,,"E/Blue Plaid,D/Whim Reindeer,C/Santas Helpers,B/Blue Ornaments,A/Misch Elves"
"Personalized Christmas Table Runner, Family Name Holiday Decor, 4 Festive Designs","Create a holiday table that's uniquely yours with a personalized Christmas table runner featuring your family name and holiday greeting. Available in four festive designs, each runner is custom-made to celebrate your family's traditions while adding warmth and elegance to your Christmas décor. Complete the look by adding an optional coordinating set of 4 or 8 matching napkins. Whether you're hosting Christmas dinner, a holiday brunch, or a cozy family gathering, this coordinated set makes your table feel beautifully finished. We will send you a proof for your approval before sending your order to production.

Choose your favorite style:

Design A – Vintage Holly. A timeless Christmas design featuring classic holly leaves, pine sprigs, and berries accented with a luxurious red ribbon and personalized gift tag. Perfect for traditional holiday décor.

Design B – Classic Plaid. Celebrate the season with a festive red and green tartan plaid pattern, finished with a rich red ribbon and personalized family name. A cozy, cabin-inspired look for holiday gatherings.

Design C – Winter Snowflakes. Elegant blue and silver snowflakes paired with a royal blue ribbon create a sophisticated winter tablescape. Personalized with your family name for a beautiful seasonal touch.

Design D – Candy Cane. Bright red and white candy cane stripes with a sparkling green ribbon bring cheerful holiday charm to your table. Personalized to create a fun and festive centerpiece for Christmas celebrations.

Options
Table Runner Only
Table Runner + Set of 4 Matching Napkins
Table Runner + Set of 8 Matching Napkins

Table Runner Features
Sizes: 16"" x 72"" or 16"" x 90""
Premium polyester fabric
Vibrant full-color printing
Finished edges
Lightweight and durable
Personalized with your family name and holiday greeting

Napkin Features
Available in Sets of 4 or 8
18"" x 18""
Premium polyester
Coordinating design
Machine washable

Made to order and quality-checked before it ships to you. Exact dimensions are listed above — if you're ever unsure about sizing or fit, message me before you order and I'll help you pick the right option. Some listing photos include AI-enhanced mockups to show the design clearly; your item is printed exactly as shown..",42.99,USD,72,"Personalized_Runner,Christmas_Runner,Table_Runner,Family_Name_Decor,Holiday_Decor,Custom_Runner,Holiday_Table,Xmas_Decor,Table_Linens,Matching_Napkins,Christmas_Gift,Family_Tradition,cloth_table_runner",Fabric,https://i.etsystatic.com/62608566/r/il/f9f865/8370666064/il_fullxfull.8370666064_kui1.jpg,https://i.etsystatic.com/62608566/r/il/f5753c/8352619138/il_fullxfull.8352619138_a0u6.jpg,https://i.etsystatic.com/62608566/r/il/1c8a93/8400592783/il_fullxfull.8400592783_m5kc.jpg,https://i.etsystatic.com/62608566/r/il/5b2db8/8352736570/il_fullxfull.8352736570_91ev.jpg,https://i.etsystatic.com/62608566/r/il/7a8df3/8400638105/il_fullxfull.8400638105_aogb.jpg,https://i.etsystatic.com/62608566/r/il/65ed82/8382222642/il_fullxfull.8382222642_72yb.jpg,,,,,Custom Property,Pattern/Length,"A/Holly/72&quot; Runner,A/Holly/90&quot; Runner,A/HY/72&quot; + 4 Napkins,A/HY/72&quot; + 8 Napkins,A/HY/90&quot; + 4 Napkins,A/HY/90&quot; + 8 Napkins,B/Plaid/72&quot; Runner,B/Plaid/90&quot; Runner,B/PD/72&quot; + 4 Napkins,B/PD/72&quot; + 8 Napkins,B/PD/90&quot; + 4 Napkins,B/PD/90&quot; + 8 Napkins,C/Sflake/72&quot; Runner,C/Sflake/90&quot; Runner,C/SF/72&quot; + 4 Napkins,C/SF/72&quot; + 8 Napkins,C/SF/90&quot; + 4 Napkins,C/SF/90&quot; + 8 Napkins,D/CCane/72&quot; Runner,D/CCane/90&quot; Runner,D/CC/72&quot; + 4 Napkins,D/CC/72&quot; + 8 Napkins,D/CC/90&quot; + 4 Napkins,D/CC/90&quot; + 8 Napkins",,,,"DCC904Nap,DCC728Nap,CSF908Nap,CSF728Nap,CSF724Nap,CSF90,BPD90PL8Nap,BPD904Nap,BPD728Nap,BPD90,AHY728Nap,AHY724Nap,AHOLLY90,AHOLLY72,DCC908Nap,DCC724Nap,DCC90,DCC72,CSF904Nap,CSF72,BPD724Nap,BPD72,AHY908Nap,AHY904Nap"
"Personalized Hanukkah Table Runner, Custom Jewish Holiday Decor, Matching Napkins","Create a beautiful Hanukkah table that becomes the heart of your celebration with this personalized Hanukkah table runner. Available in three elegant blue designs, each runner is customized with your family name and greeting, making it a meaningful keepsake you'll enjoy year after year.  Complete your holiday table by adding an optional coordinating set of four or eight matching cloth napkins. Whether you're hosting the first night or all eight nights of Hanukkah, this coordinated set creates a warm and welcoming tablescape for family and friends. We will send you a proof for your approval before sending your order to production.

Choose your favorite style:
Design A: Navy blue with silver ribbon and Star of David accents
Design B: Light blue watercolor with Stars of David and dreidels
Design C: White and blue with menorahs, dreidels, and elegant navy ribbon

Options
Table Runner Only
Table Runner + Set of 4 Matching Napkins
Table Runner + Set of 8 Matching Napkins

Table Runner Features
Sizes: 16"" x 72"" or 16"" x 90""
Premium polyester fabric
Vibrant full-color printing
Finished edges
Lightweight and durable
Personalized with your family name and holiday greeting

Napkin Features
Available in Sets of 4 or 8
18"" x 18""
Premium polyester
Coordinating design
Machine washable

Made to order and quality-checked before it ships to you. Exact dimensions are listed above — if you're ever unsure about sizing or fit, message me before you order and I'll help you pick the right option. Some listing photos include AI-enhanced mockups to show the design clearly; your item is printed exactly as shown..",42.99,USD,3,"Hanukkah_Runner,Table_Runner,Jewish_Decor,Holiday_Decor,Custom_Runner,Hanukkah_Gift,Family_Decor,Dinner_Decor,Table_Linens,Festival_Lights,Jewish_Holiday,Matching_Napkins,cloth_table_runner",Polyester,https://i.etsystatic.com/62608566/r/il/1e6b83/8352877722/il_fullxfull.8352877722_4jn1.jpg,https://i.etsystatic.com/62608566/r/il/3ac2cc/8395799681/il_fullxfull.8395799681_8588.jpg,https://i.etsystatic.com/62608566/r/il/0d2791/8348290960/il_fullxfull.8348290960_hnm4.jpg,https://i.etsystatic.com/62608566/r/il/e851d1/8395819795/il_fullxfull.8395819795_2q1s.jpg,https://i.etsystatic.com/62608566/r/il/d88ee2/8395828581/il_fullxfull.8395828581_gsrt.jpg,https://i.etsystatic.com/62608566/r/il/ec8646/8348223368/il_fullxfull.8348223368_4mzn.jpg,https://i.etsystatic.com/62608566/r/il/465c8e/8347984782/il_fullxfull.8347984782_9ikz.jpg,https://i.etsystatic.com/62608566/r/il/ccf92b/8395875907/il_fullxfull.8395875907_7ktc.jpg,https://i.etsystatic.com/62608566/r/il/8f1bd3/8395873637/il_fullxfull.8395873637_3oy8.jpg,https://i.etsystatic.com/62608566/r/il/47781f/8348095784/il_fullxfull.8348095784_mrwn.jpg,Custom Property,Pattern/Length,"A/Dark Blue/72&quot;,A/Dark Blue/90&quot;,A/72&quot;/+4 napkins,A/72&quot;/+8 napkins,A/90&quot;/+ 4 napkins,A/90&quot;/+ 8 napkins,B/Light Blue/72&quot;,B/Light Blue/90&quot;,B/72&quot;/+4 napkins,B/72&quot;/+8 napkins,B/90&quot;/+ 4 napkins,B/90&quot;/+ 8 napkins,C/White/72&quot;,C/White/90&quot;,C/72&quot;/+4 napkins,C/72&quot;/+8 napkins,C/90&quot;/+ 4 napkins,C/90&quot;/+ 8 napkins",,,,"ADRKBLUE908,ADRKBLUE904,ADRKBLUE728,ADRKBLUE90,ADRKBLUE72,CWHITE904,CWHITE728,CWHITE724,BLGHTBLUE908,BLGHTBLUE90,BLGHTBLUE72,ADRKBLUE724,CWHITE908,CWHITE90,CWHITE72,BLGHTBLUE904,BLGHTBLUE728,BLGHTBLUE724"
"Personalized Ceramic Christmas Ornament, Woodland Animals Family Keepsake (2026)","Celebrate the magic of the holidays with a personalized ornament your family will treasure for years to come. Featuring adorable woodland animals dressed in festive Santa hats gathered around a holiday feast, this ceramic ornament is customized with your family name or two first names, along with the year, creating a beautiful keepsake that celebrates love, family, and holiday traditions. Choose between a classic Round ornament or a festive Star ornament to perfectly match your Christmas décor. Planning to decorate multiple trees or give gifts to family? Save with our discounted multipack options. We will send you a proof for your approval before sending your order to production.

Product features
- 100% durable ceramic with glossy full-color finish
- Same vivid design printed on both sides
- Includes gold hanging string for easy display
- Available in single pieces or bundles of 3, 5, or 10

Care instructions
- Wipe the dust off gently with a soft, dry cloth.

Made to order and quality-checked before it ships to you. Exact dimensions are listed above — if you're ever unsure about sizing or fit, message me before you order and I'll help you pick the right option. Some listing photos include AI-enhanced mockups to show the design clearly; your item is printed exactly as shown..",16.99,USD,3,"personalized_gift,family_ornament,couple_ornament,custom_ornament,ceramic_decor,Christmas_gift,holiday_decor,tree_ornament,2026_ornament,newlywed_gift,family_keepsake,custom_names,Stocking_stuffer",Ceramic,https://i.etsystatic.com/62608566/r/il/0bfdc8/8377718243/il_fullxfull.8377718243_cp89.jpg,https://i.etsystatic.com/62608566/r/il/21f4fd/8377686183/il_fullxfull.8377686183_al1o.jpg,https://i.etsystatic.com/62608566/r/il/75c4be/8377688139/il_fullxfull.8377688139_g0g7.jpg,https://i.etsystatic.com/62608566/r/il/a04fb4/8329804696/il_fullxfull.8329804696_b1k4.jpg,https://i.etsystatic.com/62608566/r/il/ee7026/8430096477/il_fullxfull.8430096477_vk1y.jpg,,,,,,Custom Property,Shapes,"Circle,Star",Custom Property,Quantity,"1 pc,3 pcs,5 pcs,10 pcs","23919862387933220186,80714801331064998398,14624030396179951520,25018150901023898367,57965336667523164324,19566370950282357607,31592044866279400103,14128237944517927683"
"Personalized First Christmas Together Ornament, Woodland Animals, 2026 Keepsake (Round or Star)","Celebrate your very first Christmas together with a keepsake you'll treasure for years to come. This personalized ceramic ornament features adorable woodland animals dressed in Santa hats gathered around a festive holiday feast, symbolizing warmth, love, and togetherness. Customized with your names and the year, it's the perfect way to remember this special milestone and create a tradition you'll look forward to every Christmas. Available in your choice of Round or Star shape and offered in discounted multipacks, these ornaments are perfect for decorating multiple trees or gifting to family and friends. We will send you a proof for your approval before sending your order to production.

Product features
- 100% durable ceramic with glossy full-color finish
- Same vivid design printed on both sides
- Includes gold hanging string for easy display
- Available in single pieces or bundles of 3, 5, or 10

Care instructions
- Wipe the dust off gently with a soft, dry cloth.

Made to order and quality-checked before it ships to you. Exact dimensions are listed above — if you're ever unsure about sizing or fit, message me before you order and I'll help you pick the right option. Some listing photos include AI-enhanced mockups to show the design clearly; your item is printed exactly as shown..",16.99,USD,3,"first_Christmas,couple_ornament,personalized_gift,ceramic_ornament,newlywed_gift,engaged_couple,custom_names,wedding_keepsake,holiday_decor,Christmas_tree,2026_ornament,round_star_ornament,Stocking_Stuffer",Ceramic,https://i.etsystatic.com/62608566/r/il/3d256d/8377574385/il_fullxfull.8377574385_sww2.jpg,https://i.etsystatic.com/62608566/r/il/a19c4e/8377616561/il_fullxfull.8377616561_14b3.jpg,https://i.etsystatic.com/62608566/r/il/c3c58e/8377570569/il_fullxfull.8377570569_hqpr.jpg,https://i.etsystatic.com/62608566/r/il/205775/8377572157/il_fullxfull.8377572157_66ne.jpg,https://i.etsystatic.com/62608566/r/il/b1ddb6/8377569855/il_fullxfull.8377569855_9tng.jpg,https://i.etsystatic.com/62608566/r/il/10cd6f/8377571527/il_fullxfull.8377571527_m3g1.jpg,https://i.etsystatic.com/62608566/r/il/86eee0/8382225798/il_fullxfull.8382225798_ah8y.jpg,,,,Custom Property,Shapes,"Circle,Star",Custom Property,Quantity,"1 pc,3 pcs,5 pcs,10 pcs","24515852218088840807,94849962904209856771,33852896488082746624,15697231236250646559,12786866516789609693,87929760953353556578,23563424568137970089,12160711919885540343"
"Personalized Hanukkah Ceramic Ornament, Woodland Animals Shine Bright Keepsake","Celebrate the Festival of Lights with a personalized ornament that will become a treasured family tradition. This beautiful ceramic Hanukkah ornament features adorable woodland animals gathered around a glowing menorah and cozy campfire beneath a snowy winter sky. Personalized with your first name(s) or your family name beneath the heartfelt message ""Shine Bright From"", this keepsake is professionally printed on both sides, making it beautiful from every angle on your holiday tree. Whether displayed on your own tree or gifted to loved ones, this ornament is a meaningful reminder of faith, family, and the joy of Hanukkah. Available in single pieces or bundles of 3, 5, or 10 (with appropriate discounts). We will send you a proof for your approval before sending your order to production.

Product features
- 100% durable ceramic with glossy full-color finish
- Same vivid design printed on both sides
- Includes gold hanging string for easy display
- Available in single pieces or bundles of 3, 5, or 10

Care instructions
- Wipe the dust off gently with a soft, dry cloth.

Made to order and quality-checked before it ships to you. Exact dimensions are listed above — if you're ever unsure about sizing or fit, message me before you order and I'll help you pick the right option. Some listing photos include AI-enhanced mockups to show the design clearly; your item is printed exactly as shown..",16.99,USD,11,"Hanukkah_ornament,personalized_gift,ceramic_ornament,family_keepsake,Jewish_decor,holiday_ornament,tree_decoration,Festival_Lights,custom_ornament,Hanukkah_gift,woodland_animals,double_sided,family_name",Ceramic,https://i.etsystatic.com/62608566/r/il/d3d3f8/8329555032/il_fullxfull.8329555032_9nk1.jpg,https://i.etsystatic.com/62608566/r/il/ec03bb/8327576084/il_fullxfull.8327576084_c4e0.jpg,https://i.etsystatic.com/62608566/r/il/707cc7/8327575516/il_fullxfull.8327575516_scux.jpg,https://i.etsystatic.com/62608566/r/il/c05492/8329552780/il_fullxfull.8329552780_g40n.jpg,https://i.etsystatic.com/62608566/r/il/2c3682/8327575786/il_fullxfull.8327575786_7qit.jpg,https://i.etsystatic.com/62608566/r/il/d25dc1/8430102341/il_fullxfull.8430102341_6sj5.jpg,,,,,Custom Property,Quantity,"1 pc,3 pcs,5 pcs,10 pcs",,,,"16588139885109188212,90634053652210298960,26024351540306699894,33226886281231212698"
"Hanukkah Ornament 2026, Ceramic Woodland Animal Menorah Keepsake","Cool, cozy blue, these ceramic holiday ornaments bring a little story to your menorah-lit nights. Each two-sided piece features a cheerful winter scene with woodland friends gathered around a menorah and the year 2026 in crisp white script. The glossy ceramic surface gives the colors depth and a festive sheen, while the included gold hanging string adds a warm, classic touch on your tree or mantel. Choose a single star-shaped keepsake or pick a 3-, 5-, or 10-piece bundle (with appropriate discounts) to scatter across branches, gift to relatives, or tuck into holiday packages. These ornaments feel like a warm night of candles and laughter—small reminders of tradition that settle naturally into family holiday displays.

Product features
- 100% durable ceramic with glossy full-color finish
- Same vivid design printed on both sides
- Includes gold hanging string for easy display
- Available in single pieces or bundles of 3, 5, or 10

Care instructions
- Wipe the dust off gently with a soft, dry cloth.

Made to order and quality-checked before it ships to you. Exact dimensions are listed above — if you're ever unsure about sizing or fit, message me before you order and I'll help you pick the right option. Some listing photos include AI-enhanced mockups to show the design clearly; your item is printed exactly as shown..",16.99,USD,11,"Hanukkah_ornament,ceramic_ornament,holiday_decor,Jewish_gift,Hanukkah_decor,Festival_Lights,tree_ornament,keepsake_gift,winter_ornament,2026_ornament,woodland_animals,holiday_gift,double_sided",Ceramic,https://i.etsystatic.com/62608566/r/il/f8dc81/8327532192/il_fullxfull.8327532192_p9po.jpg,https://i.etsystatic.com/62608566/r/il/080a17/8375421391/il_fullxfull.8375421391_hfa3.jpg,https://i.etsystatic.com/62608566/r/il/94c67a/8327531950/il_fullxfull.8327531950_b2o1.jpg,https://i.etsystatic.com/62608566/r/il/4aaf96/8327509794/il_fullxfull.8327509794_l6h6.jpg,https://i.etsystatic.com/62608566/r/il/4a2d68/8382228722/il_fullxfull.8382228722_akoa.jpg,,,,,,Custom Property,Quantity,"1 pc,3 pcs,5 pcs,10 pcs",,,,"47663316682177534068,24666151708130655347,13846807837356636519,10448240795186895362"
"Custom Hanukkah Garden Flag, Woodland Animals Menorah Porch Decor","Celebrate the Festival of Lights with a personalized garden flag that brings warmth, joy, and tradition to your home. This custom Hanukkah garden flag features an adorable group of woodland animals gathered around a glowing menorah, dressed in cozy winter hats and scarves beneath the greeting ""Happy Hanukkah From."" Personalized with your family name, it's a beautiful way to welcome guests and celebrate the season. Printed on both sides, the vibrant artwork is visible from every direction, making it the perfect addition to your porch, garden, flower bed, or front walkway throughout Hanukkah. Hanging pole/rod/hooks/hardware not included. We will send you a proof for your approval before sending your order to production.

Product features
- 100% poly poplin-canvas fabric — lightweight yet durable
- Vibrant, crisp color reproduction using advanced printing
- Top sleeve fits standard garden flag poles or stands
- Printed on both sides with design flipped on long edge
- Available in two sizes: 12""×18"" and 24.5""×32"" (pole/hooks not included)

Care instructions
- Clean by wiping with a soft, damp cloth.

Made to order and quality-checked before it ships to you. Exact dimensions are listed above — if you're ever unsure about sizing or fit, message me before you order and I'll help you pick the right option. Some listing photos include AI-enhanced mockups to show the design clearly; your item is printed exactly as shown..",22.99,USD,5,"Hanukkah_flag,personalized_flag,Jewish_decor,garden_flag,porch_decor,Festival_Lights,custom_gift,winter_decor,Hanukkah_gift,yard_decoration,capybara_hedgehog,raccoon_possum,outdoor_banner","Polyester,Poplin",https://i.etsystatic.com/62608566/r/il/714e3f/8374681179/il_fullxfull.8374681179_oiuh.jpg,https://i.etsystatic.com/62608566/r/il/e75a09/8374676765/il_fullxfull.8374676765_rg3l.jpg,https://i.etsystatic.com/62608566/r/il/b379a2/8374677225/il_fullxfull.8374677225_kv5s.jpg,https://i.etsystatic.com/62608566/r/il/3256d0/8374677599/il_fullxfull.8374677599_fng5.jpg,https://i.etsystatic.com/62608566/r/il/fe360b/8382227188/il_fullxfull.8382227188_8ogu.jpg,,,,,,Custom Property,Sizes,"12&#39;&#39; × 18&#39;&#39;,24.5&#39;&#39; × 32&#39;&#39;",,,,"20158294406608009890,26910987511230141439"
"Woodland Animals Hanukkah Tote Bag, Reusable Festival of Lights Shopping Bag","Celebrate Hanukkah in style with this adorable reusable tote bag! Featuring a charming group of woodland animals gathered around a glowing menorah and cozy campfire beneath a snowy winter sky, this festive tote brings warmth and holiday spirit wherever you go. The artwork is professionally printed on both sides, so your beautiful design is visible from every angle. Whether you're shopping for holiday treats, carrying books, heading to work, or wrapping up gifts, this durable tote is both practical and festive.

Product features
- 100% polyester body — durable, shape-retaining, quick-drying fabric
- Reinforced handle stitching — extra strength for daily use
- Boxed corners — more internal room for groceries or gifts
- Non-woven laminated interior with cotton handles — cleanable structure and comfortable carry
- Available in 2 sizes with 2 handle color options — customizable fit and look

Care instructions
- Remove all items from the bag before cleaning. Suggested to pretreat visible stains with stain remover. Mix warm water with laundry detergent and clean the bag with terry washcloth or a soft bristle brush. Let the bag air dry.

Made to order and quality-checked before it ships to you. Exact dimensions are listed above — if you're ever unsure about sizing or fit, message me before you order and I'll help you pick the right option. Some listing photos include AI-enhanced mockups to show the design clearly; your item is printed exactly as shown..",26.99,USD,3,"Hanukkah_tote,reusable_bag,holiday_tote,Jewish_gift,shopping_bag,market_tote,book_bag,Festival_Lights,winter_accessory,grocery_tote,teacher_gift,woodland_animals,double_sided",Polyester,https://i.etsystatic.com/62608566/r/il/47350f/8327460946/il_fullxfull.8327460946_qg06.jpg,https://i.etsystatic.com/62608566/r/il/b30774/8327449366/il_fullxfull.8327449366_6syz.jpg,https://i.etsystatic.com/62608566/r/il/dcef14/8327448626/il_fullxfull.8327448626_j9qb.jpg,https://i.etsystatic.com/62608566/r/il/6b00bd/8327448982/il_fullxfull.8327448982_d4q2.jpg,https://i.etsystatic.com/62608566/r/il/ff1fce/8382231382/il_fullxfull.8382231382_2kv3.jpg,,,,,,Custom Property,Sizes,"16&quot; × 16&#39;&#39;,18&quot; × 18&#39;&#39;",Custom Property,Handle Color,"Black,Navy","20388671636080521904,26146719604560602580,16587121570857360019,14791913070739250456"
"Personalized Hanukkah Mug, Woodland Animal Jewish Holiday Gift","Celebrate Hanukkah with every sip using this adorable personalized coffee mug! Featuring charming woodland animals gathered around a glowing menorah and campfire on a snowy winter night, this custom mug is personalized with your name on one side and ""Happy Hanukkah"" on the other side to create a meaningful keepsake you'll enjoy throughout the holiday season. Whether you're starting your morning with coffee or winding down with hot cocoa, this festive mug adds warmth and holiday cheer to every drink. It also makes a thoughtful Hanukkah gift for family, friends, coworkers, teachers, and anyone who loves unique holiday drinkware.

Product features
- 100% glossy black ceramic — vibrant, high-resolution print
- Available in 11 oz size
- Dishwasher- and microwave-safe for everyday use
- C-shaped easy-grip handle; lead- and BPA-free
- Made to compliance standards; bright colors that resist fading

Care instructions
- Clean in dishwasher (put the product on top rack), or wash  by hand with warm water and dish soap

Made to order and quality-checked before it ships to you. Exact dimensions are listed above — if you're ever unsure about sizing or fit, message me before you order and I'll help you pick the right option. Some listing photos include AI-enhanced mockups to show the design clearly; your item is printed exactly as shown..",19.99,USD,3,"Hanukkah_mug,personalized_mug,custom_name_mug,Jewish_gift,holiday_mug,Hanukkah_gift,hot_cocoa_mug,winter_mug,Festival_Lights,woodland_animals,custom_drinkware,raccoon_possum,capybara_hedgehog",Ceramic,https://i.etsystatic.com/62608566/r/il/8cfc4e/8327393698/il_fullxfull.8327393698_n1hw.jpg,https://i.etsystatic.com/62608566/r/il/a98319/8375302005/il_fullxfull.8375302005_6w37.jpg,https://i.etsystatic.com/62608566/r/il/f9b814/8327385078/il_fullxfull.8327385078_66az.jpg,https://i.etsystatic.com/62608566/r/il/8fca6a/8327384730/il_fullxfull.8327384730_qjx7.jpg,https://i.etsystatic.com/62608566/r/il/1192bc/8430109317/il_fullxfull.8430109317_5ajl.jpg,,,,,,,,,,,,26257453015660782360
"Personalized Hanukkah Doormat, Woodland Animals Menorah Welcome Mat, Jewish Holiday Porch Decor","Welcome family and friends with a personalized doormat that celebrates the joy and warmth of Hanukkah. This festive doormat features an adorable group of woodland animals gathered around a glowing menorah and cozy campfire, surrounded by a snowy winter night. Personalized with your family name beneath the greeting ""Happy Hanukkah From,"" it's a beautiful way to greet guests throughout the Festival of Lights. Designed to add warmth and personality to your front porch, entryway, mudroom, or doorway, this custom doormat also makes a thoughtful gift for family, friends, and new homeowners. We will send you a proof for your approval before sending your order to production.

Product features
- Soft, felt-like 18"" x 30"" 100% polyester top for vivid color and quick drying
- Non-slip rubber grip backing keeps the mat firmly in place
- Durable synthetic weave that retains shape under light outdoor use
- Suitable for indoor entryways, porches, and light outdoor areas
- Lightweight, easy-to-clean and ideal for seasonal or promotional use

Care instructions
- Easy to clean - simply shake out or rinse with cold water and air dry

Made to order and quality-checked before it ships to you. Exact dimensions are listed above — if you're ever unsure about sizing or fit, message me before you order and I'll help you pick the right option. Some listing photos include AI-enhanced mockups to show the design clearly; your item is printed exactly as shown..",36.99,USD,3,"Hanukkah_doormat,welcome_mat,personalized_mat,custom_family,Jewish_decor,holiday_doormat,front_door_mat,Hanukkah_gift,porch_decor,winter_decor,housewarming,Festival_Lights,entry_rug","Polyester,Rubber",https://i.etsystatic.com/62608566/r/il/d560de/8374828679/il_fullxfull.8374828679_g9vn.jpg,https://i.etsystatic.com/62608566/r/il/2289d2/8374804849/il_fullxfull.8374804849_4kjc.jpg,https://i.etsystatic.com/62608566/r/il/2042c1/8326920292/il_fullxfull.8326920292_pntg.jpg,https://i.etsystatic.com/62608566/r/il/b281f8/8374812023/il_fullxfull.8374812023_9gbl.jpg,https://i.etsystatic.com/62608566/r/il/63ace5/8374813391/il_fullxfull.8374813391_rttv.jpg,https://i.etsystatic.com/62608566/r/il/35b8a7/8326911860/il_fullxfull.8326911860_kfpd.jpg,,,,,,,,,,,32274928105268262464
"Custom Autumn Garden Flag, Woodland Animals Family Name Porch Decor","Celebrate the beauty of autumn with a personalized garden flag that brings warmth and charm to your home. Featuring an adorable group of woodland friends gathered around a pumpkin, this custom garden flag is personalized with your family name and ""Happy Autumn From"" greeting, creating a welcoming display for guests all season long. Whether decorating your front porch, garden, flower bed, or walkway, this flag adds the perfect touch of cozy fall style. Printed on both sides, the vibrant artwork is visible from every angle, making it a beautiful outdoor accent throughout the autumn season. Hanging pole/rod/hooks/hardware not included. We will send you a proof for your approval before sending your order to production.

Product features
- 100% poly poplin-canvas fabric — lightweight yet durable
- Vibrant, crisp color reproduction using advanced printing
- Top sleeve fits standard garden flag poles or stands
- Printed on both sides with design flipped on long edge
- Available in two sizes: 12""×18"" and 24.5""×32"" (pole/hooks not included)

Care instructions
- Clean by wiping with a soft, damp cloth.

Made to order and quality-checked before it ships to you. Exact dimensions are listed above — if you're ever unsure about sizing or fit, message me before you order and I'll help you pick the right option. Some listing photos include AI-enhanced mockups to show the design clearly; your item is printed exactly as shown..",22.99,USD,6,"personalized_flag,autumn_flag,family_name,porch_decor,woodland_decor,seasonal_decor,farmhouse_fall,Thanksgiving_decor,custom_gift,fall_porch,hedgehog_capybara,raccoon_possum,outdoor_banner","Poplin,Polyester",https://i.etsystatic.com/62608566/r/il/a46664/8326819550/il_fullxfull.8326819550_ro28.jpg,https://i.etsystatic.com/62608566/r/il/0ab66b/8374708663/il_fullxfull.8374708663_c8bj.jpg,https://i.etsystatic.com/62608566/r/il/240817/8374709237/il_fullxfull.8374709237_60rz.jpg,https://i.etsystatic.com/62608566/r/il/c16d07/8374710061/il_fullxfull.8374710061_c8ah.jpg,https://i.etsystatic.com/62608566/r/il/30ebcf/8382238158/il_fullxfull.8382238158_osfc.jpg,,,,,,Custom Property,Sizes,"12&#39;&#39; × 18&#39;&#39;,24.5&#39;&#39; × 32&#39;&#39;",,,,"10086456556165437013,31912056982611652807"
"Sherpa Blanket, Custom Name Fall Leaves Throw, Personalized Cozy Fleece, Autumn Home Decor","Wrap someone special in warmth and love with a blanket made just for them. This personalized fleece sherpa blanket features a rich autumn leaves design accented with a custom name, creating a thoughtful keepsake they'll treasure for years. Whether draped across a favorite chair, used for cozy movie nights, or displayed as seasonal décor, this blanket brings comfort and beautiful fall style to any home. The ultra-soft fleece front showcases vibrant fall foliage, while the plush sherpa backing provides luxurious warmth that's perfect for crisp autumn evenings and chilly winter days. The personalization field allows for up to 40 characters, so feel free to put a family name, like ""The Wilsons"" or ""The Hamiltons"".

Product features
- Velvety sherpa backside for extra plush comfort
- Durable hemmed edges to resist fraying
- Made from 100% polyester, 3mm thickness for added warmth
- One-sided print with rich autumn leaf artwork and woven-look name band
- Available in two sizes; pre-constructed with possible ±3"" size variance

Care instructions
- Wash the item only cold machine wash with similar colors garments using a gentle cycle. Tumble dry on low settings or hang dry. Do not bleach or dry clean. 

Made to order and quality-checked before it ships to you. Exact dimensions are listed above — if you're ever unsure about sizing or fit, message me before you order and I'll help you pick the right option. Some listing photos include AI-enhanced mockups to show the design clearly; your item is printed exactly as shown..",59.99,USD,6,"personalized_blanket,grandma_blanket,sherpa_throw,fleece_blanket,custom_name,fall_blanket,autumn_decor,cozy_gift,Thanksgiving_gift,Christmas_gift,couch_throw,family_gift,leaf_blanket",Polyester,https://i.etsystatic.com/62608566/r/il/34c831/8374077147/il_fullxfull.8374077147_czut.jpg,https://i.etsystatic.com/62608566/r/il/910df7/8430112265/il_fullxfull.8430112265_k70r.jpg,https://i.etsystatic.com/62608566/r/il/b2294e/8326169834/il_fullxfull.8326169834_hvtc.jpg,https://i.etsystatic.com/62608566/r/il/91721f/8323775592/il_fullxfull.8323775592_663j.jpg,https://i.etsystatic.com/62608566/r/il/334013/8371667627/il_fullxfull.8371667627_mseo.jpg,https://i.etsystatic.com/62608566/r/il/f19fca/8323776230/il_fullxfull.8323776230_a85u.jpg,https://i.etsystatic.com/62608566/r/il/549afd/8326172196/il_fullxfull.8326172196_2nu3.jpg,https://i.etsystatic.com/62608566/r/il/b1f4c7/8430111835/il_fullxfull.8430111835_9twa.jpg,,,Custom Property,Sizes,"50&quot; × 60&quot;,60&quot; × 80&quot;",,,,"31043092227186463424,12462205298407289895"
"Personalized Thanksgiving Woodland Animals Garden Flag, Custom Family Name Fall Porch Decor","Celebrate Thanksgiving with a warm and personalized welcome for family, friends, and neighbors. This charming garden flag features an adorable group of woodland animals gathered around a festive harvest feast, surrounded by beautiful autumn colors. Personalized with your family name beneath the greeting ""Happy Thanksgiving From,"" it creates the perfect seasonal display for your front porch, garden, flower bed, or walkway. Printed on both sides, the vibrant artwork is visible from every direction, making it a beautiful addition to your outdoor holiday décor throughout the Thanksgiving season. Hanging pole/rod/hooks/hardware not included. We will send you a proof for your approval before sending your order to production.

Product features
- 100% poly poplin-canvas fabric — lightweight yet durable
- Vibrant, crisp color reproduction using advanced printing
- Top sleeve fits standard garden flag poles or stands
- Printed on both sides with design flipped on long edge
- Available in two sizes: 12""×18"" and 24.5""×32"" (pole/hooks not included)

Care instructions
- Clean by wiping with a soft, damp cloth.

Made to order and quality-checked before it ships to you. Exact dimensions are listed above — if you're ever unsure about sizing or fit, message me before you order and I'll help you pick the right option. Some listing photos include AI-enhanced mockups to show the design clearly; your item is printed exactly as shown..",22.99,USD,6,"Thanksgiving_flag,personalized_flag,family_name,porch_flag,woodland_decor,outdoor_flag,farmhouse_fall,custom_gift,hedgehog_capybara,raccoon_possum,autumn_yard_decor,personalized_gift,outdoor_banner","Poplin,Polyester",https://i.etsystatic.com/62608566/r/il/9119b3/8374837491/il_fullxfull.8374837491_r4b0.jpg,https://i.etsystatic.com/62608566/r/il/93eee4/8326846754/il_fullxfull.8326846754_awqk.jpg,https://i.etsystatic.com/62608566/r/il/047b7b/8374734787/il_fullxfull.8374734787_3y6g.jpg,https://i.etsystatic.com/62608566/r/il/bd6deb/8374735253/il_fullxfull.8374735253_bjz6.jpg,https://i.etsystatic.com/62608566/r/il/43ca44/8430123467/il_fullxfull.8430123467_3byi.jpg,,,,,,Custom Property,Sizes,"12&#39;&#39; × 18&#39;&#39;,24.5&#39;&#39; × 32&#39;&#39;",,,,"22152208943821383211,36954381020721341196"
"Thanksgiving Raccoon Possum Pie Garden Flag, Funny Autumn Fall Outdoor Decor","Everyone knows who really shows up for Thanksgiving... the pie lovers! This adorable ""Here for the Pie"" garden flag features a cheerful raccoon and smiling possum sharing a delicious pumpkin pie against a backdrop of colorful autumn leaves. It's the perfect way to add a little humor and seasonal charm to your porch, garden, flower bed, or front walkway. Printed on both sides, the vibrant artwork is visible from every direction, making it a standout decoration throughout the fall season. Hanging pole/rod/hooks/hardware not included.

Product features
- 100% poly poplin-canvas fabric — lightweight yet durable
- Vibrant, crisp color reproduction using advanced printing
- Top sleeve fits standard garden flag poles or stands
- Printed on both sides with design flipped on long edge
- Available in two sizes: 12""×18"" and 24.5""×32"" (pole/hooks not included)

Care instructions
- Clean by wiping with a soft, damp cloth.

Made to order and quality-checked before it ships to you. Exact dimensions are listed above — if you're ever unsure about sizing or fit, message me before you order and I'll help you pick the right option. Some listing photos include AI-enhanced mockups to show the design clearly; your item is printed exactly as shown..",22.99,USD,6,"Thanksgiving_flag,fall_garden,raccoon_flag,possum_decor,autumn_decor,funny_flag,porch_decor,woodland_gift,holiday_decor,farmhouse_fall,outdoor_banner,personalized_flag,custom_flag","Cotton,Polyester",https://i.etsystatic.com/62608566/r/il/f1eba5/8323521690/il_fullxfull.8323521690_ano8.jpg,https://i.etsystatic.com/62608566/r/il/c4c535/8323515602/il_fullxfull.8323515602_13b4.jpg,https://i.etsystatic.com/62608566/r/il/f41f40/8371408353/il_fullxfull.8371408353_54bl.jpg,https://i.etsystatic.com/62608566/r/il/4663ae/8323516880/il_fullxfull.8323516880_9ww0.jpg,https://i.etsystatic.com/62608566/r/il/0ac0e7/8430125631/il_fullxfull.8430125631_nmqc.jpg,,,,,,Custom Property,Sizes,"12&#39;&#39; × 18&#39;&#39;,24.5&#39;&#39; × 32&#39;&#39;",,,,"11125953755233283383,14712259407450354929"
"Personalized Cat Christmas Garden Flag, Holiday Yard Decor","Welcome family and friends with a festive greeting from your favorite feline! This personalized Christmas garden flag features your cat's name beneath an adorable portrait wearing a festive holiday hat and the cheerful message ""Happy Holidays from [Name]."" It's the perfect way to celebrate the season while showing off the furry family member who makes your home complete. Printed on both sides, this vibrant holiday flag looks beautiful from every direction, making it a standout decoration for your porch, garden, flower bed, or walkway. Hanging pole/rod/hooks/hardware not included. We will send you a proof for your approval before sending your order to production.

Product features
- 100% poly poplin-canvas fabric — lightweight yet durable
- Vibrant, crisp color reproduction using advanced printing
- Top sleeve fits standard garden flag poles or stands
- Printed on both sides with design flipped on long edge
- Available in two sizes: 12""×18"" and 24.5""×32"" (pole/hooks not included)

Care instructions
- Clean by wiping with a soft, damp cloth.

Made to order and quality-checked before it ships to you. Exact dimensions are listed above — if you're ever unsure about sizing or fit, message me before you order and I'll help you pick the right option. Some listing photos include AI-enhanced mockups to show the design clearly; your item is printed exactly as shown..",22.99,USD,6,"cat_Christmas,garden_flag,custom_cat,holiday_decor,pet_portrait,Christmas_yard,cat_lover_gift,festive_porch,holiday_flag,cat_mom_gift,custom_Christmas,outdoor_banner,personalized_flag","Cotton,Polyester",https://i.etsystatic.com/62608566/r/il/e48d86/8323447864/il_fullxfull.8323447864_ipf2.jpg,https://i.etsystatic.com/62608566/r/il/f9f997/8371354317/il_fullxfull.8371354317_bpk1.jpg,https://i.etsystatic.com/62608566/r/il/303191/8371341419/il_fullxfull.8371341419_s5qi.jpg,https://i.etsystatic.com/62608566/r/il/57813b/8323449074/il_fullxfull.8323449074_6wmp.jpg,https://i.etsystatic.com/62608566/r/il/b33012/8323449844/il_fullxfull.8323449844_k912.jpg,https://i.etsystatic.com/62608566/r/il/85dac9/8382255776/il_fullxfull.8382255776_6f5c.jpg,,,,,Custom Property,Sizes,"12&#39;&#39; × 18&#39;&#39;,24.5&#39;&#39; × 32&#39;&#39;",,,,"25969936423988783690,12750424367484074901"
"Personalized Pet Christmas Garden Flag, Santa Hat Portrait, Double-Sided Holiday Decor","Celebrate the season with your best friend by your side! This personalized Christmas garden flag features your pet's name beneath a festive portrait wearing a Santa hat and the cheerful greeting ""Happy Holidays from [Name]."" It's the perfect way to welcome guests while showing off the furry family member who makes your holidays extra special. Printed on both sides, the vibrant design looks beautiful from every angle and adds festive charm to your front porch, garden, walkway, or flower bed. Hanging pole/rod/hooks/hardware not included. We will send you a proof for your approval before sending your order to production.

Product features
- 100% poly poplin-canvas fabric — lightweight yet durable
- Vibrant, crisp color reproduction using advanced printing
- Top sleeve fits standard garden flag poles or stands
- Printed on both sides with design flipped on long edge
- Available in two sizes: 12""×18"" and 24.5""×32"" (pole/hooks not included)

Care instructions
- Clean by wiping with a soft, damp cloth.

Made to order and quality-checked before it ships to you. Exact dimensions are listed above — if you're ever unsure about sizing or fit, message me before you order and I'll help you pick the right option. Some listing photos include AI-enhanced mockups to show the design clearly; your item is printed exactly as shown..",22.99,USD,6,"dog_Christmas,garden_flag,pet_portrait,custom_dog,holiday_decor,pet_lover_gift,outdoor_flag,holiday_flag,Golden_Retriever,custom_pet_gift,personalized_gift,Cat_mom_gift,outdoor_banner",Canvas,https://i.etsystatic.com/62608566/r/il/f36fb3/8323416188/il_fullxfull.8323416188_8xm5.jpg,https://i.etsystatic.com/62608566/r/il/0b9a30/8371306891/il_fullxfull.8371306891_q2mo.jpg,https://i.etsystatic.com/62608566/r/il/6b5fd3/8323401958/il_fullxfull.8323401958_3c3i.jpg,https://i.etsystatic.com/62608566/r/il/b1823a/8371295769/il_fullxfull.8371295769_ps0s.jpg,https://i.etsystatic.com/62608566/r/il/61eaa2/8323403452/il_fullxfull.8323403452_p855.jpg,https://i.etsystatic.com/62608566/r/il/665d11/8382260540/il_fullxfull.8382260540_2tud.jpg,,,,,Custom Property,Sizes,"12&#39;&#39; × 18&#39;&#39;,24.5&#39;&#39; × 32&#39;&#39;",,,,"34562450299277953781,17072514676398574051"
"Funny Possum Christmas Garden Flag, Santa's Helper Yard Decor, Double Sided Holiday Outdoor Flag","Give your neighbors something to smile about this holiday season! This hilarious ""Don't Mess With Santa's Helper"" garden flag features an adorable yet feisty possum wearing a Santa hat, making it the perfect addition to your Christmas porch, front yard, garden, or walkway. Whether you're decorating for the holidays or looking for a unique gift for a possum lover, this flag is guaranteed to spark conversations and plenty of laughs. Printed on both sides, the vibrant artwork is easy to see from every direction, adding festive personality wherever it's displayed. Hanging hook/rod/hardware not included.

Product features
- 100% poly poplin-canvas fabric — lightweight yet durable
- Vibrant, crisp color reproduction using advanced printing
- Top sleeve fits standard garden flag poles or stands
- Printed on both sides with design flipped on long edge
- Available in two sizes: 12""×18"" and 24.5""×32"" (pole/hooks not included)

Care instructions
- Clean by wiping with a soft, damp cloth.

Made to order and quality-checked before it ships to you. Exact dimensions are listed above — if you're ever unsure about sizing or fit, message me before you order and I'll help you pick the right option. Some listing photos include AI-enhanced mockups to show the design clearly; your item is printed exactly as shown..",22.99,USD,6,"funny_possum,Christmas_flag,garden_flag,holiday_decor,yard_decoration,Santa_helper,possum_lover,outdoor_decor,porch_flag,rustic_Christmas,festive_yard,woodland_decor,gag_gift","Cotton,Polyester",https://i.etsystatic.com/62608566/r/il/5967b3/8371041819/il_fullxfull.8371041819_ishc.jpg,https://i.etsystatic.com/62608566/r/il/b60994/8323140450/il_fullxfull.8323140450_n9f6.jpg,https://i.etsystatic.com/62608566/r/il/b8d214/8323141090/il_fullxfull.8323141090_9s9w.jpg,https://i.etsystatic.com/62608566/r/il/8cef28/8323141710/il_fullxfull.8323141710_dk1g.jpg,https://i.etsystatic.com/62608566/r/il/2ab99b/8430135497/il_fullxfull.8430135497_qzcg.jpg,,,,,,Custom Property,Sizes,"12&#39;&#39; × 18&#39;&#39;,24.5&#39;&#39; × 32&#39;&#39;",,,,"51820902291591557184,19336584647918004198"
"Custom Chicken Mom Shirt, Personalized Flock Tee, Backyard Chicken Keeper Apparel","Show everyone who's in your flock! This personalized chicken t-shirt features a charming lineup of colorful illustrated chickens with your custom ""[Name]'s Flock"" design, making it the perfect everyday shirt for backyard chicken keepers, homesteaders, and poultry lovers. Whether you're feeding the flock, collecting fresh eggs, shopping at the feed store, or spending the day at the farmers market, this comfortable graphic tee lets you wear your love for chickens with pride.

Product features
- 100% ring-spun US cotton — durable yet soft after garment-dyeing
- Heavyweight (6.1 oz) with relaxed fit for structure and comfort
- Garment-dyed for a soft, vintage-like color and texture
- Tubular knit (no side seams) and double-needle stitching for long-lasting construction
- Sizes S–4XL with pre-shrunk fabric and sewn-in label

Care instructions
- Machine wash: cold (max 30C or 90F)
- Do not bleach
- Tumble dry: low heat
- Iron, steam or dry: low heat
- Do not dryclean

Made to order and quality-checked before it ships to you. Exact dimensions are listed above — if you're ever unsure about sizing or fit, message me before you order and I'll help you pick the right option. Some listing photos include AI-enhanced mockups to show the design clearly; your item is printed exactly as shown..",19.99,USD,3,"personalized_tee,chicken_shirt,flock_shirt,chicken_mom,backyard_hens,poultry_lover,farm_wife_gift,country_shirt,farm_apparel,chicken_keeper,custom_gift,comfort_colors,chicken_coop_art",Cotton,https://i.etsystatic.com/62608566/r/il/5d433e/8319602262/il_fullxfull.8319602262_lj5j.jpg,https://i.etsystatic.com/62608566/r/il/5ab87f/8319600974/il_fullxfull.8319600974_sqx1.jpg,https://i.etsystatic.com/62608566/r/il/f95368/8319581334/il_fullxfull.8319581334_t64e.jpg,https://i.etsystatic.com/62608566/r/il/0b7dc0/8319581816/il_fullxfull.8319581816_7ghp.jpg,https://i.etsystatic.com/62608566/r/il/b25dbe/8319585452/il_fullxfull.8319585452_no3y.jpg,https://i.etsystatic.com/62608566/r/il/f59e46/8319584576/il_fullxfull.8319584576_k5nd.jpg,https://i.etsystatic.com/62608566/r/il/0a2702/8319585070/il_fullxfull.8319585070_tvsw.jpg,https://i.etsystatic.com/62608566/r/il/7152ba/8367475585/il_fullxfull.8367475585_ic2f.jpg,https://i.etsystatic.com/62608566/r/il/13d910/8319591134/il_fullxfull.8319591134_qzwv.jpg,https://i.etsystatic.com/62608566/r/il/77964c/8367476043/il_fullxfull.8367476043_suld.jpg,Custom Property,Comfort Colors® Colors,"Black,Navy,Ivory,Light Green,Sapphire,Neon Pink",Custom Property,Clothing sizes,"S,M,L,XL,2XL,3XL,4XL","10315064860589612252,71278420137929117268,69478209870975428477,17859373998294817140,10020165205743481569,29210914213393805474,79826748945004103947,17343468881855286131,22846330838774512405,91910222463831614014,14767037847441048318,13028381132941586333,22113421508537232404,12471531972166953491,15454655042758516283,23836817438023330477,26923849841803950210,21222334181640281650,23342368423705334018,64279132443023416631,21305868315488629037,70203345763172829026,11029667305382297517,25902226261695768772,29442369912205838921,31592029625168317783,27114062818365478053,98446645582764879692,15756155031554027110,13740597119355233866,27203548712460773637,16422422153342820083,91172323167087771722,10259808867154241727,20903233842319871162,23132538708249966701,29486240950394301651,20619985526772359992,17717417145437648036,31616584965821924776,29455133716512110866,47770174685536552723"
"Personalized Chicken Tote Bag, Custom Flock Farmhouse Shopping Bag","Carry your flock with you wherever you go! This personalized tote bag features an adorable lineup of colorful chickens and your custom ""[Name]'s Flock"" design, creating a fun and practical accessory for every chicken lover. Whether you're heading to the farmers market, feed store, library, or grocery store, this reusable tote is both stylish and functional. It's the perfect gift for backyard chicken keepers, homesteaders, farm wives, and anyone who loves life with chickens.

Product features
- 100% cotton canvas, heavy 12 oz fabric for durability
- Flat-corner construction for a neat, structured look
- Self-fabric carrying handles with reinforced stitching
- Sewn-in label; blank sourced from India

Care instructions
- Do not iron directly over the printed area - print may stick to the iron.
- Spot clean
- Do not bleach
- Line dry

Made to order and quality-checked before it ships to you. Exact dimensions are listed above — if you're ever unsure about sizing or fit, message me before you order and I'll help you pick the right option. Some listing photos include AI-enhanced mockups to show the design clearly; your item is printed exactly as shown..",19.99,USD,3,"personalized_tote,chicken_tote,chicken_mom,backyard_hens,custom_chicken,poultry_lover,farm_wife_gift,homestead_gift,reusable_bag,grocery_tote,country_gift,chicken_lover,chicken_coop_art","Cotton,Canvas",https://i.etsystatic.com/62608566/r/il/1dda22/8367456737/il_fullxfull.8367456737_ewye.jpg,https://i.etsystatic.com/62608566/r/il/c11b65/8319567552/il_fullxfull.8319567552_piaq.jpg,https://i.etsystatic.com/62608566/r/il/822311/8367435439/il_fullxfull.8367435439_rezu.jpg,https://i.etsystatic.com/62608566/r/il/be5ba9/8367434541/il_fullxfull.8367434541_25e1.jpg,https://i.etsystatic.com/62608566/r/il/68a71a/8430119997/il_fullxfull.8430119997_mlja.jpg,,,,,,,,,,,,48633131797798708618
"Customizable Chicken Flock Sweatshirt, Personalized Farm Crewneck, Backyard Chicken Keeper Apparel","Show off your favorite flock in style! This personalized crewneck sweatshirt features a charming lineup of colorful chickens with your custom text, ""[Name]'s Flock,"" making it a one-of-a-kind sweatshirt for backyard chicken keepers, homesteaders, and poultry enthusiasts. Whether you're gathering fresh eggs, feeding the hens, or relaxing after a day on the farm, this cozy sweatshirt lets everyone know who runs the flock. Personalize it with your name or the name of your farm to create a unique gift you'll enjoy for years.

Product features
- Made from a 50/50 cotton–polyester medium-heavy (8.0 oz/yd²) blend for warmth and durability
- Tubular knit construction with no side seams for a smooth, waste-reducing fit
- Ribbed knit collar and double-needle stitching at seams to retain shape and strengthen wear points
- Oeko-Tex certified dyes and ethically grown US cotton; DTF inner neck labels and tear-away tags for comfort

Care instructions
- Machine wash: cold (max 30C or 90F)
- Non-chlorine: bleach as needed
- Tumble dry: low heat
- Do not dryclean
 
Made to order and quality-checked before it ships to you. Exact dimensions are listed above — if you're ever unsure about sizing or fit, message me before you order and I'll help you pick the right option. Some listing photos include AI-enhanced mockups to show the design clearly; your item is printed exactly as shown..",37.99,USD,3,"personalized_flock,chicken_sweatshirt,chicken_mom,backyard_hens,custom_chicken,homestead_gift,farm_wife_gift,rooster_lover,custom_crewneck,chicken_keeper,farm_animal,personalized_gift,chicken_coop_art","Cotton,Polyester",https://i.etsystatic.com/62608566/r/il/fe4673/8367386869/il_fullxfull.8367386869_hg9n.jpg,https://i.etsystatic.com/62608566/r/il/dc490c/8367384599/il_fullxfull.8367384599_251s.jpg,https://i.etsystatic.com/62608566/r/il/95f3bc/8319481566/il_fullxfull.8319481566_qcpy.jpg,https://i.etsystatic.com/62608566/r/il/7de545/8367375071/il_fullxfull.8367375071_nwtu.jpg,https://i.etsystatic.com/62608566/r/il/148c2a/8367374483/il_fullxfull.8367374483_9zfy.jpg,https://i.etsystatic.com/62608566/r/il/73d1bb/8319481850/il_fullxfull.8319481850_qvv1.jpg,https://i.etsystatic.com/62608566/r/il/ece3b5/8319483604/il_fullxfull.8319483604_1chf.jpg,https://i.etsystatic.com/62608566/r/il/f3ba87/8367377293/il_fullxfull.8367377293_suzx.jpg,https://i.etsystatic.com/62608566/r/il/0ad633/8319483924/il_fullxfull.8319483924_dv6j.jpg,https://i.etsystatic.com/62608566/r/il/b697d0/8367376901/il_fullxfull.8367376901_a9wo.jpg,Custom Property,Sizes,"S,M,L,XL,2XL,3XL",Custom Property,Colors,"Ash,Light Pink,Navy,Black","20079218805228792864,13214844451809701817,61584838151727782596,24781706365936029761,43110157892817176117,49400443842641072686,19600753710675547475,25267055244218231986,23769510353844260230,28881037055949779043,27546028769388171722,17300622073125315717,79060118009239412727,26308197398192484430,21876371331302177086,40825498556777858405,87016841234207477810,79288866691198954882,70158975601285533888,35118723464653261267,87875187647751446627,12705221008474130076,31344992234299947760,60567770889773504500"
"Too Cool For Coop Chicken Mug, Funny Farmhouse Ceramic Cup, 11 Oz","Start your morning with a smile and a little flock attitude! This 11 oz ceramic mug features a colorful group of stylish chickens and the fun phrase ""Too Cool for the Coop."" Whether you're sipping coffee before feeding the flock or enjoying tea after a day in the garden, this mug is the perfect companion for every chicken enthusiast. Printed on both sides, the design looks great whether you're left or right handed. It also makes a thoughtful gift for chicken moms, backyard farmers, homesteaders, and anyone who loves their feathered friends. Design is printed on both sides.

Product features
- Glossy 100% ceramic construction with vibrant, high-definition printing
- Available in 11 oz size
- Dishwasher- and microwave-safe for everyday convenience
- C-shaped easy-grip handle for comfortable use
- Lead- and BPA-free; meets safety compliance requirements

Care instructions
- Clean in dishwasher (put the product on top rack), or wash  by hand with warm water and dish soap",18.99,USD,3,"funny_chicken,chicken_mug,chicken_mom,rooster_gift,backyard_flock,poultry_lover,farm_wife_gift,homestead_mug,coffee_cup,ceramic_mug,country_kitchen,chicken_gift,chicken_coop_art",Ceramic,https://i.etsystatic.com/62608566/r/il/61dc50/8367161845/il_fullxfull.8367161845_sueg.jpg,https://i.etsystatic.com/62608566/r/il/c24f79/8319237968/il_fullxfull.8319237968_7ul1.jpg,https://i.etsystatic.com/62608566/r/il/31755d/8319240410/il_fullxfull.8319240410_riw3.jpg,https://i.etsystatic.com/62608566/r/il/e326c5/8367130129/il_fullxfull.8367130129_m72x.jpg,https://i.etsystatic.com/62608566/r/il/6df221/8382252714/il_fullxfull.8382252714_sawa.jpg,,,,,,,,,,,,11830716391859788356
"Too for Coop Chicken Shirt, Funny Farm Animal Graphic Tee","If your flock has more personality than most people, this shirt was made for you! Featuring a colorful lineup of stylish chickens and the fun phrase ""Too Cool for the Coop,"" this graphic tee is perfect for anyone who loves backyard chickens and isn't afraid to show it. Whether you're collecting eggs, cleaning the coop, visiting the feed store, or relaxing with fellow chicken lovers, this shirt is guaranteed to get smiles and compliments. Made with a soft, comfortable fit, it's an easy favorite for everyday wear and makes a thoughtful gift for the chicken enthusiast in your life.

Product features
- 100% ring-spun US cotton — durable yet soft after garment-dyeing
- Heavyweight (6.1 oz) with relaxed fit for structure and comfort
- Garment-dyed for a soft, vintage-like color and texture
- Tubular knit (no side seams) and double-needle stitching for long-lasting construction
- Sizes S–4XL with pre-shrunk fabric and sewn-in label

Care instructions
- Machine wash: cold (max 30C or 90F)
- Do not bleach
- Tumble dry: low heat
- Iron, steam or dry: low heat
- Do not dryclean

Made to order and quality-checked before it ships to you. Exact dimensions are listed above — if you're ever unsure about sizing or fit, message me before you order and I'll help you pick the right option. Some listing photos include AI-enhanced mockups to show the design clearly; your item is printed exactly as shown..",19.99,USD,3,"funny_chicken,chicken_shirt,chicken_mom,coop_shirt,rooster_tee,backyard_flock,homestead_gift,farm_wife_gift,chicken_gift,graphic_tee,farm_animal,country_shirt,chicken_coop_art",Cotton,https://i.etsystatic.com/62608566/r/il/5cacfc/8367137159/il_fullxfull.8367137159_e60w.jpg,https://i.etsystatic.com/62608566/r/il/18d59b/8367133699/il_fullxfull.8367133699_ceob.jpg,https://i.etsystatic.com/62608566/r/il/063b05/8367101553/il_fullxfull.8367101553_qa9a.jpg,https://i.etsystatic.com/62608566/r/il/b81777/8319211998/il_fullxfull.8319211998_3wow.jpg,https://i.etsystatic.com/62608566/r/il/0e9d24/8367105135/il_fullxfull.8367105135_ivvh.jpg,https://i.etsystatic.com/62608566/r/il/3468d2/8367104367/il_fullxfull.8367104367_omqv.jpg,https://i.etsystatic.com/62608566/r/il/1494dd/8319214828/il_fullxfull.8319214828_7skg.jpg,https://i.etsystatic.com/62608566/r/il/54ac44/8367102381/il_fullxfull.8367102381_gh6j.jpg,https://i.etsystatic.com/62608566/r/il/1412f9/8367102769/il_fullxfull.8367102769_jncc.jpg,https://i.etsystatic.com/62608566/r/il/8192a0/8319213196/il_fullxfull.8319213196_jjys.jpg,Custom Property,Comfort Colors® Colors,"Black,Navy,Ivory,Light Green,Sapphire,Neon Pink",Custom Property,Clothing sizes,"S,M,L,XL,2XL,3XL,4XL","22146182940346497318,17601642218362985362,39163595286095418843,41526143693949626327,19814346940941778631,17913881565431875166,31122942468360558048,33094643589200415646,15217129328895506360,32873007773303012220,28381996620989585113,59118618470189745473,59684720863073088635,62487720899691286418,61695454016290479566,31920242856983756167,11703266262892106317,32686035291873049000,20132460332478534197,71423593568038154478,26094523327026836530,18762615812360437020,14776112335423217730,22215841615450063953,19911811976060369749,11123804350891816540,17229060648478765172,11778724533663840206,54523856521646881624,22112850257177827122,33207464781064500741,75596028760136824957,20436765440777676889,14320777826682112867,26236021844037160694,22134720008411677359,21190382194651535005,18642851008155418722,14683861649579559222,52529625945993462609,40626117328081108155,24118171893174777193"
"Customizable Chicken Flock Mug, Farmhouse Coffee Cup, Backyard Chicken Lover Gift","Celebrate your flock one sip at a time with a mug made just for you! This personalized 11 oz ceramic mug features a fun lineup of stylish chickens and is customized with ""[Name]'s Flock"" to make it uniquely yours. Whether you're enjoying your morning coffee, tea, or hot cocoa, this farmhouse-inspired mug is sure to become a favorite. The colorful design is professionally printed on both sides, making it perfect for both left- and right-handed use.

Product features
- White ceramic with colored interior and C-shaped handle
- Available in 11 oz size
- Vibrant, high-resolution full-color printing
- Dishwasher- and microwave-safe; lead- and BPA-free
- Glossy finish with eye-catching color contrast

Care instructions
- Clean in dishwasher or wash by hand with warm water and dish soap

Made to order and quality-checked before it ships to you. Exact dimensions are listed above — if you're ever unsure about sizing or fit, message me before you order and I'll help you pick the right option. Some listing photos include AI-enhanced mockups to show the design clearly; your item is printed exactly as shown..",17.99,USD,3,"personalized_mug,chicken_mug,flock_mug,chicken_lover,coffee_mug,backyard_hens,farmhouse_gift,chicken_mom,rooster_mug,homestead_gift,custom_gift,poultry_lover,chicken_coop_art",Ceramic,https://i.etsystatic.com/62608566/r/il/964084/8318631518/il_fullxfull.8318631518_p9y0.jpg,https://i.etsystatic.com/62608566/r/il/a2bf8b/8318649438/il_fullxfull.8318649438_9zbz.jpg,https://i.etsystatic.com/62608566/r/il/00e295/8366509887/il_fullxfull.8366509887_jxl6.jpg,https://i.etsystatic.com/62608566/r/il/52b525/8318620010/il_fullxfull.8318620010_eyjm.jpg,https://i.etsystatic.com/62608566/r/il/9cc06c/8366511227/il_fullxfull.8366511227_biyp.jpg,https://i.etsystatic.com/62608566/r/il/ae5a5b/8318621258/il_fullxfull.8318621258_lw7w.jpg,https://i.etsystatic.com/62608566/r/il/b42e20/8318622390/il_fullxfull.8318622390_3187.jpg,https://i.etsystatic.com/62608566/r/il/159b28/8318623430/il_fullxfull.8318623430_iufw.jpg,https://i.etsystatic.com/62608566/r/il/3ab8de/8366515261/il_fullxfull.8366515261_5tki.jpg,https://i.etsystatic.com/62608566/r/il/e2910b/8366516711/il_fullxfull.8366516711_t1kt.jpg,Custom Property,Mug color,"Black,Navy,Red,Purple,Yellow",,,,"44744109252335293510,31817559168516077043,23653234732736200376,33446866341235991512,21674462432936651081"
"Custom Pet Memorial Garden Flag, Watercolor Portrait Remembrance Decor","Keep the memory of your beloved companion close with a personalized garden flag created to celebrate a life filled with unconditional love. This custom pet memorial flag features your pet's name beneath a beautiful portrait and the heartfelt message ""Always in Our Hearts."" Display it in your garden, near a favorite tree, flower bed, or memorial space as a loving tribute that brings comfort every day. Whether you're remembering your own faithful friend or searching for a meaningful sympathy gift, this personalized garden flag creates a lasting reminder that love never fades. Hanging hardware/hooks/rods not included. We will send you a proof for your approval before sending your order to production.

Product features
- 100% poly poplin-canvas fabric — lightweight yet durable
- Vibrant, crisp color reproduction using advanced printing
- Top sleeve fits standard garden flag poles or stands
- Printed on both sides with design flipped on long edge
- Available in two sizes: 12""×18"" and 24.5""×32"" (pole/hooks not included)

Care instructions
- Clean by wiping with a soft, damp cloth.

Made to order and quality-checked before it ships to you. Exact dimensions are listed above — if you're ever unsure about sizing or fit, message me before you order and I'll help you pick the right option. Some listing photos include AI-enhanced mockups to show the design clearly; your item is printed exactly as shown..",22.99,USD,6,"pet_memorial,dog_memorial,memorial_flag,garden_flag,pet_loss_gift,sympathy_gift,rainbow_bridge,custom_pet,dog_lover_gift,remembrance,memorial_decor,outdoor_banner,personalized_flag","Cotton,Polyester",https://i.etsystatic.com/62608566/r/il/340d4c/8322866490/il_fullxfull.8322866490_7vme.jpg,https://i.etsystatic.com/62608566/r/il/10332f/8322864524/il_fullxfull.8322864524_ttsz.jpg,https://i.etsystatic.com/62608566/r/il/738b41/8322859034/il_fullxfull.8322859034_ozvq.jpg,https://i.etsystatic.com/62608566/r/il/6d0c57/8322859476/il_fullxfull.8322859476_8j6f.jpg,https://i.etsystatic.com/62608566/r/il/18bfbd/8370754427/il_fullxfull.8370754427_byvl.jpg,https://i.etsystatic.com/62608566/r/il/f5013a/8382261644/il_fullxfull.8382261644_q2rb.jpg,,,,,Custom Property,Sizes,"12&#39;&#39; × 18&#39;&#39;,24.5&#39;&#39; × 32&#39;&#39;",,,,"98599625556357892846,30527912540159183130"
"Custom Chicken Garden Flag, Personalized Flock Yard Decor, Farmhouse Backyard Banner","Welcome friends and neighbors with a garden flag that's as unique as your flock! This personalized garden flag features a stylish lineup of cool chickens and is customized with ""[Name]'s Flock"", making it the perfect addition to your chicken coop, front yard, garden, or porch. Whether you're a backyard chicken enthusiast or shopping for someone who loves their feathered friends, this custom flag adds personality and farmhouse charm to any outdoor space. Hanging rod/hook/hardware not included. 

Product features
- 100% poly poplin-canvas fabric — lightweight yet durable
- Vibrant, crisp color reproduction using advanced printing
- Top sleeve fits standard garden flag poles or stands
- Printed on both sides with design flipped on long edge
- Available in two sizes: 12""×18"" and 24.5""×32"" (pole/hooks not included)

Care instructions
- Clean by wiping with a soft, damp cloth.

Made to order and quality-checked before it ships to you. Exact dimensions are listed above — if you're ever unsure about sizing or fit, message me before you order and I'll help you pick the right option. Some listing photos include AI-enhanced mockups to show the design clearly; your item is printed exactly as shown..",22.99,USD,6,"personalized_flag,chicken_flag,garden_flag,flock_decor,backyard_hens,farmhouse_decor,chicken_lover,custom_yard_flag,homestead_gift,double_sided,chicken_mom,outdoor_banner,chicken_coop_art",Canvas,https://i.etsystatic.com/62608566/r/il/0e2fa3/8371186455/il_fullxfull.8371186455_sl7b.jpg,https://i.etsystatic.com/62608566/r/il/3ddfdd/8371111593/il_fullxfull.8371111593_b1w9.jpg,https://i.etsystatic.com/62608566/r/il/4ee0fc/8371105321/il_fullxfull.8371105321_idv3.jpg,https://i.etsystatic.com/62608566/r/il/56039c/8371105691/il_fullxfull.8371105691_jcbz.jpg,https://i.etsystatic.com/62608566/r/il/7c9eed/8430136469/il_fullxfull.8430136469_78qs.jpg,,,,,,Custom Property,Sizes,"12&#39;&#39; × 18&#39;&#39;,24.5&#39;&#39; × 32&#39;&#39;",,,,"22205682596463552596,27404445418067673665"
"Chicken Garden Flag, Too Cool for the Coop Double Sided Flag, Funny Backyard Chicken Decor, Farmhouse Yard Flag, Chicken Lover Gift","Give your yard a little extra attitude with this ""Too Cool for the Coop"" Garden Flag! Featuring a flock of stylish chickens rocking sunglasses, hats, and serious personality, this funny garden flag is the perfect way to welcome visitors while celebrating your love of backyard chickens. Whether it's displayed by your chicken coop, front porch, flower garden, or walkway, it's guaranteed to make fellow chicken lovers smile. Hanging rod/hook/hardware not included. 

Product features
- 100% poly poplin-canvas fabric — lightweight yet durable
- Vibrant, crisp color reproduction using advanced printing
- Top sleeve fits standard garden flag poles or stands
- Printed on both sides with design flipped on long edge
- Available in two sizes: 12""×18"" and 24.5""×32"" (pole/hooks not included)

Care instructions
- Clean by wiping with a soft, damp cloth.

Made to order and quality-checked before it ships to you. Exact dimensions are listed above — if you're ever unsure about sizing or fit, message me before you order and I'll help you pick the right option. Some listing photos include AI-enhanced mockups to show the design clearly; your item is printed exactly as shown..",22.99,USD,6,"chicken_flag,garden_flag,coop_decor,funny_chicken,rooster_flag,backyard_flock,farmhouse_decor,chicken_lover,yard_decor,double_sided,chicken_mom,outdoor_banner,chicken_coop_art","Cotton,Polyester",https://i.etsystatic.com/62608566/r/il/173b95/8323109794/il_fullxfull.8323109794_97w9.jpg,https://i.etsystatic.com/62608566/r/il/22ea0d/8323099818/il_fullxfull.8323099818_3ojf.jpg,https://i.etsystatic.com/62608566/r/il/ea66d1/8370993027/il_fullxfull.8370993027_1cd3.jpg,https://i.etsystatic.com/62608566/r/il/b17af1/8370993415/il_fullxfull.8370993415_7ltz.jpg,https://i.etsystatic.com/62608566/r/il/b2719b/8430137537/il_fullxfull.8430137537_d3a9.jpg,,,,,,Custom Property,Sizes,"12&#39;&#39; × 18&#39;&#39;,24.5&#39;&#39; × 32&#39;&#39;",,,,"33374807829437295593,27238833076756521023"
"Too for the Coop Chicken Tote Bag, Farmhouse Canvas Shopping Bag","Take your flock everywhere you go. This ""Too Cool for the Coop"" tote bag features a lineup of fashionable chickens and a cool rooster showing off their sunglasses, hats, and attitude. Whether you're headed to the farmers market, feed store, library, work, or running errands around town, this fun tote is sure to turn heads and spark conversations. Designed for backyard chicken keepers, homesteaders, and anyone who knows chickens have big personalities, this reusable tote is both practical and full of farmhouse charm.

Product features
- 100% cotton canvas, heavy 12 oz fabric for durability
- Flat-corner construction for a neat, structured look
- Self-fabric carrying handles with reinforced stitching
- Sewn-in label; blank sourced from India
- Available in natural and black color options

Care instructions
- Do not iron directly over the printed area - print may stick to the iron.
- Spot clean
- Do not bleach
- Line dry

Made to order and quality-checked before it ships to you. Exact dimensions are listed above — if you're ever unsure about sizing or fit, message me before you order and I'll help you pick the right option. Some listing photos include AI-enhanced mockups to show the design clearly; your item is printed exactly as shown..",19.99,USD,6,"chicken_tote,funny_chicken,chicken_lover,canvas_tote,farmhouse_bag,rooster_gift,backyard_flock,homestead_gift,reusable_tote,grocery_bag,farm_market,chicken_mom,chicken_coop_art",Canvas,https://i.etsystatic.com/62608566/r/il/e22d34/8365943337/il_fullxfull.8365943337_9x4p.jpg,https://i.etsystatic.com/62608566/r/il/bc827f/8318037574/il_fullxfull.8318037574_378e.jpg,https://i.etsystatic.com/62608566/r/il/836bba/8318038792/il_fullxfull.8318038792_jk4p.jpg,https://i.etsystatic.com/62608566/r/il/b907c1/8365924285/il_fullxfull.8365924285_srxy.jpg,https://i.etsystatic.com/62608566/r/il/47247d/8365925565/il_fullxfull.8365925565_8ch2.jpg,https://i.etsystatic.com/62608566/r/il/f835fd/8430138617/il_fullxfull.8430138617_4pgi.jpg,,,,,Custom Property,Colors,"Natural,Black",,,,"17393850096825707820,30738939244362080788"
"Chicken Canvas Print, Too Cool for the Coop Wall Art, Funny Farmhouse Chicken Decor, Backyard Chicken Lover Gift, Optional Personalization","Your flock deserves a place on the wall, too. Bring humor and farmhouse charm into your home with this ""Too Cool for the Coop"" gallery wrapped canvas print. Featuring a lineup of stylish chickens and a confident rooster wearing sunglasses, hats, and plenty of attitude, this original artwork is sure to make guests smile. Whether displayed in your kitchen, mudroom, chicken coop, office, farmhouse, or entryway, this canvas adds personality and celebrates the joy of backyard chicken life. Optional personalization available to replace ""Too Cool for the Coop"". Use your last name, such as ""The Wilson's Flock"", or ""The Jefferson's Coop"".

Product features
- Matte-finish stretched canvas on 1.25"" pine frame
- Printed with UL-certified Greenguard Gold latex inks for vivid, safe color
- Cotton/polyester canvas with sustainable radiata pine inner frame
- Soft rubber dots on back plus included hanging hardware for secure display
- Available in multiple sizes; slight size tolerance +/- 1/8""

Care instructions
- If the canvas does gather any dust, you may wipe it off gently with a clean, damp cloth.

Made to order and quality-checked before it ships to you. Exact dimensions are listed above — if you're ever unsure about sizing or fit, message me before you order and I'll help you pick the right option. Some listing photos include AI-enhanced mockups to show the design clearly; your item is printed exactly as shown..",33.99,USD,12,"chicken_wall_art,farmhouse_decor,rooster_decor,chicken_lover,backyard_flock,homestead_gift,chicken_coop_art,country_home,farm_wall_art,funny_chicken,canvas_print,chicken_mom,Personalized_Gift",Canvas,https://i.etsystatic.com/62608566/r/il/326fcb/8387497785/il_fullxfull.8387497785_rud6.jpg,https://i.etsystatic.com/62608566/r/il/b01da4/8317993386/il_fullxfull.8317993386_48y7.jpg,https://i.etsystatic.com/62608566/r/il/d01368/8365848547/il_fullxfull.8365848547_b9v7.jpg,https://i.etsystatic.com/62608566/r/il/a997b9/8365849065/il_fullxfull.8365849065_m5mr.jpg,https://i.etsystatic.com/62608566/r/il/cd8d5c/8317960678/il_fullxfull.8317960678_7fnq.jpg,https://i.etsystatic.com/62608566/r/il/0df451/8430140129/il_fullxfull.8430140129_272d.jpg,,,,,Custom Property,Sizes,"12&quot; x 9&quot; (Horizontal),18″ x 12″ (Horizontal),24″ x 16″ (Horizontal),30″ x 20″ (Horizontal)",,,,"80544082592169296929,28506355800420436218,17907823231919763712,62409433859311227125"
"Too Cool for the Coop Chicken Shirt, Funny Rooster Graphic Tee, Backyard Farmer Apparel","Your flock has personality, now your shirt can too. This Comfort Colors® style T-shirt features a fun lineup of fashionable chickens and a rooster sporting sunglasses, hats, and plenty of attitude, along with the playful phrase ""Too Cool for the Coop."" Whether you're feeding chickens, gathering fresh eggs, or shopping at the farmers market, this shirt lets everyone know your flock is anything but ordinary. Soft, comfortable, and made for everyday wear, it's the perfect addition to any chicken lover's wardrobe.

Product features
- 100% ring-spun US cotton — durable yet soft after garment-dyeing
- Heavyweight (6.1 oz) with relaxed fit for structure and comfort
- Garment-dyed for a soft, vintage-like color and texture
- Tubular knit (no side seams) and double-needle stitching for long-lasting construction
- Sizes S–4XL with pre-shrunk fabric and sewn-in label

Care instructions
- Machine wash: cold (max 30C or 90F)
- Do not bleach
- Tumble dry: low heat
- Iron, steam or dry: low heat
- Do not dryclean

Made to order and quality-checked before it ships to you. Exact dimensions are listed above — if you're ever unsure about sizing or fit, message me before you order and I'll help you pick the right option. Some listing photos include AI-enhanced mockups to show the design clearly; your item is printed exactly as shown.",21.99,USD,3,"chicken_shirt,chicken_lover,funny_chicken,backyard_flock,chicken_mom,rooster_shirt,poultry_lover,homestead_tee,chicken_keeper,graphic_tee,hobby_farmer,country_gift,chicken_coop_art",Cotton,https://i.etsystatic.com/62608566/r/il/f53296/8365740253/il_fullxfull.8365740253_6i5c.jpg,https://i.etsystatic.com/62608566/r/il/be5302/8317868074/il_fullxfull.8317868074_66b2.jpg,https://i.etsystatic.com/62608566/r/il/0550b4/8365733307/il_fullxfull.8365733307_ehk2.jpg,https://i.etsystatic.com/62608566/r/il/898178/8317836424/il_fullxfull.8317836424_2k3o.jpg,https://i.etsystatic.com/62608566/r/il/2c9938/8365725739/il_fullxfull.8365725739_d0p1.jpg,https://i.etsystatic.com/62608566/r/il/a9b10c/8317843194/il_fullxfull.8317843194_5zce.jpg,https://i.etsystatic.com/62608566/r/il/29ccd4/8365730157/il_fullxfull.8365730157_qx74.jpg,https://i.etsystatic.com/62608566/r/il/7e9f95/8317842580/il_fullxfull.8317842580_iej5.jpg,https://i.etsystatic.com/62608566/r/il/db2d3d/8317837954/il_fullxfull.8317837954_mljy.jpg,https://i.etsystatic.com/62608566/r/il/65d1d4/8365726863/il_fullxfull.8365726863_b1vb.jpg,Custom Property,Comfort Colors® Colors,"Black,Navy,Red,Light Green,Sapphire,Neon Pink",Custom Property,Clothing sizes,"S,M,L,XL,2XL,3XL,4XL","12820160476623153485,19319732317854402698,46672442758946226487,37758537651752632698,21300176046751584827,29247561348349175538,31905287895214253922,33797680899309543244,29403101777453043343,17362704696629510597,13369471409713168013,99617987470108649928,12017895473139059940,12552367161411929839,80306107239691694279,27438498824373292029,14036089592386003834,27521286691786117003,10136632343423433882,11525428263754259028,19405212805324562544,23882309970163025137,33185930758433915066,28301254284176152613,33860847119271994748,10199759530223945966,27150097506543921718,13719329428535564511,14546204989365704914,29037955923159906320,20352292754504075526,19492605847260026596,30380823394806901824,16904561893269133068,24209076324704333405,22109683428637541279,28516215315216520387,57554897437346878204,33374493884500536956,22334000386802234122,23903816019386409902,10282338573904714905"
"Customizable Chicken Flock T-Shirt, Backyard Chicken Lover Apparel, Homestead Tee","Show off the flock that's always waiting for you at home. This personalized Comfort Colors® style T-shirt features an adorable lineup of stylish chickens and a rooster, customized with your own flock name. This shirt is made just for you and celebrates the feathered family that keeps life entertaining. Perfect for collecting eggs, feeding chickens, visiting the farmers market, or simply letting everyone know you're a proud chicken keeper.

Product features
- 100% ring-spun US cotton — durable yet soft after garment-dyeing
- Heavyweight (6.1 oz) with relaxed fit for structure and comfort
- Garment-dyed for a soft, vintage-like color and texture
- Tubular knit (no side seams) and double-needle stitching for long-lasting construction
- Sizes S–4XL with pre-shrunk fabric and sewn-in label

Care instructions
- Machine wash: cold (max 30C or 90F)
- Do not bleach
- Tumble dry: low heat
- Iron, steam or dry: low heat
- Do not dryclean

Made to order and quality-checked before it ships to you. Exact dimensions are listed above — if you're ever unsure about sizing or fit, message me before you order and I'll help you pick the right option. Some listing photos include AI-enhanced mockups to show the design clearly; your item is printed exactly as shown.",22.99,USD,3,"personalized_shirt,chicken_flock,chicken_lover,backyard_flock,custom_chicken,chicken_mom,poultry_lover,farm_shirt,homestead_tee,chicken_keeper,custom_name,comfort_colors,chicken_coop_art",Cotton,https://i.etsystatic.com/62608566/r/il/8780c8/8358880881/il_fullxfull.8358880881_lqca.jpg,https://i.etsystatic.com/62608566/r/il/338c7d/8310990076/il_fullxfull.8310990076_cb09.jpg,https://i.etsystatic.com/62608566/r/il/a439ba/8358867325/il_fullxfull.8358867325_5tih.jpg,https://i.etsystatic.com/62608566/r/il/e72f58/8358867897/il_fullxfull.8358867897_4nh2.jpg,https://i.etsystatic.com/62608566/r/il/10ab3b/8310996032/il_fullxfull.8310996032_m4dy.jpg,https://i.etsystatic.com/62608566/r/il/102bb4/8310998438/il_fullxfull.8310998438_j9vs.jpg,https://i.etsystatic.com/62608566/r/il/3daf1b/8310980298/il_fullxfull.8310980298_pop3.jpg,https://i.etsystatic.com/62608566/r/il/6fa25f/8310980846/il_fullxfull.8310980846_1rdh.jpg,https://i.etsystatic.com/62608566/r/il/8c3acb/8310981364/il_fullxfull.8310981364_3ylq.jpg,https://i.etsystatic.com/62608566/r/il/6462e5/8310981830/il_fullxfull.8310981830_ph27.jpg,Custom Property,Comfort Colors® Colors,"Black,Navy,Butter,Light Green,Neon Pink",Custom Property,Clothing sizes,"S,M,L,XL,2XL,3XL,4XL","24181650712969280393,31967984760791410669,32231429305724537328,26045165553302678831,29708018171366152281,25022968574812814173,17931228526473203658,33741707162425855991,45250202399536743695,29480741137154772170,33653745251653790397,16950755791721165674,63744575532138744699,77061909328848188532,29309536703085402087,33631627281014664701,16949828878802715863,31651057175802514787,70967924058340991176,31373352402939534461,61258528705327816761,22405183893053025861,24456082717941419228,16631576159097047960,22050273576829937729,31225399736748931356,13244652874817701416,66014042658713424950,63098734171524991464,25773792662802772073,81071437151427766889,89045551098878538462,22987436389992348507,18787143171160805510,15862326113869582730"
"Customizable Chicken Coop T-Shirt, Farmhouse Flock Apparel, Comfort Colors Tee","Celebrate your flock with a shirt that's as unique as your coop. This personalized Comfort Colors® style T-shirt features beautiful farmhouse artwork showcasing a colorful backyard flock surrounded by flowers, complete with a custom banner displaying your name followed by ""Rules the Roost."" Perfect for collecting eggs, feeding the flock, visiting the farmers market, or simply sharing your love of chickens wherever you go.

Product features
- 100% ring-spun US cotton — durable yet soft after garment-dyeing
- Heavyweight (6.1 oz) with relaxed fit for structure and comfort
- Garment-dyed for a soft, vintage-like color and texture
- Tubular knit (no side seams) and double-needle stitching for long-lasting construction
- Sizes S–4XL with pre-shrunk fabric and sewn-in label

Care instructions
- Machine wash: cold (max 30C or 90F)
- Do not bleach
- Tumble dry: low heat
- Iron, steam or dry: low heat
- Do not dryclean

Made to order and quality-checked before it ships to you. Exact dimensions are listed above — if you're ever unsure about sizing or fit, message me before you order and I'll help you pick the right option. Some listing photos include AI-enhanced mockups to show the design clearly; your item is printed exactly as shown.",22.99,USD,3,"personalized_shirt,backyard_flock,chicken_keeper,custom_coop,chicken_mom,rooster_shirt,poultry_lover,farm_life,custom_flock,hobby_farmer,chicken_gift,comfort_colors,chicken_coop_art",Cotton,https://i.etsystatic.com/62608566/r/il/5cce94/8289633340/il_fullxfull.8289633340_q1av.jpg,https://i.etsystatic.com/62608566/r/il/61436c/8289613750/il_fullxfull.8289613750_qrld.jpg,https://i.etsystatic.com/62608566/r/il/2ccda4/8337518559/il_fullxfull.8337518559_6w3o.jpg,https://i.etsystatic.com/62608566/r/il/8226dd/8337532267/il_fullxfull.8337532267_jx0s.jpg,https://i.etsystatic.com/62608566/r/il/4e924f/8337520281/il_fullxfull.8337520281_p7si.jpg,https://i.etsystatic.com/62608566/r/il/87db1c/8289615254/il_fullxfull.8289615254_jv0x.jpg,https://i.etsystatic.com/62608566/r/il/05e6d9/8337522501/il_fullxfull.8337522501_3awh.jpg,https://i.etsystatic.com/62608566/r/il/e785b0/8289616122/il_fullxfull.8289616122_s6fj.jpg,https://i.etsystatic.com/62608566/r/il/3ebd53/8382272308/il_fullxfull.8382272308_ecgv.jpg,,Custom Property,Comfort Colors® Colors,"Black,Navy,Red,Butter,Neon Pink",Custom Property,Clothing sizes,"S,M,L,XL,2XL,3XL,4XL","29214802886231940579,33595151460144452675,32855662237321897813,12335380706649496239,58696144228274914607,22146243521850292594,18601283570304837564,18443464413437412200,27399095893253324288,23998612316560715972,31357354929279268704,32656433370572662624,15243698400190187710,17268740327726196746,21355872451396189276,45046344467660749009,25080882779257293471,24630777206349136071,20106799568453870617,32744040799449210946,16906054705697827696,29911203740240147009,23189605969191325051,40739684498444351711,15906436349499122673,39058784806347330080,89063568491124943755,19308549120763807773,32797442176001620456,15884958699838346420,27076406825710303408,25256558693224003303,17991934047633956087,29648153735313585981,42664089863458797453"
"Personalized Snowflake Monogram Tote Bag, Custom Initial Christmas Shopping Bag","Celebrate the season with a tote that's as festive as it is functional. This personalized tote bag features a beautifully detailed snowflake monogram with your custom initial in the center, creating a classic Christmas design you'll enjoy year after year. Available in Christmas Red or Evergreen, it's perfect for holiday shopping, carrying gifts, books, groceries, as an alternative to wrapping paper, or your everyday essentials throughout the holiday season. Whether you're treating yourself or gifting someone special, this personalized tote is a thoughtful keepsake they'll use long after the holidays are over. Available with black or red handle straps.

Product features
- 100% polyester medium-weight body (200 g/m²) — durable, shape-retaining, quick-drying
- Reinforced handle stitching with cotton handles for added strength and comfort
- Boxed corners for extra interior space and structured carrying
- Non-woven laminated interior and black inner stitching for easy cleaning and neat finish
- Available in three sizes; size tolerance ±0.75"" (1.9 cm)

Care instructions
- Remove all items from the bag before cleaning. Suggested to pretreat visible stains with stain remover. Mix warm water with laundry detergent and clean the bag with terry washcloth or a soft bristle brush. Let the bag air dry.

Made to order and quality-checked before it ships to you. Exact dimensions are listed above — if you're ever unsure about sizing or fit, message me before you order and I'll help you pick the right option. Some listing photos include AI-enhanced mockups to show the design clearly; your item is printed exactly as shown.",24.99,USD,3,"Christmas_tote,personalized_bag,monogram_tote,snowflake_bag,custom_initial,holiday_tote,reusable_bag,Christmas_gift,hostess_gift,Christmas_market,winter_accessory,festive_bag,holiday_shopping",Polyester,https://i.etsystatic.com/62608566/r/il/9fdb09/8279681948/il_fullxfull.8279681948_s9dw.jpg,https://i.etsystatic.com/62608566/r/il/24587e/8327754937/il_fullxfull.8327754937_4c8s.jpg,https://i.etsystatic.com/62608566/r/il/cc9e9b/8279684250/il_fullxfull.8279684250_366c.jpg,https://i.etsystatic.com/62608566/r/il/bd8c53/8327585163/il_fullxfull.8327585163_hxhf.jpg,https://i.etsystatic.com/62608566/r/il/272806/8327585559/il_fullxfull.8327585559_5ej1.jpg,https://i.etsystatic.com/62608566/r/il/7ca807/8382273404/il_fullxfull.8382273404_43py.jpg,,,,,Custom Property,Size,"Red Tote Bag (AOP) / 13&quot; × 13&#39;&#39;,Red Tote Bag (AOP) / 16&quot; × 16&#39;&#39;,Red Tote Bag (AOP) / 18&quot; × 18&#39;&#39;,Green Tote Bag (AOP) / 13&quot; × 13&#39;&#39;,Green Tote Bag (AOP) / 16&quot; × 16&#39;&#39;,Green Tote Bag (AOP) / 18&quot; × 18&#39;&#39;",Custom Property,Strap Color,"Black,Red","33867535242222580773,13195229307204433315,36723104135581931137,22024664321216073874,11090840299695258297,13077432645525720393,16541914894581080425,20182764811307375023,43721106868317500516,17863141257951168048,14987953741781574882,47924641185441183138"
"Snowflake Monogram Mug, Personalized Christmas Coffee Cup, Custom Initial Holiday Mug, Coworker Boss Gift","Make every sip feel a little more magical this holiday season. This personalized 11 oz ceramic Christmas mug features a beautiful snowflake monogram with your custom initial at the center. Available in Christmas Red or Evergreen, it's the perfect mug for coffee, tea, hot chocolate, or apple cider while celebrating the most wonderful time of the year. Whether you're enjoying a quiet Christmas morning, relaxing by the fire, or giving a thoughtful personalized gift, this elegant mug is one you'll reach for year after year.

Product features
- Microwave-safe for convenient reheating
- Dishwasher-safe for easy cleaning
- Vibrant, crisp print on glossy ceramic
- Available in 11oz size with C-handle
- Lead- and BPA-free, durable white ceramic

Made to order and quality-checked before it ships to you. Exact dimensions are listed above — if you're ever unsure about sizing or fit, message me before you order and I'll help you pick the right option. Some listing photos include AI-enhanced mockups to show the design clearly; your item is printed exactly as shown.",18.99,USD,6,"personalized_mug,Christmas_mug,monogram_mug,snowflake_mug,custom_initial,holiday_coffee,hot_cocoa_mug,Christmas_gift,Secret_Santa,hostess_gift,winter_mug,festive_drinkware,matching_mugs",Ceramic,https://i.etsystatic.com/62608566/r/il/edb2f2/8279952512/il_fullxfull.8279952512_mf9w.jpg,https://i.etsystatic.com/62608566/r/il/5e7479/8279554782/il_fullxfull.8279554782_bax6.jpg,https://i.etsystatic.com/62608566/r/il/1337c2/8327474277/il_fullxfull.8327474277_2epi.jpg,https://i.etsystatic.com/62608566/r/il/45fa9a/8370874347/il_fullxfull.8370874347_rclp.jpg,https://i.etsystatic.com/62608566/r/il/1aa454/8430146465/il_fullxfull.8430146465_16xv.jpg,,,,,,Custom Property,Size,"Red Mug / 11oz,Green Mug / 11oz",,,,"15583031722084394128,19242383560972363916"
"Opossum Raccoon Pie Dad Hat, Funny Thanksgiving Baseball Cap, Fall Animal Lover Gift","Dessert comes first... at least in spirit. This ""Here for the Pie"" dad hat features an adorable opossum and raccoon balancing a pumpkin pie, making it the perfect accessory for Thanksgiving dinners, Friendsgiving celebrations, fall festivals, and everyday autumn adventures. With its playful wildlife artwork and comfortable classic fit, this hat is made for anyone who believes the best part of Thanksgiving is waiting on the dessert table.

Product features
- 100% cotton bio-washed chino twill for soft, broken-in feel
- 6-panel unstructured, low-profile cap for relaxed fit
- Pre-curved visor provides immediate sun protection
- Tear-away label for scratch-free comfort
- Self-fabric tri-glide buckle closure for adjustable fit

Care instructions
- Spot clean the hat with mild, diluted detergent before submerging it completely in water. Let it soak for up to 15 minutes. Then, rinse the hat thoroughly in warm or cold water before gently patting it dry with a towel, reshaping it and leaving it to air dry.

Made to order and quality-checked before it ships to you. Exact dimensions are listed above — if you're ever unsure about sizing or fit, message me before you order and I'll help you pick the right option. Some listing photos include AI-enhanced mockups to show the design clearly; your item is printed exactly as shown.",24.99,USD,3,"here_for_the_pie,Thanksgiving_hat,dad_hat,baseball_cap,opossum_lover,raccoon_lover,pie_lover_gift,Friendsgiving,pumpkin_pie_fan,fall_accessories,harvest_season,animal_lover,funny_hat",Cotton,https://i.etsystatic.com/62608566/r/il/a2e5c0/8339628926/il_fullxfull.8339628926_og8f.jpg,https://i.etsystatic.com/62608566/r/il/fcf54d/8265679576/il_fullxfull.8265679576_ogv8.jpg,https://i.etsystatic.com/62608566/r/il/233f23/8313555645/il_fullxfull.8313555645_mpe7.jpg,https://i.etsystatic.com/62608566/r/il/74af2c/8313556223/il_fullxfull.8313556223_kcco.jpg,https://i.etsystatic.com/62608566/r/il/8a89d1/8313556939/il_fullxfull.8313556939_rmce.jpg,https://i.etsystatic.com/62608566/r/il/d506eb/8313557899/il_fullxfull.8313557899_aoqh.jpg,https://i.etsystatic.com/62608566/r/il/ed7e48/8313558579/il_fullxfull.8313558579_6ye8.jpg,https://i.etsystatic.com/62608566/r/il/85354a/8313588241/il_fullxfull.8313588241_qlv2.jpg,https://i.etsystatic.com/62608566/r/il/0a1ffa/8313588491/il_fullxfull.8313588491_3bl2.jpg,https://i.etsystatic.com/62608566/r/il/26bc2f/8382275570/il_fullxfull.8382275570_67u2.jpg,Custom Property,ValuCap Colors,"White,Black,Forest Green,Navy,Red",,,,"29472445154330756592,21775397187750132150,30425794081813567662,11885340472115182243,16191190339973719498"
"Opossum Raccoon Pie Sweatshirt, Funny Thanksgiving Crewneck, Fall Animal Lover Gift","Let's be honest... we're all really here for the pie. This cozy crewneck sweatshirt features an adorable opossum and raccoon proudly carrying a pumpkin pie with the playful phrase ""Here for the Pie."" It's the perfect choice for anyone who counts down to dessert before Thanksgiving dinner even starts. Whether you're celebrating Thanksgiving with family, heading to a Friendsgiving gathering, baking pies, or relaxing on a crisp fall day, this sweatshirt adds the perfect mix of cozy comfort and playful personality.

Product features:
- Medium-heavy 50/50 cotton-poly blend (8.0 oz/yd²) for durable warmth
- Tubular knit (no side seams) and ribbed collar for a clean, lasting fit
- Double-needle stitching at shoulder, armhole, neck, waistband, and cuffs
- DTF inner neck labels; OEKO-TEX® certified dyes and ethically grown US cotton

Care instructions
- Machine wash: cold (max 30C or 90F)
- Non-chlorine: bleach as needed
- Tumble dry: low heat
- Do not dryclean

Made to order and quality-checked before it ships to you. Exact dimensions are listed above — if you're ever unsure about sizing or fit, message me before you order and I'll help you pick the right option. Some listing photos include AI-enhanced mockups to show the design clearly; your item is printed exactly as shown.",34.99,USD,3,"here_for_the_pie,Thanksgiving,fall_sweatshirt,opossum_lover,raccoon_lover,pie_lover_gift,Friendsgiving,pumpkin_pie,autumn_outfit,harvest_season,animal_sweatshirt,Thanksgiving_gift,cozy_crewneck","Cotton,Polyester",https://i.etsystatic.com/62608566/r/il/568cea/8265611698/il_fullxfull.8265611698_djz0.jpg,https://i.etsystatic.com/62608566/r/il/3bd809/8313419299/il_fullxfull.8313419299_a9sg.jpg,https://i.etsystatic.com/62608566/r/il/e759cb/8313419649/il_fullxfull.8313419649_b9kn.jpg,https://i.etsystatic.com/62608566/r/il/51424f/8265505774/il_fullxfull.8265505774_gddr.jpg,https://i.etsystatic.com/62608566/r/il/a291da/8313512137/il_fullxfull.8313512137_3sqk.jpg,https://i.etsystatic.com/62608566/r/il/d507a4/8313511837/il_fullxfull.8313511837_5pa1.jpg,https://i.etsystatic.com/62608566/r/il/be8926/8382276516/il_fullxfull.8382276516_eusl.jpg,,,,Custom Property,Sizes,"S,M,L,XL,2XL,3XL",Custom Property,Colors,"Dark Heather,Navy,Red,Black,Forest Green","26404502276149099266,31035825118862142374,17050643071787992595,33110284577605072723,33169646482034000213,43570261998477226809,26245606961228296748,10706492752815560459,27846920081124448906,13961313101158655291,10436296561297726210,16252365557882083001,26406382036148312236,26755348208801440223,68956791271251723240,16736336812237656399,11876924870485917270,31065174542043490619,47057493383003066354,33793134335612049801,20341243741568329084,11840415208596370082,17920921305261640294,16216008589849815527,91310966116310243114,11459203658608930597,26083175447072202506,77040733848804977334,25815235071580819964,25173986983330696324"
"Opossum Raccoon Pie Shirt, Funny Thanksgiving Graphic Tee, Fall Animal Lover Gift","If there's pumpkin pie, we're there. This funny ""Here for the Pie"" T-shirt features an adorable opossum and raccoon proudly holding up a pumpkin pie, making it the perfect shirt for anyone whose favorite Thanksgiving tradition is dessert. With charming original artwork and playful fall humor, it's a conversation starter at every holiday gathering. Whether you're headed to Thanksgiving dinner, a Friendsgiving celebration, a fall festival, or just counting down until dessert, this shirt is made for pie lovers and animal fans alike.

Product features
- 100% ring-spun US cotton — durable yet soft after garment-dyeing
- Heavyweight (6.1 oz) with relaxed fit for structure and comfort
- Garment-dyed for a soft, vintage-like color and texture
- Tubular knit (no side seams) and double-needle stitching for long-lasting construction
- Sizes S–4XL with pre-shrunk fabric and sewn-in label

Care instructions
- Machine wash: cold (max 30C or 90F)
- Do not bleach
- Tumble dry: low heat
- Iron, steam or dry: low heat
- Do not dryclean

Made to order and quality-checked before it ships to you. Exact dimensions are listed above — if you're ever unsure about sizing or fit, message me before you order and I'll help you pick the right option. Some listing photos include AI-enhanced mockups to show the design clearly; your item is printed exactly as shown.",22.99,USD,3,"here_for_the_pie,Thanksgiving_shirt,opossum_shirt,raccoon_shirt,pie_lover_gift,Friendsgiving,fall_graphic_tee,funny_turkey_day,autumn_outfit,animal_lover_tee,pumpkin_pie,harvest_festival,Thanksgiving_gift",Cotton,https://i.etsystatic.com/62608566/r/il/eba09e/8313382753/il_fullxfull.8313382753_c10g.jpg,https://i.etsystatic.com/62608566/r/il/5d713a/8313356785/il_fullxfull.8313356785_sww0.jpg,https://i.etsystatic.com/62608566/r/il/da8aad/8313329795/il_fullxfull.8313329795_80me.jpg,https://i.etsystatic.com/62608566/r/il/738380/8265416576/il_fullxfull.8265416576_cu0n.jpg,https://i.etsystatic.com/62608566/r/il/0be022/8313331355/il_fullxfull.8313331355_1nbn.jpg,https://i.etsystatic.com/62608566/r/il/2876ec/8313331951/il_fullxfull.8313331951_2zzb.jpg,https://i.etsystatic.com/62608566/r/il/bff0af/8265418844/il_fullxfull.8265418844_oj8m.jpg,https://i.etsystatic.com/62608566/r/il/c7f00b/8313333337/il_fullxfull.8313333337_roqh.jpg,https://i.etsystatic.com/62608566/r/il/21dc51/8382279366/il_fullxfull.8382279366_g0fq.jpg,,Custom Property,Comfort Colors® Colors,"Black,Navy,Red,Violet,Neon Pink",Custom Property,Clothing sizes,"S,M,L,XL,2XL,3XL,4XL","19875716272275742434,32223139887824692009,55187184584743690660,15849185522854368222,19265072986538409711,44024202181921632206,13346319055459132035,17541614361397086204,28186940501478498204,90549120976129392018,10143098915768436805,47105183225772755406,19778000855780391802,26956577035964180747,26906830451623313436,23574712080201608822,79957448588211856884,26228747586768519336,18348651847110733018,31709863206499572628,16124660194461673891,23700805319834100624,68182716552886708329,23999170485502533835,29025216621510081739,11462830323667668312,23176365051371339188,10573710694243797811,88808331862463710388,33574887456667182011,18098524869141087395,27411576206753465051,11554981028079345176,11565254450900285367,97300402876098193247"
"Funny Opossum Santa's Helper Christmas Shirt, Wildlife Animal Lover Tee","Santa has plenty of helpers, but only one you shouldn't mess with. This funny Comfort Colors® style T-shirt features our exclusive ""Don't Mess With Santa's Helper"" opossum design printed as a small left chest graphic. It's the perfect combination of festive spirit, sarcastic humor, and understated style for anyone who loves quirky wildlife. The subtle pocket-style print gives this shirt a clean, vintage-inspired look that's easy to wear all season long. Whether you're headed to a Christmas party, holiday market, family gathering, or just relaxing with friends, it's guaranteed to start conversations.

Product features
- 100% ring-spun US cotton — durable yet soft after garment-dyeing
- Heavyweight (6.1 oz) with relaxed fit for structure and comfort
- Garment-dyed for a soft, vintage-like color and texture
- Tubular knit (no side seams) and double-needle stitching for long-lasting construction
- Sizes S–4XL with pre-shrunk fabric and sewn-in label

Care instructions
- Machine wash: cold (max 30C or 90F)
- Do not bleach
- Tumble dry: low heat
- Iron, steam or dry: low heat
- Do not dryclean

Made to order and quality-checked before it ships to you. Exact dimensions are listed above — if you're ever unsure about sizing or fit, message me before you order and I'll help you pick the right option. Some listing photos include AI-enhanced mockups to show the design clearly; your item is printed exactly as shown.",22.99,USD,3,"opossum_shirt,Christmas_shirt,funny_Christmas,Santa_possum,animal_lover_tee,holiday_shirt,sarcastic_shirt,possum_lover,Christmas_outfit,festive_tee,wildlife_shirt,quirky_gift,pocket_graphic",Cotton,https://i.etsystatic.com/62608566/r/il/dd9afd/8387493929/il_fullxfull.8387493929_5x95.jpg,https://i.etsystatic.com/62608566/r/il/1eed96/8313169881/il_fullxfull.8313169881_1fn6.jpg,https://i.etsystatic.com/62608566/r/il/d05b45/8265258232/il_fullxfull.8265258232_fn1t.jpg,https://i.etsystatic.com/62608566/r/il/a27077/8313131181/il_fullxfull.8313131181_st52.jpg,https://i.etsystatic.com/62608566/r/il/ddec85/8265218242/il_fullxfull.8265218242_r0ir.jpg,https://i.etsystatic.com/62608566/r/il/b2e31e/8265218586/il_fullxfull.8265218586_rch7.jpg,https://i.etsystatic.com/62608566/r/il/5809ae/8265219098/il_fullxfull.8265219098_6qdv.jpg,https://i.etsystatic.com/62608566/r/il/deabab/8265219560/il_fullxfull.8265219560_nf38.jpg,https://i.etsystatic.com/62608566/r/il/b9041e/8313133291/il_fullxfull.8313133291_sas2.jpg,https://i.etsystatic.com/62608566/r/il/4c51e7/8382289258/il_fullxfull.8382289258_jy46.jpg,Custom Property,Comfort Colors® Colors,"Black,Navy,Red,Violet,Neon Pink",Custom Property,Clothing sizes,"S,M,L,XL,2XL,3XL,4XL","12401203947476095159,28149836748496822886,88710209354804193908,12677984622760976763,21937530392114251275,10809802592114318040,36968856821596363954,21716908761594835364,54751359638798295397,95113470381089988230,30948716118430897292,15905809966091512827,20244518183249981883,81200960019203065938,32518391778309784535,23995229782342025676,11985521813605809275,23129256655081283832,28194563484219399825,12675995536479709028,13745973147245410726,28293790367962325861,10745964414116864870,92982933990297818489,10050220355568754095,11252435487680675052,18007321690624784439,89502606816327173017,17814346532368675552,15016726825976503875,11004992199800547183,21675349022766095915,13735185045939872783,21991661643836538200,45921262334956126664"
"Opossum Christmas Crewneck, Funny Santa's Helper Wildlife Sweatshirt","Some helpers wrap presents. This one guards them. Stay cozy this holiday season in this funny ""Don't Mess With Santa's Helper"" crewneck sweatshirt featuring an exclusive opossum design wearing a Santa hat. The artwork is printed as a small left chest graphic, giving the sweatshirt a clean, understated look with just the right amount of holiday attitude. Perfect for Christmas parties, holiday shopping, family gatherings, or relaxing with your favorite hot drink, this sweatshirt combines festive spirit with quirky wildlife humor.

Product features:
- Medium-heavy 50/50 cotton-poly blend (8.0 oz/yd²) for durable warmth
- Tubular knit (no side seams) and ribbed collar for a clean, lasting fit
- Double-needle stitching at shoulder, armhole, neck, waistband, and cuffs
- DTF inner neck labels; OEKO-TEX® certified dyes and ethically grown US cotton

Care instructions
- Machine wash: cold (max 30C or 90F)
- Non-chlorine: bleach as needed
- Tumble dry: low heat
- Do not dryclean

Made to order and quality-checked before it ships to you. Exact dimensions are listed above — if you're ever unsure about sizing or fit, message me before you order and I'll help you pick the right option. Some listing photos include AI-enhanced mockups to show the design clearly; your item is printed exactly as shown.",34.99,USD,3,"opossum_sweatshirt,funny_Christmas,Christmas_crewneck,Santa_possum,animal_lover_gift,holiday_sweatshirt,sarcastic_gift,possum_lover,festive_outfit,winter_crewneck,wildlife_apparel,quirky_Christmas,cozy_holiday","Cotton,Polyester",https://i.etsystatic.com/62608566/r/il/7d3cf2/8339647802/il_fullxfull.8339647802_dvmn.jpg,https://i.etsystatic.com/62608566/r/il/c39c3a/8339631212/il_fullxfull.8339631212_saxo.jpg,https://i.etsystatic.com/62608566/r/il/5586dc/8312093107/il_fullxfull.8312093107_tm9b.jpg,https://i.etsystatic.com/62608566/r/il/c974c2/8312093417/il_fullxfull.8312093417_1wwz.jpg,https://i.etsystatic.com/62608566/r/il/e5e93b/8312093845/il_fullxfull.8312093845_i93h.jpg,https://i.etsystatic.com/62608566/r/il/0fcd4a/8312095175/il_fullxfull.8312095175_rtok.jpg,https://i.etsystatic.com/62608566/r/il/38da48/8312094237/il_fullxfull.8312094237_9v2q.jpg,https://i.etsystatic.com/62608566/r/il/f967f8/8264181386/il_fullxfull.8264181386_joko.jpg,https://i.etsystatic.com/62608566/r/il/3be4e3/8430162229/il_fullxfull.8430162229_fwu3.jpg,,Custom Property,Sizes,"S,M,L,XL,2XL,3XL",Custom Property,Colors,"Dark Heather,Red,Black,Forest Green","20774011481944558584,29651634257861511671,17446856576250041880,22502466225029008631,23361850449123620158,89009233984931313220,19617120287233009167,27774873593318036051,13498107690908262392,23769873040166386215,81578686388160875617,13380962802657213954,10401524851693449943,77990825846002178260,25695673078174869768,27029680940178713466,58439069599962804486,13426231753816001570,33834220922810948049,28411437304333261785,15766332874886831176,90912870082677874563,11499533119367853388,25547129169167422790"
"Opossum Christmas Mug, Funny Santa's Helper Coffee Cup, Coworker Boss Gift, Animal Lover Mug","Coffee tastes better when Santa's feistiest helper is watching your back... from both sides. This 11 oz ceramic accent mug features our exclusive ""Don't Mess With Santa's Helper"" opossum design printed on both sides, making it perfect for both right-handed and left-handed coffee drinkers. Whether you're sipping your morning coffee, hot cocoa, or tea, the festive possum artwork is always on display. With its snarling opossum in a Santa hat and cheeky holiday message, this mug is the perfect combination of Christmas spirit, wildlife charm, and sarcastic humor. It's a fun gift for opossum lovers, animal enthusiasts, coworkers, friends, and anyone who appreciates quirky holiday décor.

Product features
- Available in 11oz size with colored interior and handle options
- White ceramic body with glossy finish and vibrant, high-resolution print
- Microwave-safe for reheating and dishwasher-safe for easy cleaning
- C-shaped handle for comfortable grip; lead- and BPA-free materials
- Eye-catching color contrast between interior/handle and exterior artwork

Care instructions
- Clean in dishwasher or wash by hand with warm water and dish soap

Made to order and quality-checked before it ships to you. Exact dimensions are listed above — if you're ever unsure about sizing or fit, message me before you order and I'll help you pick the right option. Some listing photos include AI-enhanced mockups to show the design clearly; your item is printed exactly as shown.",16.99,USD,3,"opossum_mug,funny_Christmas,Christmas_mug,Santa_possum,animal_lover_gift,holiday_coffee,sarcastic_mug,Secret_Santa,White_Elephant,festive_mug,wildlife_gift,quirky_mug,coffee_lover_gift",Ceramic,https://i.etsystatic.com/62608566/r/il/7eaafc/8264229590/il_fullxfull.8264229590_kilq.jpg,https://i.etsystatic.com/62608566/r/il/15b6ac/8312064611/il_fullxfull.8312064611_j684.jpg,https://i.etsystatic.com/62608566/r/il/165a43/8264139408/il_fullxfull.8264139408_n7az.jpg,https://i.etsystatic.com/62608566/r/il/50927d/8264139914/il_fullxfull.8264139914_7c4g.jpg,https://i.etsystatic.com/62608566/r/il/c063e6/8264140318/il_fullxfull.8264140318_6d2z.jpg,https://i.etsystatic.com/62608566/r/il/39b7ac/8264140762/il_fullxfull.8264140762_37jl.jpg,https://i.etsystatic.com/62608566/r/il/c2ba98/8312054655/il_fullxfull.8312054655_ehca.jpg,https://i.etsystatic.com/62608566/r/il/d1c14f/8264142126/il_fullxfull.8264142126_ti16.jpg,https://i.etsystatic.com/62608566/r/il/4ada7b/8264142716/il_fullxfull.8264142716_ma91.jpg,https://i.etsystatic.com/62608566/r/il/b87c14/8430163303/il_fullxfull.8430163303_fe1l.jpg,Custom Property,Mug color,"Black,Navy,Red,Yellow",,,,"23270246446839152503,24397341011413262959,20463173628657565386,26619868546870156990"
"Funny Opossum Christmas Tote Bag, Santa's Helper Canvas, Animal Lover Bag","Some helpers make toys. This one protects them. This funny opossum tote bag features an expressive opossum wearing a Santa hat with the bold phrase ""Don't Mess With Santa's Helper."" It's the perfect mix of holiday spirit and sarcastic humor for anyone who appreciates wildlife, quirky designs, and Christmas with attitude. Whether you're heading to the Christmas market, carrying gifts, running errands, or shopping for the holidays, this tote is a fun way to show off your love of opossums while adding personality to your everyday carry.

Product features
- 100% cotton canvas, heavyweight 12 oz/yd² for durability
- Flat-corner construction for a slim, packable profile
- Self-fabric carrying handles with reinforced stitching
- 15"" x 16""

Care instructions
- Do not iron directly over the printed area - print may stick to the iron.
- Spot clean
- Do not bleach
- Line dry

Made to order and quality-checked before it ships to you. Exact dimensions are listed above — if you're ever unsure about sizing or fit, message me before you order and I'll help you pick the right option. Some listing photos include AI-enhanced mockups to show the design clearly; your item is printed exactly as shown.",19.99,USD,3,"opossum_tote_bag,funny_Christmas,Santa_possum,holiday_tote,reusable_tote,animal_lover_gift,quirky_Christmas,sarcastic_gift,Christmas_market,grocery_tote,possum_lover,festive_tote_bag,woodland_animal","Canvas,Cotton",https://i.etsystatic.com/62608566/r/il/87970e/8264103468/il_fullxfull.8264103468_cqyn.jpg,https://i.etsystatic.com/62608566/r/il/11952c/8311988193/il_fullxfull.8311988193_3wud.jpg,https://i.etsystatic.com/62608566/r/il/ad7a2e/8311986001/il_fullxfull.8311986001_2mt4.jpg,https://i.etsystatic.com/62608566/r/il/bf296a/8311987507/il_fullxfull.8311987507_b524.jpg,https://i.etsystatic.com/62608566/r/il/bf33d5/8311985317/il_fullxfull.8311985317_4m62.jpg,https://i.etsystatic.com/62608566/r/il/28ba8d/8264073412/il_fullxfull.8264073412_8etj.jpg,https://i.etsystatic.com/62608566/r/il/17d354/8430164413/il_fullxfull.8430164413_k61t.jpg,,,,,,,,,,28781803117383628363
"Hedgehog Christmas Ornament, Acrylic Woodland Animal Decor, Funny Cozy Winter Gift, Coworker Boss Gift","Bring a little woodland charm to your Christmas tree with this adorable hedgehog ornament. The ornament features the playful caption ""Cozy AF."" The ""AF"" is intended as a lighthearted, slightly edgy expression meaning extra cozy. If you're shopping for someone who enjoys a bit of cheeky humor, this ornament is sure to make them smile. Featuring exclusive artwork printed on crystal-clear acrylic, it's a festive decoration that adds warmth, personality, and a touch of whimsy to your holiday décor. Whether you're decorating your own tree or shopping for someone who adores hedgehogs and woodland animals, this ornament makes a thoughtful holiday gift they'll look forward to displaying every Christmas season.

.: Material: 100% clear acrylic, 3.5"" diameter
.: Glossy finish
.: One-sided print
.: Includes gold ribbon for hanging

Made to order and quality-checked before it ships to you. Exact dimensions are listed above — if you're ever unsure about sizing or fit, message me before you order and I'll help you pick the right option. Some listing photos include AI-enhanced mockups to show the design clearly; your item is printed exactly as shown.",22.99,USD,3,"hedgehog_ornament,acrylic_ornament,Christmas_decor,tree_decoration,woodland_decor,animal_lover_gift,hedgehog_lover,Secret_Santa,stocking_stuffer,winter_decor,cute_woodland,holiday_ornament,Christmas_gift",Acrylic,https://i.etsystatic.com/62608566/r/il/82a722/8309527629/il_fullxfull.8309527629_4ey9.jpg,https://i.etsystatic.com/62608566/r/il/18023a/8309547575/il_fullxfull.8309547575_2ihl.jpg,https://i.etsystatic.com/62608566/r/il/8b1b8f/8261586992/il_fullxfull.8261586992_m1if.jpg,https://i.etsystatic.com/62608566/r/il/c6adf9/8309523163/il_fullxfull.8309523163_jrh9.jpg,https://i.etsystatic.com/62608566/r/il/a0016a/8430165713/il_fullxfull.8430165713_rovt.jpg,,,,,,,,,,,,82209021092794585994
"Possum Mug, Playing Dead Is Your Cardio, Custom Name Funny Opossum Coffee Cup, Personalized Ceramic Gift","Playing dead has never looked so good. Some people hit the gym. Others simply perfect the art of doing absolutely nothing. This personalized double-sided ceramic mug features an adorable opossum playing dead with the hilarious phrase ""Playing Dead Is [Your Name]'s Cardio."" Add any name to create a one-of-a-kind mug that's guaranteed to make friends, family, and coworkers laugh every time they grab their favorite drink. Printed on both sides, the design is always visible whether you're right- or left-handed, making it the perfect everyday coffee companion or personalized gift.

Product features
- Available in 11oz size with colored interior and handle options
- White ceramic body with glossy finish and vibrant, high-resolution print
- Microwave-safe for reheating and dishwasher-safe for easy cleaning
- C-shaped handle for comfortable grip; lead- and BPA-free materials
- Eye-catching color contrast between interior/handle and exterior artwork

Care instructions
- Clean in dishwasher or wash by hand with warm water and dish soap

Made to order and quality-checked before it ships to you. Exact dimensions are listed above — if you're ever unsure about sizing or fit, message me before you order and I'll help you pick the right option. Some listing photos include AI-enhanced mockups to show the design clearly; your item is printed exactly as shown.",16.99,USD,3,"personalized_mug,possum_mug,opossum_mug,custom_name_mug,funny_coffee_cup,playing_dead,possum_lover,wildlife_gift,introvert_gift,animal_humor,coworker_gift,office_coffee,custom_gift",Ceramic,https://i.etsystatic.com/62608566/r/il/2a4fdf/8309341503/il_fullxfull.8309341503_4v5j.jpg,https://i.etsystatic.com/62608566/r/il/98bbdd/8300732417/il_fullxfull.8300732417_qelo.jpg,https://i.etsystatic.com/62608566/r/il/fa1412/8300733137/il_fullxfull.8300733137_nmqr.jpg,https://i.etsystatic.com/62608566/r/il/6e761c/8300733585/il_fullxfull.8300733585_8b5o.jpg,https://i.etsystatic.com/62608566/r/il/a83730/8300734129/il_fullxfull.8300734129_8rhi.jpg,https://i.etsystatic.com/62608566/r/il/e1b2be/8300734483/il_fullxfull.8300734483_651w.jpg,https://i.etsystatic.com/62608566/r/il/bd8bd1/8252821134/il_fullxfull.8252821134_5p54.jpg,https://i.etsystatic.com/62608566/r/il/cca139/8252821588/il_fullxfull.8252821588_k654.jpg,https://i.etsystatic.com/62608566/r/il/878b33/8300735769/il_fullxfull.8300735769_rn2v.jpg,https://i.etsystatic.com/62608566/r/il/91b01b/8300736405/il_fullxfull.8300736405_p732.jpg,Custom Property,Mug color,"Black,Navy,Pink,Red,Light Blue,Yellow",,,,"19843026585303336483,65073281128304496928,22837205371428225311,12126331247395011096,24927559655495934248,33125367943768102077"
"Possum Sweatshirt, Personalized Playing Dead Is Your Cardio, Custom Name Opossum Crewneck, Animal Lover Gift","Personalized just for them... because avoiding effort deserves recognition. Everyone knows someone whose favorite form of exercise is doing absolutely nothing. Now you can make the joke even better by adding their name. This cozy sweatshirt features an adorable opossum playing dead alongside the personalized phrase: ""Playing Dead Is [Your Name]'s Cardio."" Whether it's for your best friend, sibling, coworker, spouse, or yourself, this personalized sweatshirt is guaranteed to get laughs while keeping everyone cozy.

Product features:
- Medium-heavy 50/50 cotton-poly blend (8.0 oz/yd²) for durable warmth
- Tubular knit (no side seams) and ribbed collar for a clean, lasting fit
- Double-needle stitching at shoulder, armhole, neck, waistband, and cuffs
- DTF inner neck labels; OEKO-TEX® certified dyes and ethically grown US cotton

Care instructions
- Machine wash: cold (max 30C or 90F)
- Non-chlorine: bleach as needed
- Tumble dry: low heat
- Do not dryclean

Made to order and quality-checked before it ships to you. Exact dimensions are listed above — if you're ever unsure about sizing or fit, message me before you order and I'll help you pick the right option. Some listing photos include AI-enhanced mockups to show the design clearly; your item is printed exactly as shown.",34.99,USD,3,"personalized,possum_shirt,custom_name,funny_possum,opossum_gift,custom_gift,animal_humor,wildlife_lover,introvert_gift,cozy_crewneck,funny_sweatshirt,custom_apparel,possum_lover","Cotton,Polyester",https://i.etsystatic.com/62608566/r/il/59a8c1/8300637951/il_fullxfull.8300637951_1jkv.jpg,https://i.etsystatic.com/62608566/r/il/805106/8252721094/il_fullxfull.8252721094_runv.jpg,https://i.etsystatic.com/62608566/r/il/2ff51d/8252713690/il_fullxfull.8252713690_32nj.jpg,https://i.etsystatic.com/62608566/r/il/e51955/8252713948/il_fullxfull.8252713948_njnc.jpg,https://i.etsystatic.com/62608566/r/il/10b68b/8252714188/il_fullxfull.8252714188_6njq.jpg,https://i.etsystatic.com/62608566/r/il/a310fa/8252714420/il_fullxfull.8252714420_tt98.jpg,https://i.etsystatic.com/62608566/r/il/dacad3/8252714712/il_fullxfull.8252714712_dike.jpg,https://i.etsystatic.com/62608566/r/il/e08ba1/8252714978/il_fullxfull.8252714978_l3jh.jpg,https://i.etsystatic.com/62608566/r/il/650c60/8430168057/il_fullxfull.8430168057_n72h.jpg,,Custom Property,Sizes,"S,M,L,XL,2XL,3XL",Custom Property,Colors,"Dark Heather,Navy,Red,Black","15167077397809483576,12014129029166765677,21092913932192190682,26425313120413053436,35079448531723281520,76530545446382849417,65135322172642569607,32449491026942567894,10115297091367623619,30083386700264539112,12834816267489257481,21293281258166813965,12960181512276899586,33658339880310246646,18709720592524402235,19599974890441697939,99124824103803441050,45422320448526736516,11000327320104596621,33232468598086472827,11079364887201479847,30684024222986032920,94264755157904116681,72970622590167189346"
"Angel Capybara Mug, Heaven Sent Mostly Coffee Cup, Ceramic Accent Mug","Heaven Sent... Mostly. Sweet, wholesome... with just a little bit of mischief. This adorable double-sided ceramic accent mug features an angel capybara resting on fluffy clouds with a golden halo and the playful phrase ""Heaven Sent... Mostly."" The artwork is printed on both sides, making it perfect for both right- and left-handed coffee lovers so the design is always visible. Whether you're starting your morning with coffee, winding down with tea, or shopping for the capybara fan in your life, this mug is guaranteed to bring a smile with every sip.

Product features
- Available in 11oz size with colored interior and handle options
- White ceramic body with glossy finish and vibrant, high-resolution print
- Microwave-safe for reheating and dishwasher-safe for easy cleaning
- C-shaped handle for comfortable grip; lead- and BPA-free materials
- Eye-catching color contrast between interior/handle and exterior artwork

Care instructions
- Clean in dishwasher or wash by hand with warm water and dish soap

Made to order and quality-checked before it ships to you. Exact dimensions are listed above — if you're ever unsure about sizing or fit, message me before you order and I'll help you pick the right option. Some listing photos include AI-enhanced mockups to show the design clearly; your item is printed exactly as shown.",16.99,USD,3,"angel_capybara,capybara_mug,funny_coffee_cup,animal_lover_gift,cute_coffee_mug,capybara_lover,heaven_sent_mug,angel_coffee_mug,cute_animal_mug,sarcastic_mug,office_coffee_mug,coworker_gift,capybara_gift",Ceramic,https://i.etsystatic.com/62608566/r/il/e9ad4a/8299791967/il_fullxfull.8299791967_7cjd.jpg,https://i.etsystatic.com/62608566/r/il/f9358e/8251858266/il_fullxfull.8251858266_7f1q.jpg,https://i.etsystatic.com/62608566/r/il/08b3e6/8251859260/il_fullxfull.8251859260_2kl4.jpg,https://i.etsystatic.com/62608566/r/il/5eaad6/8299769191/il_fullxfull.8299769191_6s7s.jpg,https://i.etsystatic.com/62608566/r/il/e6e766/8299769933/il_fullxfull.8299769933_32lt.jpg,https://i.etsystatic.com/62608566/r/il/af944d/8299770753/il_fullxfull.8299770753_c00c.jpg,https://i.etsystatic.com/62608566/r/il/7ce085/8251854946/il_fullxfull.8251854946_fn1l.jpg,https://i.etsystatic.com/62608566/r/il/b601ac/8299772643/il_fullxfull.8299772643_q8re.jpg,https://i.etsystatic.com/62608566/r/il/aee34d/8299773371/il_fullxfull.8299773371_s2bh.jpg,https://i.etsystatic.com/62608566/r/il/11d50d/8299774213/il_fullxfull.8299774213_f1nw.jpg,Custom Property,Mug color,"Black,Navy,Pink,Red,Light Blue,Yellow",,,,"71508558393215891972,22660381174369826022,10057690679158403614,27089209380576546616,33234795430720717943,66841340032226436684"
"Angel Capybara Sweatshirt, Heaven Sent Mostly Funny Crewneck, Cozy Animal Lover Pullover","Sweet, innocent... mostly. Some days you're an angel. Other days... well, let's just say you're doing your best. This cozy crewneck sweatshirt features an adorable capybara dressed as a little angel, complete with fluffy wings, a glowing halo, and the playful phrase ""Heaven Sent... Mostly."" It's the perfect mix of wholesome charm and lighthearted humor, making it an easy favorite for capybara lovers and anyone with a mischievous side. Whether you're staying cozy at home, running errands, or looking for a unique gift, this sweatshirt adds personality and comfort to any casual outfit.

Product features:
- Medium-heavy 50/50 cotton-poly blend (8.0 oz/yd²) for durable warmth
- Tubular knit (no side seams) and ribbed collar for a clean, lasting fit
- Double-needle stitching at shoulder, armhole, neck, waistband, and cuffs
- DTF inner neck labels; OEKO-TEX® certified dyes and ethically grown US cotton

Care instructions
- Machine wash: cold (max 30C or 90F)
- Non-chlorine: bleach as needed
- Tumble dry: low heat
- Do not dryclean

Made to order and quality-checked before it ships to you. Exact dimensions are listed above — if you're ever unsure about sizing or fit, message me before you order and I'll help you pick the right option. Some listing photos include AI-enhanced mockups to show the design clearly; your item is printed exactly as shown.",34.99,USD,3,"capybara_shirt,capybara_gift,angel_capybara,funny_sweatshirt,cozy_crewneck,animal_lover_gift,unisex_pullover,cute_graphic_tee,sarcastic_humor,comfy_fall_wear,capybara_lover,cute_sweatshirt,cozy_aesthetic","Cotton,Polyester",https://i.etsystatic.com/62608566/r/il/23a271/8299686065/il_fullxfull.8299686065_kmmf.jpg,https://i.etsystatic.com/62608566/r/il/006a15/8299585151/il_fullxfull.8299585151_678k.jpg,https://i.etsystatic.com/62608566/r/il/cf979e/8251669172/il_fullxfull.8251669172_mgcf.jpg,https://i.etsystatic.com/62608566/r/il/71b01e/8251669578/il_fullxfull.8251669578_4neh.jpg,https://i.etsystatic.com/62608566/r/il/e9f07b/8299586463/il_fullxfull.8299586463_k1mp.jpg,https://i.etsystatic.com/62608566/r/il/7a737b/8382298690/il_fullxfull.8382298690_lmh1.jpg,,,,,Custom Property,Sizes,"S,M,L,XL,2XL,3XL",Custom Property,Colors,"Heliconia,Navy,Red,Black","10529917221344268003,14559201976546855392,23385995433513047196,29963084024263391734,26603749158102990282,66611399793796559758,15312680061646429663,24641321969178351368,57597972393300852500,11628780142646514655,25439201396367772280,34039764590483854989,22274828189434683055,33523080227119415449,33405256645556769009,94969307735130523879,14829480370016237379,23467269158555279294,33028768663601852416,29119791584348297554,15960298353099748182,28586194705824021689,31473394932012223751,19279202333827057797"
"Capybara Halloween Mug, Witch Ghost Vampire Coffee Cup, Black Ceramic Spooky Gift","Which Halloween Capybara matches your spooky season personality? Choose your favorite from two unique Halloween Capybara mugs, each featuring original artwork and hilarious captions. Whether you're flying off to collect candy or keeping things spooky without taking yourself too seriously, there's a capybara ready to join your morning coffee.

🎃 Mug Option 1:

Side One
🎃 Capybara inside a smiling jack-o'-lantern
Caption: ""Lowkey Evil""

Side Two
🧙 Witch Capybara flying through the night sky
Caption: ""I'm Here for the Candy""

🦇 Mug Option 2: 

Side One
👻 Ghost Capybara
Caption: ""Too Chill to Be Spooky, Too Round to Be Scary""

Side Two
🧛 Vampire Capybara
Caption: ""Too Chill to Bite""

Product features
- Glossy black ceramic construction for deep contrast and bright print
- Available in 11 oz size
- Dishwasher- and microwave-safe for everyday use
- C-shaped easy-grip handle, lead- and BPA-free
- Vibrant, fade-resistant colors using modern printing techniques

Care instructions
- Clean in dishwasher (put the product on top rack), or wash  by hand with warm water and dish soap

Made to order and quality-checked before it ships to you. Exact dimensions are listed above — if you're ever unsure about sizing or fit, message me before you order and I'll help you pick the right option. Some listing photos include AI-enhanced mockups to show the design clearly; your item is printed exactly as shown.",14.99,USD,6,"capybara_mug,halloween_mug,witch_capybara,vampire_capy,ghost_capybara,pumpkin_capy,spooky_animal,black_coffee_cup,fall_coffee_mug,halloween_decor,capybara_gift,funny_mug_gift,spooky_season",Ceramic,https://i.etsystatic.com/62608566/r/il/9a21d2/8387534405/il_fullxfull.8387534405_m455.jpg,https://i.etsystatic.com/62608566/r/il/8edd7f/8248563432/il_fullxfull.8248563432_6al2.jpg,https://i.etsystatic.com/62608566/r/il/4e6590/8296478519/il_fullxfull.8296478519_js5g.jpg,https://i.etsystatic.com/62608566/r/il/f3dd3f/8296478871/il_fullxfull.8296478871_o4s6.jpg,https://i.etsystatic.com/62608566/r/il/fcaae5/8296479169/il_fullxfull.8296479169_7ged.jpg,https://i.etsystatic.com/62608566/r/il/bd9b99/8382299922/il_fullxfull.8382299922_gi8q.jpg,,,,,Custom Property,Size,"Witch Mug / 11oz,Vampire Mug / 11oz",,,,"31476948673266903832,33260819367640803615"
"Pet Memorial Plaque Personalized, Custom Watercolor Portrait, Dog Cat Sympathy Gift, Acrylic Wood Stand","A beautiful way to keep their memory close. When someone loses a beloved dog or cat, finding the right words can feel impossible. This personalized acrylic pet memorial transforms a favorite photo into a timeless watercolor portrait, creating a thoughtful sympathy gift that brings comfort every day. Designed with a clean, modern style, this memorial plaque looks right at home on a mantel, office desk, or bookshelf. Rather than feeling overly decorative, it becomes an elegant tribute that celebrates a cherished companion's life. Upload your pet's photo and we will send you a proof for your approval prior to sending your order to production. ""Always in Our Hearts"" can also be changed to the message of your choice. We will send you a proof for your approval before sending your order to production.

These acrylic signs are perfect for making custom awards for teams, displaying family photos, and serving as informative placards. They come with a sturdy wooden stand that'll keep the 3mm thick acrylic in place. Material: 3mm thick acrylic, 7.9"" x 11.8"" (20 x 30cm)

Made to order and quality-checked before it ships to you. Exact dimensions are listed above — if you're ever unsure about sizing or fit, message me before you order and I'll help you pick the right option. Some listing photos include AI-enhanced mockups to show the design clearly; your item is printed exactly as shown.",28.99,USD,3,"pet_memorial_gift,pet_sympathy,dog_remembrance,cat_memorial,pet_loss_gift,acrylic_plaque,watercolor_pet,custom_portrait,grief_keepsake,rainbow_bridge,memorial_decor,dog_lover_gift,cat_lover_gift",,https://i.etsystatic.com/62608566/r/il/4b6e25/8247322076/il_fullxfull.8247322076_rfhu.jpg,https://i.etsystatic.com/62608566/r/il/c0d322/8295206177/il_fullxfull.8295206177_l2wz.jpg,https://i.etsystatic.com/62608566/r/il/449150/8295210621/il_fullxfull.8295210621_mruq.jpg,https://i.etsystatic.com/62608566/r/il/3455b4/8247292132/il_fullxfull.8247292132_b9ru.jpg,https://i.etsystatic.com/62608566/r/il/f331a3/8295212213/il_fullxfull.8295212213_cirw.jpg,https://i.etsystatic.com/62608566/r/il/9ce309/8382301070/il_fullxfull.8382301070_msvl.jpg,,,,,,,,,,,27257358585298727330
"Capybara Raccoon Mug, Trash Panda Funny Coffee Cup, Whimsical Animal Gift, Coworker Boss Gift","One cute critter is never enough. Why choose just one when you can pick the capybara or raccoon that best matches your personality? This collection features two original capybara and raccoon mug designs, each with its own funny, cozy, and whimsical style and featuring the expression ""I'm Not Arguing, I'm Explaining Why I'm Right"". Whether you're sipping coffee before work or relaxing with tea at the end of the day, there's a capybara or raccoon ready to brighten every cup. Perfect for coffee lovers, tea drinkers, coworkers, students, and anyone who appreciates adorable trash panda and capybara humor.

Product features
- Microwave-safe for quick reheats
- Dishwasher-safe for easy cleaning
- Vibrant, long-lasting color printing
- Glossy white ceramic with C-handle
- Available in 11oz; lead- and BPA-free

Care instructions
- Clean in dishwasher or wash by hand with warm water and dish soap

Made to order and quality-checked before it ships to you. Exact dimensions are listed above — if you're ever unsure about sizing or fit, message me before you order and I'll help you pick the right option. Some listing photos include AI-enhanced mockups to show the design clearly; your item is printed exactly as shown.",14.99,USD,6,"capybara_mug,funny_mug,ceramic_mug,animal_lover_gift,raccoon_gift,office_mug,tea_cup_mug,whimsical_mug,coffee_lover,wildlife_mug,funny_animal,raccoon_mug,trash_panda_art",Ceramic,https://i.etsystatic.com/62608566/r/il/59060b/8246982784/il_fullxfull.8246982784_h7sc.jpg,https://i.etsystatic.com/62608566/r/il/720bee/8246966634/il_fullxfull.8246966634_15cu.jpg,https://i.etsystatic.com/62608566/r/il/b84caf/8294883255/il_fullxfull.8294883255_j0su.jpg,https://i.etsystatic.com/62608566/r/il/6a87b4/8246958452/il_fullxfull.8246958452_mssi.jpg,https://i.etsystatic.com/62608566/r/il/a91d57/8430174445/il_fullxfull.8430174445_m2lb.jpg,,,,,,Custom Property,Size,"Capybara Mug / 11oz,Capybara Mug / 15oz,Raccoon Mug / 11oz",,,,"29807041877915662888,11490892263665442775,28621442780751825401"
"Capybara Halloween Shirt, Funny Ghost Witch Pumpkin Tee, Spooky Season Comfort Colors Shirt","Choose your favorite capybara... or collect them all. Why settle for one adorable Halloween capybara when you can choose the one that matches your spooky season personality? This collection features four original capybara designs, each with its own playful Halloween theme. Whether you're feeling ghostly, magical, mischievous, or pumpkin-obsessed, there's a capybara ready to celebrate fall with you.

🎃 Choose Your Favorite Design

👻 Ghost Capybara
Too Chill to Be Spooky. Too Round to Be Scary.

🧛 Vampire Capybara
Too Chill to Bite.

🧙 Witch Capybara
In Search of Candy.

🎃 Jack-o'-Lantern Capybara
Lowkey Evil.

Product features
- 100% ring-spun US cotton — durable yet soft after garment-dyeing
- Heavyweight (6.1 oz) with relaxed fit for structure and comfort
- Garment-dyed for a soft, vintage-like color and texture
- Tubular knit (no side seams) and double-needle stitching for long-lasting construction
- Sizes S–3XL with pre-shrunk fabric and sewn-in label

Care instructions
- Machine wash: cold (max 30C or 90F)
- Do not bleach
- Tumble dry: low heat
- Iron, steam or dry: low heat
- Do not dryclean

Made to order and quality-checked before it ships to you. Exact dimensions are listed above — if you're ever unsure about sizing or fit, message me before you order and I'll help you pick the right option. Some listing photos include AI-enhanced mockups to show the design clearly; your item is printed exactly as shown.",23.99,USD,3,"capybara_shirt,halloween_shirt,ghost_capybara,vampire_shirt,witch_shirt,pumpkin_shirt,spooky_season,funny_halloween,animal_lover,fall_graphic_tee,capybara_gift,cute_spooky,autumn_outfit",Cotton,https://i.etsystatic.com/62608566/r/il/248376/8243383184/il_fullxfull.8243383184_oteo.jpg,https://i.etsystatic.com/62608566/r/il/b48332/8291279535/il_fullxfull.8291279535_1fv3.jpg,https://i.etsystatic.com/62608566/r/il/9b141b/8291274451/il_fullxfull.8291274451_evcl.jpg,https://i.etsystatic.com/62608566/r/il/ecd8c1/8243359618/il_fullxfull.8243359618_5tbj.jpg,https://i.etsystatic.com/62608566/r/il/8a4f7b/8243360150/il_fullxfull.8243360150_ffr5.jpg,https://i.etsystatic.com/62608566/r/il/fd7a33/8291316167/il_fullxfull.8291316167_tg66.jpg,https://i.etsystatic.com/62608566/r/il/18b6c0/8243307566/il_fullxfull.8243307566_c2dt.jpg,https://i.etsystatic.com/62608566/r/il/0cf359/8243308134/il_fullxfull.8243308134_82n6.jpg,https://i.etsystatic.com/62608566/r/il/f07b3f/8243308820/il_fullxfull.8243308820_qiqn.jpg,https://i.etsystatic.com/62608566/r/il/ca0d17/8291222713/il_fullxfull.8291222713_p2ts.jpg,Custom Property,Size,"Vampire / S,Vampire / M,Vampire / L,Vampire / XL,Vampire / 2XL,Vampire / 3XL,Vampire / 4XL,Witch / S,Witch / M,Witch / L,Witch / XL,Witch / 2XL,Witch / 3XL,Witch / 4XL,Ghost / S,Ghost / M,Ghost / L,Ghost / XL,Ghost / 2XL,Ghost / 3XL,Ghost / 4XL,Pumpkin / S,Pumpkin / M,Pumpkin / L,Pumpkin / XL,Pumpkin / 2XL,Pumpkin / 3XL,Pumpkin / 4XL",Custom Property,Color,"Black,Navy,Violet,Neon Pink","11400257319197384983,unavailable_sku,30894639449092814644,16639458974875547083,19106723167441915587,10166069877383907429,16792937316417502128,36700505431978003022,69630863494362255135,23412099129000725904,10288165077614742192,14718176567219241799,29061805897892280490,20450750116000588248,29171886409931234808,32804751034188639252,30474781114161596854,26069752509840174303,10603824752944786661,55389217495963911150,10910951650856716023,20534171214906646128,12251013170756930073,30337980322991278576,65408096679084813493,84988584582963208541,21946937783382381254,31815446400398952805,93821657316322952411,31069073562588858353,80002473508094672846,88572485163997362879,13080129591074908526,31558827490128143226,15931034516028074835,57058746466220615949,15096839727452724830,26160652880768273695,14124902209845759453,28138458979613008003,25302827068122897136,87091520513897432645,18935496567044382923,71895843369856320532,10628826596630256474,51627066769722734108,16670045237860013232,46432942667452834157,16126966717857946204,20639513543347414924,39192570929415930377,23618179799308209405,96002080870006493048,17614765422587024583,12784149103471539334,15998456040970459179,32280565466517828625,28224390191135501796,25641593840107579174,21670490913571904369,89757854515129376901,18312268698767851431,31834784801828518353,19788965387128031484,36885457766646249862,32418875089520827926,90223522871239842054,78929087802435472960,30517142253248076913,17025070158120791859,38641632299113191293,23513876953520406894,18962371514909868582,10399615692480687470,12997986205704232609,21371229721968416552,22820630027396226598,27782706210528204039,14099552604822638496,15627386051261741275,67082971421049869159,15643439654638290990,10187222666676103244,90883967833440883558,15719891233971395064,22417845737068890787,21245770015714091641,67431532604524764742,16445702201867611685,76730821653479486752,15080685937734708707,23514256011137137590"
"Custom Pet Christmas Tree Skirt, Personalized Dog Cat Holiday Decor","Turn your Christmas tree into the centerpiece of the holidays with a personalized pet Christmas tree skirt featuring your furry best friend! Simply upload your favorite photo, and we'll professionally transform your pet into adorable Christmas characters including a nutcracker, Santa Claus, elf, and snowman, creating a one-of-a-kind holiday keepsake your family will treasure year after year. Whether you're shopping for yourself or searching for the perfect Christmas gift for dog lovers, cat lovers, or pet parents, this custom tree skirt adds warmth, personality, and plenty of smiles to your holiday décor. Each design is individually created using your pet's photo, making every tree skirt completely unique. Our careful editing preserves your pet's recognizable features while seamlessly blending them into festive holiday characters for a fun, professional look. We will send you a proof for your approval before your tree skirt is sent to production.

Product features
- 100% polyester fleece for durability and quick-dry convenience
- Soft, plush material for a cozy, fluffy feel
- Hemmed edges for reinforced, long-lasting construction
- One-sided print for subtle, classic styling, two color choices: red or green background
- Pre-constructed, assembled in the USA from globally sourced parts

Care instructions
- Spot clean only

Made to order and quality-checked before it ships to you. Exact dimensions are listed above — if you're ever unsure about sizing or fit, message me before you order and I'll help you pick the right option. Some listing photos include AI-enhanced mockups to show the design clearly; your item is printed exactly as shown.",64.99,USD,6,"personalized_pet,dog_tree_skirt,skirt_pet_Christmas,tree_skirt_dog,Christmas_decor,pet_portrait,personalized_holiday,custom_dog_skirt,pet_parent_Christmas,cat_tree_skirt,homedecor,celebration_decor,red_or_green",Polyester,https://i.etsystatic.com/62608566/r/il/6c0f21/8243244136/il_fullxfull.8243244136_rqd0.jpg,https://i.etsystatic.com/62608566/r/il/33b754/8291029039/il_fullxfull.8291029039_qwqy.jpg,https://i.etsystatic.com/62608566/r/il/c5cf8b/8243266258/il_fullxfull.8243266258_67j0.jpg,https://i.etsystatic.com/62608566/r/il/882e62/8243139960/il_fullxfull.8243139960_g0c9.jpg,https://i.etsystatic.com/62608566/r/il/baf006/8243106568/il_fullxfull.8243106568_bu12.jpg,https://i.etsystatic.com/62608566/r/il/51230b/8243120880/il_fullxfull.8243120880_edok.jpg,https://i.etsystatic.com/62608566/r/il/964a6c/8430180129/il_fullxfull.8430180129_smh1.jpg,,,,Custom Property,Color,"Red Tree Skirt / One size,Green Tree Skirt / One size",,,,"29037250765977967357,17888406904653063958"
"Woodland Animals Sweatshirt, Capybara Raccoon Possum Crewneck, Cozy Nature Lover Pullover","Wrap yourself in woodland comfort. There's something special about cozy clothes and charming wildlife. Featuring an original illustration of a cuddly capybara, raccoon, and possum nestled together, this sweatshirt brings warmth, comfort, and a little woodland magic to your everyday wardrobe.
Whether you're heading out for a crisp morning walk, relaxing at home with a cup of coffee, or spending the day exploring your favorite bookstore or café, this cozy crewneck is made for people who appreciate nature, comfort, and whimsical art.

Product features:
- Medium-heavy 50/50 cotton-poly blend (8.0 oz/yd²) for durable warmth
- Tubular knit (no side seams) and ribbed collar for a clean, lasting fit
- Double-needle stitching at shoulder, armhole, neck, waistband, and cuffs
- DTF inner neck labels; OEKO-TEX® certified dyes and ethically grown US cotton

Care instructions
- Machine wash: cold (max 30C or 90F)
- Non-chlorine: bleach as needed
- Tumble dry: low heat
- Do not dryclean

Made to order and quality-checked before it ships to you. Exact dimensions are listed above — if you're ever unsure about sizing or fit, message me before you order and I'll help you pick the right option. Some listing photos include AI-enhanced mockups to show the design clearly; your item is printed exactly as shown.",34.99,USD,3,"animal_sweatshirt,capybara_shirt,raccoon_sweatshirt,possum_lover,woodland_style,cottagecore_top,cozy_crewneck,nature_lover_gift,wildlife_art,unisex_sweatshirt,cute_animal_top,forest_aesthetic,trash_panda_art","Cotton,Polyester",https://i.etsystatic.com/62608566/r/il/26a50c/8382317572/il_fullxfull.8382317572_dvbp.jpg,https://i.etsystatic.com/62608566/r/il/bf1e42/8240176638/il_fullxfull.8240176638_ct3t.jpg,https://i.etsystatic.com/62608566/r/il/42d2a8/8288086095/il_fullxfull.8288086095_22dc.jpg,https://i.etsystatic.com/62608566/r/il/280375/8288086537/il_fullxfull.8288086537_h6vw.jpg,https://i.etsystatic.com/62608566/r/il/04cf8b/8240178284/il_fullxfull.8240178284_7l4s.jpg,https://i.etsystatic.com/62608566/r/il/99b408/8240178780/il_fullxfull.8240178780_5dwx.jpg,https://i.etsystatic.com/62608566/r/il/5e2222/8240179298/il_fullxfull.8240179298_eqte.jpg,https://i.etsystatic.com/62608566/r/il/45e3a5/8240179916/il_fullxfull.8240179916_5frt.jpg,https://i.etsystatic.com/62608566/r/il/3a76e3/8240184828/il_fullxfull.8240184828_lgcu.jpg,https://i.etsystatic.com/62608566/r/il/63726a/8288089573/il_fullxfull.8288089573_mns5.jpg,Custom Property,Sizes,"S,M,L,XL,2XL,3XL",Custom Property,Colors,"Heliconia,Maroon,Navy,Purple,Red,Black,Graphite Heather","12121200257981229743,32136501410936178586,69917752766842897701,24308786263171863923,21302409744434516193,16225329957472666923,31728295996928663780,12117690420673581812,29859739741009552107,30702852344996334555,23501195578342590556,22197952432541716645,21652507457678896912,23130431722075177056,20464768728058077299,99220800695892500675,83424102343935424202,32143870533306548409,32434449290436066913,15893557141877077944,31058184272394785627,16205282381124596830,16439869457103436641,14791958563935690668,50562977760372784709,12529160824191262358,16220938710081251333,25422556829659170637,27646833913124481898,10373776161246080996,68054189500966519626,14984064266712320541,19679621463961671761,33795242444911806737,24234771320116882024,30144558296139023777,29905675168661305429,13680012672905668870,25945152077974649772,33375234422283372749,12028102532067146077,92978095209305796245"
"Pet Memorial Blanket Personalized, Custom Pet Portrait Woven Throw, Cotton Keepsake Sympathy Gift","A comforting reminder of a beloved companion. Our pets leave paw prints on our hearts that never fade. This personalized woven pet memorial blanket is created to honor that special bond, transforming your favorite photo into a timeless woven keepsake that brings comfort for years to come. Unlike printed fleece blankets, this heirloom-quality throw is woven from 100% cotton, giving it beautiful texture, lasting durability, and an elegant look that complements your home. Draped across a sofa or displayed on a bed, it becomes both a meaningful tribute and a beautiful piece of décor. Every portrait is thoughtfully created from your pet's photo in a realistic painted style. Personalize it with your pet's name, a favorite quote, memorial dates, or additional heartfelt messages to create a truly one-of-a-kind remembrance. For your peace of mind, you'll receive a digital proof before production begins. You'll have the opportunity to review your design, request any changes you'd like, and approve the final artwork before your blanket is woven. Let us know if you want a more customized design (additional photos, added lines of text...).

• Personalized with your pet's photo and name custom-woven into premium 100% cotton fabric
• Cozy throw blanket perfect for memorializing beloved dogs, cats, puppies, or kittens
• Beautiful cream background with elegant fringe trim adds a timeless touch
• Available in two generous sizes: 60x50 inches or 80x60 inches for versatile use
• Heartfelt keepsake gift ideal for pet lovers, memorial tributes, or celebrating your furry family member

Care instructions
- Machine wash: cold (max 30C or 90F), gentle cycle, mild detergent 
- Non-chlorine: bleach as needed
- Tumble dry: low heat

Made to order and quality-checked before it ships to you. Exact dimensions are listed above — if you're ever unsure about sizing or fit, message me before you order and I'll help you pick the right option. Some listing photos include AI-enhanced mockups to show the design clearly; your item is printed exactly as shown.",64.99,USD,6,"pet_memorial,woven_blanket,pet_loss_gift,cotton_throw,dog_memorial,cat_memorial,pet_portrait,remembrance_gift,custom_blanket,memorial_throw,pet_keepsake,home_decor,personalized_gift",Cotton,https://i.etsystatic.com/62608566/r/il/95cf4d/8319113672/il_fullxfull.8319113672_jj73.jpg,https://i.etsystatic.com/62608566/r/il/e8c74c/8237236388/il_fullxfull.8237236388_hwco.jpg,https://i.etsystatic.com/62608566/r/il/4f471c/8237281412/il_fullxfull.8237281412_5h8x.jpg,https://i.etsystatic.com/62608566/r/il/38a6a5/8237235692/il_fullxfull.8237235692_kbp1.jpg,https://i.etsystatic.com/62608566/r/il/7d0aaa/8237069254/il_fullxfull.8237069254_2nm1.jpg,https://i.etsystatic.com/62608566/r/il/4f10bc/8284979095/il_fullxfull.8284979095_4dro.jpg,https://i.etsystatic.com/62608566/r/il/3bbf77/8430191557/il_fullxfull.8430191557_j3nu.jpg,,,,Custom Property,Sizes,"60&quot; × 50&quot;,80&quot; × 60&quot;",,,,"30283293500658265285,81327475016678640269"
"Custom Pet Portrait Memorial Keychain, Acrylic Pet Loss Keepsake (Digital Proof)","The little reminder you'll carry every day. Losing a beloved pet leaves an empty space in your heart, but their love never truly leaves you. This personalized acrylic pet memorial keychain transforms your favorite photo into a realistic painted portrait, creating a meaningful keepsake you can carry wherever life takes you. Whether it's attached to your house keys, car keys, backpack, or purse, this custom keychain keeps the memory of your faithful companion close every day. It also makes a thoughtful sympathy gift for a friend or family member grieving the loss of a cherished pet. For your peace of mind, you'll receive a digital proof to review before production begins. You'll have the opportunity to approve the design or request changes, ensuring your memorial looks exactly the way you envision it before it's printed.

Product features
- 1.58"" x 3.15"", 100% strong, long-lasting acrylic construction
- Transparent acrylic shows the design from the backside as well
- Lightweight, high-quality transparent plastic material
- Printed single-sided artwork with visible reverse image

Care instructions
- Clean with a soft, damp cloth. Avoid any chemicals.

Made to order and quality-checked before it ships to you. Exact dimensions are listed above — if you're ever unsure about sizing or fit, message me before you order and I'll help you pick the right option. Some listing photos include AI-enhanced mockups to show the design clearly; your item is printed exactly as shown.",12.99,USD,3,"pet_memorial,pet_loss_gift,sympathy_gift,acrylic_keychain,pet_keychain,dog_memorial,cat_memorial,remembrance_gift,custom_portrait,memorial_keepsake,rainbow_bridge,pet_sympathy,photo_keychain",Acrylic,https://i.etsystatic.com/62608566/r/il/fa69eb/8227507394/il_fullxfull.8227507394_skb6.jpg,https://i.etsystatic.com/62608566/r/il/bcb322/8227516538/il_fullxfull.8227516538_a4kv.jpg,https://i.etsystatic.com/62608566/r/il/a0b7a8/8227506766/il_fullxfull.8227506766_4nr1.jpg,https://i.etsystatic.com/62608566/r/il/63354d/8275422153/il_fullxfull.8275422153_8fo1.jpg,https://i.etsystatic.com/62608566/r/il/cb79c2/8275397439/il_fullxfull.8275397439_eqcj.jpg,https://i.etsystatic.com/62608566/r/il/960a46/8275398109/il_fullxfull.8275398109_e1ta.jpg,https://i.etsystatic.com/62608566/r/il/e67e75/8382321426/il_fullxfull.8382321426_bsf8.jpg,,,,,,,,,,29417964016061805636
"Raccoon Possum Christmas Sweatshirt, Funny Caffeine Denial Crewneck, Holiday Animal Pullover","Your holiday survival uniform has arrived. When the to-do list is endless, the coffee pot is empty, and you're smiling through the chaos, this sweatshirt says exactly what everyone is thinking: ""Surviving on Caffeine & Denial."" Featuring an adorable raccoon and opossum wrapped in colorful Christmas lights, this cozy crewneck combines festive charm with sarcastic humor. It's the perfect sweatshirt for holiday shopping, decorating, office parties, cookie baking, or simply making it through December one cup of coffee at a time. Whether you're buying it for yourself or gifting it to a coffee-loving friend, coworker, or family member, this funny holiday sweatshirt is sure to become a seasonal favorite.

Product features:
- Medium-heavy 50/50 cotton-poly blend (8.0 oz/yd²) for durable warmth
- Tubular knit (no side seams) and ribbed collar for a clean, lasting fit
- Double-needle stitching at shoulder, armhole, neck, waistband, and cuffs
- DTF inner neck labels; OEKO-TEX® certified dyes and ethically grown US cotton

Care instructions
- Machine wash: cold (max 30C or 90F)
- Non-chlorine: bleach as needed
- Tumble dry: low heat
- Do not dryclean

Made to order and quality-checked before it ships to you. Exact dimensions are listed above — if you're ever unsure about sizing or fit, message me before you order and I'll help you pick the right option. Some listing photos include AI-enhanced mockups to show the design clearly; your item is printed exactly as shown.",35.99,USD,3,"funny_xmas_top,holiday_crewneck,raccoon_gift,opossum_lover,caffeine_humor,denial_quote,winter_outfit,festive_apparel,coworker_gift,christmas_gift,animal_sweatshirt,possum_pullover,trash_panda_art","Cotton,Polyester",https://i.etsystatic.com/62608566/r/il/832a3a/8430226057/il_fullxfull.8430226057_paj2.jpg,https://i.etsystatic.com/62608566/r/il/45b124/8271447239/il_fullxfull.8271447239_obj3.jpg,https://i.etsystatic.com/62608566/r/il/372216/8223479122/il_fullxfull.8223479122_gujx.jpg,https://i.etsystatic.com/62608566/r/il/f27a78/8223479584/il_fullxfull.8223479584_68wi.jpg,https://i.etsystatic.com/62608566/r/il/cb266d/8271398987/il_fullxfull.8271398987_o96r.jpg,https://i.etsystatic.com/62608566/r/il/3da8e8/8271399539/il_fullxfull.8271399539_k2f1.jpg,https://i.etsystatic.com/62608566/r/il/4b0802/8271400095/il_fullxfull.8271400095_d02v.jpg,https://i.etsystatic.com/62608566/r/il/c9ca58/8271400525/il_fullxfull.8271400525_mmhq.jpg,https://i.etsystatic.com/62608566/r/il/1258a7/8430219123/il_fullxfull.8430219123_jgyw.jpg,,Custom Property,Sizes,"S,M,L,XL,2XL,3XL",Custom Property,Colors,"Ash,Maroon,Navy,Purple,Black","24482702320477403889,13989140992801150584,13814188069674078431,30372008634711169388,17535003675070762959,20453364428372086991,26710978481388919471,85443856843653259179,28616322122679070948,10597464261363682105,14611422021578170205,10799216327164065268,33875254469333083093,36710447089489300503,53388834306430487438,10033183561670447126,13413287832530709447,20377839451794020008,22663077631361868016,22383182846817990414,50497220065027214651,72428611049906036583,86696352228153773606,12830785721653823925,81377404444951305857,16844672169956347578,33699168510485707675,22577166354454072724,21838418168346381120,32231780933999041237"
"Funny Raccoon Opossum Christmas Mug, Caffeine Denial Coffee Cup, Coworker Boss Gift","The holiday mug for anyone running on coffee and pure determination. Some people thrive during the holidays. The rest of us survive on caffeine and denial. This funny 11 oz ceramic mug features an adorable raccoon and opossum tangled in colorful Christmas lights with the hilarious saying ""Surviving on Caffeine & Denial."" Whether you're fueling up before work, wrapping presents at midnight, or getting through another holiday family gathering, this mug is sure to bring a smile with every sip. Perfect for coffee, tea, hot chocolate, or your favorite seasonal drink, it also makes a thoughtful gift for friends, coworkers, teachers, and anyone who appreciates sarcastic holiday humor.

Product features
- 11 oz Glossy 100% ceramic black body with vibrant, high-contrast print
- Microwave- and dishwasher-safe for everyday use
- Comfortable C-shaped handle with lead- and BPA-free materials
- Printed using vivid-color techniques that resist fading

Care instructions
- Clean in dishwasher (put the product on top rack), or wash  by hand with warm water and dish soap

Made to order and quality-checked before it ships to you. Exact dimensions are listed above — if you're ever unsure about sizing or fit, message me before you order and I'll help you pick the right option. Some listing photos include AI-enhanced mockups to show the design clearly; your item is printed exactly as shown.",17.99,USD,3,"funny_xmas_mug,coffee_lover,raccoon_mug,opossum_mug,holiday_mug,denial_humor,caffeine_gift,white_elephant,animal_lover,coworker_gift,11oz_mug,possum_cup,trash_panda_art",Ceramic,https://i.etsystatic.com/62608566/r/il/30764f/8223453736/il_fullxfull.8223453736_5sdp.jpg,https://i.etsystatic.com/62608566/r/il/2e2ec5/8271244587/il_fullxfull.8271244587_3vuw.jpg,https://i.etsystatic.com/62608566/r/il/23f47b/8223327630/il_fullxfull.8223327630_mdv2.jpg,https://i.etsystatic.com/62608566/r/il/d63e5b/8223327034/il_fullxfull.8223327034_gegg.jpg,https://i.etsystatic.com/62608566/r/il/39518a/8271243723/il_fullxfull.8271243723_eelo.jpg,https://i.etsystatic.com/62608566/r/il/4a1aff/8430229037/il_fullxfull.8430229037_da6n.jpg,,,,,Custom Property,Sizes,"11oz,15oz",,,,"33534437819106376601,29662932407912510523"
"Raccoon Opossum Christmas Lights Shirt, Funny Caffeine Denial Holiday Tee","Because sometimes coffee and denial are the only things getting you through the holidays. If your holiday season is powered by caffeine, questionable decisions, and pretending everything is under control, this shirt was made for you. Featuring an adorable raccoon and opossum tangled in colorful Christmas lights with the hilarious phrase ""Surviving on Caffeine & Denial,"" this tee is perfect for anyone with a sarcastic sense of humor. Whether you're decorating the tree, surviving family gatherings, wrapping last-minute gifts, or counting down until January, this shirt is guaranteed to get laughs.

Product features
- 100% ring-spun US cotton — durable yet soft after garment-dyeing
- Heavyweight (6.1 oz) with relaxed fit for structure and comfort
- Garment-dyed for a soft, vintage-like color and texture
- Tubular knit (no side seams) and double-needle stitching for long-lasting construction
- Sizes S–3XL with pre-shrunk fabric and sewn-in label

Care instructions
- Machine wash: cold (max 30C or 90F)
- Do not bleach
- Tumble dry: low heat
- Iron, steam or dry: low heat
- Do not dryclean

Made to order and quality-checked before it ships to you. Exact dimensions are listed above — if you're ever unsure about sizing or fit, message me before you order and I'll help you pick the right option. Some listing photos include AI-enhanced mockups to show the design clearly; your item is printed exactly as shown.",23.99,USD,3,"funny_xmas_shirt,raccoon_shirt,opossum_shirt,caffeine_humor,denial_shirt,animal_graphic,christmas_gift,coworker_gift,coffee_lover,winter_apparel,Comfort_Colors,possum_humor,trash_panda_art",Cotton,https://i.etsystatic.com/62608566/r/il/404831/8378380876/il_fullxfull.8378380876_l68w.jpg,https://i.etsystatic.com/62608566/r/il/dbf047/8223279822/il_fullxfull.8223279822_too5.jpg,https://i.etsystatic.com/62608566/r/il/9226a4/8271162237/il_fullxfull.8271162237_m3kb.jpg,https://i.etsystatic.com/62608566/r/il/4572b6/8223245412/il_fullxfull.8223245412_5yjg.jpg,https://i.etsystatic.com/62608566/r/il/0ba818/8243419386/il_fullxfull.8243419386_o88d.jpg,https://i.etsystatic.com/62608566/r/il/2a58ae/8223246564/il_fullxfull.8223246564_r4jc.jpg,https://i.etsystatic.com/62608566/r/il/5ef488/8223247228/il_fullxfull.8223247228_7bsu.jpg,https://i.etsystatic.com/62608566/r/il/8c71ae/8271165945/il_fullxfull.8271165945_cwdp.jpg,https://i.etsystatic.com/62608566/r/il/ad0d04/8271166761/il_fullxfull.8271166761_85z5.jpg,https://i.etsystatic.com/62608566/r/il/51b40f/8223249828/il_fullxfull.8223249828_t6zh.jpg,Custom Property,Comfort Colors® Colors,"Black,Navy,Neon Pink",Custom Property,Clothing sizes,"S,M,L,XL,2XL,3XL,4XL","12003032099104157475,26278065710733533997,51391134557772219651,69177247343580559361,33332822984011685249,22639867010503088986,15533035733787522081,20695096114312294491,23864218671950877250,23072666763443079664,10032273199757733619,32290139651164706871,10584169241251404517,20154115051210777534,25381430718298312232,18141364017692126930,31111243623865848584,11145227656423494216,18316667541316601676,17364224406864282707,16261221969701247925"
"Personalized Pet Memorial Plaque, Custom Acrylic Dog Cat Loss Keepsake","Honor the memory of a beloved dog or cat with this personalized acrylic pet memorial plaque that transforms your favorite photo into custom artwork, creating a lasting tribute you can proudly display in your home or office. Every piece is handmade to order, giving you a meaningful keepsake that celebrates the unconditional love you shared. Whether displayed beside an urn, on a living room shelf, or on your office desk, this custom memorial offers comfort and keeps treasured memories close every day.  A proof will be provided to you for your approval before your plaque is sent to production.

Product features
- Solid acrylic construction with a modern horizontal tabletop design
- Available with glossy or matte finish
- Sharp, full‑color UV printing for vivid, durable images
- Wipe clean with a soft cloth (avoid alcohol cleaners)

Care instructions
- Clean with soft cloth and water. Do not use cleaning solutions with alcohol or chemicals.

Made to order and quality-checked before it ships to you. Exact dimensions are listed above — if you're ever unsure about sizing or fit, message me before you order and I'll help you pick the right option. Some listing photos include AI-enhanced mockups to show the design clearly; your item is printed exactly as shown.",47.99,USD,6,"pet_memorial,acrylic_plaque,dog_sympathy,cat_remembrance,pet_loss_gift,rainbow_bridge,custom_portrait,memorial_decor,dog_memorial,cat_memorial,pet_keepsake,grief_support,Personalized_GIft",Acrylic,https://i.etsystatic.com/62608566/r/il/3811cd/8223068356/il_fullxfull.8223068356_cs8x.jpg,https://i.etsystatic.com/62608566/r/il/3c8604/8223057782/il_fullxfull.8223057782_9l0s.jpg,https://i.etsystatic.com/62608566/r/il/40f0ce/8270975407/il_fullxfull.8270975407_m3xt.jpg,https://i.etsystatic.com/62608566/r/il/0ab904/8223056140/il_fullxfull.8223056140_61h0.jpg,https://i.etsystatic.com/62608566/r/il/27c10f/8223043478/il_fullxfull.8223043478_8ojl.jpg,https://i.etsystatic.com/62608566/r/il/b610af/8430235749/il_fullxfull.8430235749_kxtw.jpg,,,,,Custom Property,Finish,"Glossy,Frosted",,,,"13811744703239434614,26674099073067869205"
"Possum Raccoon Canvas Art, We Heard Pie Funny Print, Animal Kitchen Wall Decor","The wall art that's guaranteed to get a laugh. Some people decorate with flowers. Others decorate with two hopeful little troublemakers who just heard there was pie. This gallery-wrapped canvas features an adorable possum and raccoon with the hilarious phrase ""We heard there was pie?"" It's the perfect conversation piece for kitchens, dining rooms, coffee bars, home offices, cabins, or anywhere you want to add a little humor and personality. Whether you're decorating your own space or looking for a unique gift, this playful canvas is sure to make guests smile.

Product features
- High-quality matte coating with UL-certified Greenguard Gold inks for vivid, safe prints
- Stretched on FSC-sourced radiata pine with a 1.25"" profile for a clean gallery look
- Durable cotton-poly canvas printed with non-toxic latex inks
- Soft rubber dots and included back-hanging hardware for secure placement
- Available in multiple sizes; slight size tolerance +/- 1/8"" due to production

Care instructions
- If the canvas does gather any dust, you may wipe it off gently with a clean, damp cloth.

Made to order and quality-checked before it ships to you. Exact dimensions are listed above — if you're ever unsure about sizing or fit, message me before you order and I'll help you pick the right option. Some listing photos include AI-enhanced mockups to show the design clearly; your item is printed exactly as shown.",29.99,USD,3,"funny_possum_art,raccoon_canvas,animal_wall_art,funny_wall_sign,wildlife_print,woodland_art,office_wall_art,nature_decor,funny_home_gift,Thanksgiving,opossum_canvas,homedecor,trash_panda_art",Canvas,https://i.etsystatic.com/62608566/r/il/d84074/8271542851/il_fullxfull.8271542851_kcao.jpg,https://i.etsystatic.com/62608566/r/il/818165/8267952643/il_fullxfull.8267952643_8wbn.jpg,https://i.etsystatic.com/62608566/r/il/2242c1/8267952995/il_fullxfull.8267952995_pq9r.jpg,https://i.etsystatic.com/62608566/r/il/af05db/8267946735/il_fullxfull.8267946735_4k3h.jpg,https://i.etsystatic.com/62608566/r/il/a44518/8220032614/il_fullxfull.8220032614_fris.jpg,https://i.etsystatic.com/62608566/r/il/38ddc3/8382365932/il_fullxfull.8382365932_b2o4.jpg,,,,,Custom Property,Sizes,"12&quot; x 9&quot; (Horizontal),20″ x 16″ (Horizontal),30&quot; x 24&quot; (Horizontal)",,,,"66744908103989146538,29931049134645013524,17201122593604418466"
"Possum Raccoon Pie Sweatshirt, Funny Wildlife Animal Crewneck Pullover","Cozy, comfy, and guaranteed to make people smile. Some people smell fresh coffee. These two heard there was pie. This cozy crewneck sweatshirt features an adorable possum and raccoon with the hilarious phrase ""We heard there was pie?"" It's perfect for anyone who loves quirky wildlife, clever humor, and comfortable everyday style. Whether you're relaxing at home, heading out for a walk, camping with friends, or grabbing coffee on a cool morning, this sweatshirt is designed to keep you warm while showing off your fun personality.

Product features:
- Medium-heavy 50/50 cotton-poly blend (8.0 oz/yd²) for durable warmth
- Tubular knit (no side seams) and ribbed collar for a clean, lasting fit
- Double-needle stitching at shoulder, armhole, neck, waistband, and cuffs
- DTF inner neck labels; OEKO-TEX® certified dyes and ethically grown US cotton

Care instructions
- Machine wash: cold (max 30C or 90F)
- Non-chlorine: bleach as needed
- Tumble dry: low heat
- Do not dryclean

Made to order and quality-checked before it ships to you. Exact dimensions are listed above — if you're ever unsure about sizing or fit, message me before you order and I'll help you pick the right option. Some listing photos include AI-enhanced mockups to show the design clearly; your item is printed exactly as shown.",35.99,USD,3,"funny_possum,raccoon_crewneck,animal_sweatshirt,funny_wildlife,pie_lover_gift,unisex_pullover,woodland_style,nature_lover,birthday_gift,meme_apparel,Thanksgiving,opossum_funny,trash_panda_art","Cotton,Polyester",https://i.etsystatic.com/62608566/r/il/b05ec9/8271496825/il_fullxfull.8271496825_oish.jpg,https://i.etsystatic.com/62608566/r/il/76040a/8219943290/il_fullxfull.8219943290_jite.jpg,https://i.etsystatic.com/62608566/r/il/63ded3/8267870887/il_fullxfull.8267870887_6sgj.jpg,https://i.etsystatic.com/62608566/r/il/19149c/8219943976/il_fullxfull.8219943976_po54.jpg,https://i.etsystatic.com/62608566/r/il/fc26ff/8219944466/il_fullxfull.8219944466_85hn.jpg,https://i.etsystatic.com/62608566/r/il/90e5dc/8219944878/il_fullxfull.8219944878_tc8y.jpg,https://i.etsystatic.com/62608566/r/il/83afb6/8219945270/il_fullxfull.8219945270_7hgv.jpg,https://i.etsystatic.com/62608566/r/il/d1c94a/8267873455/il_fullxfull.8267873455_p3sn.jpg,https://i.etsystatic.com/62608566/r/il/2a0b5d/8267874091/il_fullxfull.8267874091_f1i1.jpg,https://i.etsystatic.com/62608566/r/il/b4901d/8267874929/il_fullxfull.8267874929_o5ph.jpg,Custom Property,Sizes,"S,M,L,XL,2XL,3XL",Custom Property,Colors,"Navy,Red,Black,Graphite Heather","10032061927871105761,59145749456568542954,23346118716687809905,28128821192266789761,27293684824126251631,71104933255961361971,90552290526368577107,31750147409889751199,19591582622002192645,46813248681097298733,38417290802674720048,26075961845875930053,45892333645986766110,28757169126702424684,70020322649999599699,21310491530569066613,17125273351995560941,25832139922955833014,10541837512433497423,24531345208921332026,10553534951859255476,32774980343800001378,25088973134075259771,12023718052209108429"
"Possum Raccoon Pie Graphic Tee, Funny Wildlife Animal Shirt","Some people hear opportunity. These two heard there was pie. This hilarious graphic tee features an adorable possum and raccoon with the playful phrase ""We heard there was pie?"" It's the perfect conversation starter for anyone who loves funny animals, memes, and a little everyday chaos.Whether you're grabbing coffee, heading to work, exploring the outdoors, or just relaxing at home, this shirt adds personality and humor to your wardrobe.

Product features
- 100% ring-spun US cotton — durable yet soft after garment-dyeing
- Heavyweight (6.1 oz) with relaxed fit for structure and comfort
- Garment-dyed for a soft, vintage-like color and texture
- Tubular knit (no side seams) and double-needle stitching for long-lasting construction
- Sizes S–3XL with pre-shrunk fabric and sewn-in label

Care instructions
- Machine wash: cold (max 30C or 90F)
- Do not bleach
- Tumble dry: low heat
- Iron, steam or dry: low heat
- Do not dryclean

Made to order and quality-checked before it ships to you. Exact dimensions are listed above — if you're ever unsure about sizing or fit, message me before you order and I'll help you pick the right option. Some listing photos include AI-enhanced mockups to show the design clearly; your item is printed exactly as shown.",22.99,USD,3,"funny_possum_tee,raccoon_shirt,pie_lover_shirt,wildlife_tee,funny_meme_shirt,unisex_tshirt,quirky_apparel,camping_shirt,coworker_gift,woodland_tee,Thanksgiving,opossum_graphic,trash_panda_art",Cotton,https://i.etsystatic.com/62608566/r/il/09c025/8223581184/il_fullxfull.8223581184_j2kc.jpg,https://i.etsystatic.com/62608566/r/il/44db8a/8267838969/il_fullxfull.8267838969_jozg.jpg,https://i.etsystatic.com/62608566/r/il/91c6fc/8267833057/il_fullxfull.8267833057_5qkf.jpg,https://i.etsystatic.com/62608566/r/il/125ef6/8267832347/il_fullxfull.8267832347_aulw.jpg,https://i.etsystatic.com/62608566/r/il/781524/8267833793/il_fullxfull.8267833793_buab.jpg,https://i.etsystatic.com/62608566/r/il/be399c/8267844605/il_fullxfull.8267844605_i9m9.jpg,https://i.etsystatic.com/62608566/r/il/b12722/8382369196/il_fullxfull.8382369196_mslh.jpg,,,,Custom Property,Clothing sizes,"S,M,L,XL,2XL,3XL,4XL",,,,"21077120855457256811,93258059549091555954,15286906870190698883,16701172297138920957,33302532057009224329,99169733746838185194,17022408386505996865"
"Possum Raccoon Pie Coffee Mug, Funny Black Ceramic Cup, Animal Lover Gift","If your favorite people appreciate dry humor, woodland critters, and coffee, this mug belongs on their desk. Featuring an adorable possum and raccoon with the hilarious phrase ""We heard there was pie?"", it's guaranteed to spark conversations at home or in the office. Whether you're shopping for a coworker, friend, family member, or treating yourself, this ceramic mug brings a little chaos and a lot of personality to every coffee break.

Product features
- 11 oz or 15 oz
- Glossy 100% ceramic black body with vibrant, high-contrast print
- Microwave- and dishwasher-safe for everyday use
- Comfortable C-shaped handle with lead- and BPA-free materials
- Printed using vivid-color techniques that resist fading, design printed on both sides

Care instructions
- Clean in dishwasher (put the product on top rack), or wash  by hand with warm water and dish soap

Made to order and quality-checked before it ships to you. Exact dimensions are listed above — if you're ever unsure about sizing or fit, message me before you order and I'll help you pick the right option. Some listing photos include AI-enhanced mockups to show the design clearly; your item is printed exactly as shown.",17.99,USD,6,"funny_possum_mug,raccoon_coffee,pie_lover_mug,funny_office_mug,coworker_gift,animal_lover,ceramic_mug,black_coffee_cup,woodland_decor,funny_gift_idea,art_parody_mug,Thanksgiving,opossum_mug",Ceramic,https://i.etsystatic.com/62608566/r/il/815197/8271512475/il_fullxfull.8271512475_fdqq.jpg,https://i.etsystatic.com/62608566/r/il/2e3a73/8267726395/il_fullxfull.8267726395_qsc8.jpg,https://i.etsystatic.com/62608566/r/il/ea3111/8219814694/il_fullxfull.8219814694_ma7f.jpg,https://i.etsystatic.com/62608566/r/il/4b3fbb/8219797798/il_fullxfull.8219797798_22pl.jpg,https://i.etsystatic.com/62608566/r/il/b2b2d9/8219799748/il_fullxfull.8219799748_rf1i.jpg,https://i.etsystatic.com/62608566/r/il/de6e4b/8267727509/il_fullxfull.8267727509_5vka.jpg,https://i.etsystatic.com/62608566/r/il/ed38ae/8430242645/il_fullxfull.8430242645_qqqd.jpg,,,,Custom Property,Sizes,"11oz,15oz",,,,"28887771620888750701,38254848510522506517"
"Pet Memorial Plaque Personalized, Custom Photo Slate Sign, Pet Loss Sympathy Keepsake Decor","Honor the memory of a beloved dog or cat. Some pets leave paw prints that never fade. This personalized slate pet memorial plaque is a heartfelt tribute that celebrates the unconditional love and companionship you shared. Display it on a desk, bookshelf, mantel, or memorial shelf as a daily reminder of a cherished friend. Each plaque is custom printed with your favorite pet photo, their name, and optional memorial dates, creating a one-of-a-kind keepsake you'll treasure for years. We will send you a proof for your approval prior to sending your plaque to production.

Product features
- Authentic natural slate with organic texture, 7"" high x 11"" wide
- One-of-a-kind chiseled edges for rustic character
- Includes a sturdy, minimalist display stand
- Ready to use right out of the box

Care instructions
- Handle with care
- Wipe the dust off gently with a soft, dry cloth.
- Indoor use only

Made to order and quality-checked before it ships to you. Exact dimensions are listed above — if you're ever unsure about sizing or fit, message me before you order and I'll help you pick the right option. Some listing photos include AI-enhanced mockups to show the design clearly; your item is printed exactly as shown.",43.99,USD,3,"pet_memorial,slate_plaque,pet_loss_gift,dog_remembrance,cat_memorial,sympathy_plaque,custom_pet_gift,memorial_decor,rainbow_bridge,pet_tribute,remembrance_gift,pet_sympathy,personalized_custom",Slate,https://i.etsystatic.com/62608566/r/il/b6ba50/8219202684/il_fullxfull.8219202684_4xqy.jpg,https://i.etsystatic.com/62608566/r/il/fe35c7/8267145829/il_fullxfull.8267145829_2la1.jpg,https://i.etsystatic.com/62608566/r/il/83baff/8219211594/il_fullxfull.8219211594_daxz.jpg,https://i.etsystatic.com/62608566/r/il/e3f8e4/8267123689/il_fullxfull.8267123689_l1su.jpg,https://i.etsystatic.com/62608566/r/il/3842de/8219194992/il_fullxfull.8219194992_o9gy.jpg,https://i.etsystatic.com/62608566/r/il/4df4a4/8430243897/il_fullxfull.8430243897_d8c7.jpg,,,,,,,,,,,14332523987671689634
"Personalized Pet Memorial Ornament, Custom Photo Acrylic Keepsake, Dog Cat Sympathy Gift","Honor a beloved pet with a keepsake that brings comfort every holiday, and every day in between. Losing a pet leaves an empty space that never truly goes away. This personalized 3"" diameter acrylic pet memorial ornament is a meaningful way to celebrate the unconditional love and memories you shared. Whether it's displayed on a Christmas tree or kept as a year-round reminder, it creates a beautiful tribute that lasts for years. Each ornament is customized with your favorite pet photo and your own wording, making every piece completely unique. Add your pet's name, a heartfelt message, and optional memorial dates to create a keepsake that reflects your story. We will send you a proof for your approval before sending your order to production.

Product features
- Durable 100% acrylic construction for long-lasting use
- Comes with a red ribbon included for hanging
- Single-side high-contrast print keeps artwork vivid

Made to order and quality-checked before it ships to you. Exact dimensions are listed above — if you're ever unsure about sizing or fit, message me before you order and I'll help you pick the right option. Some listing photos include AI-enhanced mockups to show the design clearly; your item is printed exactly as shown.",16.99,USD,3,"pet_memorial,pet_loss_gift,dog_remembrance,cat_memorial,photo_ornament,acrylic_ornament,sympathy_keepsake,custom_pet_gift,rainbow_bridge,memorial_keepsake,grieving_pet_gift,pet_photo,personalized_gift",Acrylic,https://i.etsystatic.com/62608566/r/il/35d619/8272271451/il_fullxfull.8272271451_5wfr.jpg,https://i.etsystatic.com/62608566/r/il/25ecb3/8267075563/il_fullxfull.8267075563_iw6a.jpg,https://i.etsystatic.com/62608566/r/il/0d4d53/8219076442/il_fullxfull.8219076442_83nv.jpg,https://i.etsystatic.com/62608566/r/il/e7e144/8267018423/il_fullxfull.8267018423_o0bd.jpg,https://i.etsystatic.com/62608566/r/il/0825ef/8267005097/il_fullxfull.8267005097_bb3f.jpg,https://i.etsystatic.com/62608566/r/il/d9bf57/8267005497/il_fullxfull.8267005497_juoi.jpg,https://i.etsystatic.com/62608566/r/il/273eff/8430245301/il_fullxfull.8430245301_r2ii.jpg,,,,,,,,,,29567845180131338279
"Capybara Tote, Embrace Chaos Art Parody Shopping Bag, Cotton Canvas Tote","Take a little chaos with you wherever you go. Inspired by the iconic The Scream, this playful parody swaps the famous figure for a capybara and pairs it with the phrase ""Embrace Chaos."" It's the perfect everyday tote for art lovers, bookworms, students, and anyone who appreciates clever humor. From grocery runs and farmers markets to bookstores and coffee shops, this sturdy canvas tote is designed to carry your essentials while showing off your unique style.

• Spacious 15 x 16 inch black canvas tote made from sturdy 12 oz cotton for long-lasting durability
• Reinforced handles designed for comfortable carrying during grocery shopping and daily errands
• Reusable and eco-friendly alternative to disposable bags, perfect for the market or everyday use

Care instructions
- Do not iron directly over the printed area - print may stick to the iron.
- Spot clean
- Do not bleach
- Line dry

Made to order and quality-checked before it ships to you. Exact dimensions are listed above — if you're ever unsure about sizing or fit, message me before you order and I'll help you pick the right option. Some listing photos include AI-enhanced mockups to show the design clearly; your item is printed exactly as shown.",19.99,USD,3,"capybara_tote,funny_art_tote,reusable_tote,canvas_shopper,cotton_tote,grocery_tote,bookstore_bag,library_tote,art_lover_gift,museum_tote,quirky_bag,eco_tote_bag,dark_humor",Canvas,https://i.etsystatic.com/62608566/r/il/689374/8219306680/il_fullxfull.8219306680_r36r.jpg,https://i.etsystatic.com/62608566/r/il/8acfe9/8243431302/il_fullxfull.8243431302_704a.jpg,https://i.etsystatic.com/62608566/r/il/33e16e/8264052021/il_fullxfull.8264052021_135d.jpg,https://i.etsystatic.com/62608566/r/il/d31093/8264052563/il_fullxfull.8264052563_jqhe.jpg,https://i.etsystatic.com/62608566/r/il/b53ee2/8216128036/il_fullxfull.8216128036_pfcu.jpg,https://i.etsystatic.com/62608566/r/il/73479d/8216128396/il_fullxfull.8216128396_n1re.jpg,https://i.etsystatic.com/62608566/r/il/8dd750/8264053867/il_fullxfull.8264053867_hsxw.jpg,https://i.etsystatic.com/62608566/r/il/1117ee/8264054333/il_fullxfull.8264054333_ewyt.jpg,,,,,,,,,44728218715463351416
"Capybara Scream Canvas, Museum Parody Art Print, Embrace Chaos Wall Decor","Art history has never looked this chaotic. Bring a smile to your walls with this hilarious parody inspired by The Scream. Featuring a capybara replacing the iconic figure and the phrase ""Embrace Chaos,"" this gallery-wrapped canvas is perfect for anyone who appreciates classic art, internet humor, and a little everyday absurdity. Whether you're decorating a home office, dorm room, studio, or living room, this canvas adds personality and starts conversations.

Product features
- High-quality matte coating with UL-certified Greenguard Gold inks for vivid, safe prints
- Stretched on FSC-sourced radiata pine with a 1.25"" profile for a clean gallery look
- Durable cotton-poly canvas printed with non-toxic latex inks
- Soft rubber dots and included back-hanging hardware for secure placement
- Available in multiple orientations and sizes; slight size tolerance +/- 1/8"" due to production

Care instructions
- If the canvas does gather any dust, you may wipe it off gently with a clean, damp cloth.

Made to order and quality-checked before it ships to you. Exact dimensions are listed above — if you're ever unsure about sizing or fit, message me before you order and I'll help you pick the right option. Some listing photos include AI-enhanced mockups to show the design clearly; your item is printed exactly as shown.",32.99,USD,9,"capybara_canvas,funny_wall_art,office_decor,dorm_decor,gallery_canvas,art_lover_gift,museum_decor,canvas_decor,dark_humor_art,capybara_gift,nerd_room_decor,home_office_art,homedecor","Wood,Canvas",https://i.etsystatic.com/62608566/r/il/4123dc/8219321308/il_fullxfull.8219321308_ni57.jpg,https://i.etsystatic.com/62608566/r/il/1f103d/8291346485/il_fullxfull.8291346485_oqqi.jpg,https://i.etsystatic.com/62608566/r/il/ccaa83/8216078574/il_fullxfull.8216078574_d3bg.jpg,https://i.etsystatic.com/62608566/r/il/659895/8216078966/il_fullxfull.8216078966_2dhf.jpg,https://i.etsystatic.com/62608566/r/il/c78bfe/8264004271/il_fullxfull.8264004271_rg5f.jpg,https://i.etsystatic.com/62608566/r/il/b16dac/8216079646/il_fullxfull.8216079646_lqr9.jpg,https://i.etsystatic.com/62608566/r/il/5c11b9/8216080088/il_fullxfull.8216080088_h8xz.jpg,,,,Custom Property,Sizes,"9&quot; x 12&quot; (Vertical),16&quot; x 20&quot; (Vertical),24&quot; x 30&quot; (Vertical)",,,,"20413131088174853516,30549180611721087488,28396039599989723474"
"Funny Mug, Capybara Scream Mug, Embrace Chaos Art Parody Coffee Cup, Coworker Boss Gift","Coffee first. Existential crisis later. Start your day with a mug that perfectly captures life's chaotic energy. Featuring a playful parody of The Scream with a capybara taking center stage, this ""Embrace Chaos"" mug is made for coffee lovers who appreciate clever humor, iconic art, and a little daily absurdity. Whether it's your morning coffee, afternoon tea, or late-night caffeine refill, this mug is guaranteed to start conversations and earn a few laughs.

Product features
- 11 oz - Glossy 100% ceramic black body with vibrant, high-contrast print
- Microwave- and dishwasher-safe for everyday use
- Comfortable C-shaped handle with lead- and BPA-free materials
- Printed using vivid-color techniques that resist fading

Care instructions
- Clean in dishwasher (put the product on top rack), or wash  by hand with warm water and dish soap

Made to order and quality-checked before it ships to you. Exact dimensions are listed above — if you're ever unsure about sizing or fit, message me before you order and I'll help you pick the right option. Some listing photos include AI-enhanced mockups to show the design clearly; your item is printed exactly as shown.",17.99,USD,3,"capybara_mug,funny_art_mug,scream_parody,embrace_chaos,office_coffee,desk_mug,black_mug,ceramic_mug,museum_gift,coworker_gift,dark_humor,coffee_gift,art_parody_mug",Ceramic,https://i.etsystatic.com/62608566/r/il/d1ff19/8267265567/il_fullxfull.8267265567_5566.jpg,https://i.etsystatic.com/62608566/r/il/c051cd/8243433912/il_fullxfull.8243433912_2fmh.jpg,https://i.etsystatic.com/62608566/r/il/968a98/8263980381/il_fullxfull.8263980381_of97.jpg,https://i.etsystatic.com/62608566/r/il/7b21c8/8216049818/il_fullxfull.8216049818_q4xm.jpg,https://i.etsystatic.com/62608566/r/il/98bde1/8216050622/il_fullxfull.8216050622_topm.jpg,https://i.etsystatic.com/62608566/r/il/0abedb/8216048688/il_fullxfull.8216048688_7kqt.jpg,https://i.etsystatic.com/62608566/r/il/d578eb/8216049326/il_fullxfull.8216049326_cf60.jpg,,,,,,,,,,11418580562668383824
"Funny Capybara The Scream Parody T Shirt, Embrace Chaos Graphic Tee","Meet the capybara who stays calm while the world falls apart. Inspired by The Scream, this hilarious parody pairs a famously anxious scene with everyone's favorite unbothered rodent and the reminder to ""Embrace Chaos."" Whether you're an art lover, a capybara fan, or someone who laughs through life's unpredictable moments, this graphic tee brings humor, personality, and conversation-starting style to your everyday wardrobe.

Product features
- 100% ring-spun US cotton — durable yet soft after garment-dyeing
- Heavyweight (6.1 oz) with relaxed fit for structure and comfort
- Garment-dyed for a soft, vintage-like color and texture
- Tubular knit (no side seams) and double-needle stitching for long-lasting construction
- Sizes S–3XL with pre-shrunk fabric and sewn-in label

Care instructions
- Machine wash: cold (max 30C or 90F)
- Do not bleach
- Tumble dry: low heat
- Iron, steam or dry: low heat
- Do not dryclean

Made to order and quality-checked before it ships to you. Exact dimensions are listed above — if you're ever unsure about sizing or fit, message me before you order and I'll help you pick the right option. Some listing photos include AI-enhanced mockups to show the design clearly; your item is printed exactly as shown.",22.99,USD,3,"capybara_shirt,embrace_chaos,scream_parody,art_parody_tee,funny_art_shirt,capybara_gift,animal_graphic,museum_humor,dark_humor_tee,art_lover_gift,gothic_graphic,unisex_art_tee,comfort_colors",Cotton,https://i.etsystatic.com/62608566/r/il/13d84a/8267291357/il_fullxfull.8267291357_l5v9.jpg,https://i.etsystatic.com/62608566/r/il/a63977/8291349521/il_fullxfull.8291349521_na5x.jpg,https://i.etsystatic.com/62608566/r/il/303acc/8215980074/il_fullxfull.8215980074_q0lr.jpg,https://i.etsystatic.com/62608566/r/il/ad673a/8263905759/il_fullxfull.8263905759_n2vc.jpg,https://i.etsystatic.com/62608566/r/il/299ddb/8263906307/il_fullxfull.8263906307_1z4a.jpg,https://i.etsystatic.com/62608566/r/il/c017ce/8215981860/il_fullxfull.8215981860_j8eb.jpg,https://i.etsystatic.com/62608566/r/il/e63450/8291352373/il_fullxfull.8291352373_6aey.jpg,https://i.etsystatic.com/62608566/r/il/521747/8263906657/il_fullxfull.8263906657_dyzw.jpg,,,Custom Property,Clothing sizes,"S,M,L,XL,2XL,3XL,4XL",,,,"42798927669985407626,27907075222409036947,21794486108280034169,89490415086093173687,33405477903455832052,12576294931986619005,90883603161217625303"
Personalized Pet Photo Nutcracker Ornament: Custom Cat or Dog Christmas Decoration,"Turn your furry best friend into a charming holiday keepsake with a personalized acrylic Christmas ornament! Simply upload your favorite photo of your dog or cat, and we'll professionally transform your pet into a classic Christmas nutcracker. Your ornament is personalized with your pet's name and the festive saying: ""(Pet's Name) says: Ho! Ho! Woof!"" for dogs or ""(Pet's Name) says: Ho! Ho! Meow!"" for cats.

This custom pet Christmas ornament is a fun and meaningful addition to your Christmas tree and makes a thoughtful gift for any pet lover. Whether you're celebrating your first Christmas with a new puppy or kitten, honoring a lifelong companion, or searching for a unique stocking stuffer, this personalized ornament is a keepsake you'll enjoy for years to come. Each 3"" diameter ornament is individually customized from your pet's photo to capture their unique personality. We carefully edit your pet's face onto a beautifully illustrated nutcracker, creating a professional, festive design that's sure to become a family favorite. Perfect for dog moms, cat moms, pet dads, grandparents, friends, coworkers, Secret Santa exchanges, and anyone who considers their pet part of the family. We will send you a proof for your approval before sending your order to production.

Product features
- Durable 100% acrylic construction for long-lasting use
- Comes with a red ribbon included for hanging
- Single-side high-contrast print keeps artwork vivid

Made to order and quality-checked before it ships to you. Exact dimensions are listed above — if you're ever unsure about sizing or fit, message me before you order and I'll help you pick the right option. Some listing photos include AI-enhanced mockups to show the design clearly; your item is printed exactly as shown.",14.99,USD,3,"custom_pet_gift,pet_ornament,dog_ornament,cat_ornament,acrylic_ornament,nutcracker_pet,custom_dog_gift,custom_cat_gift,dog_lover_gift,cat_lover_gift,pet_Christmas,holiday_ornament,custom_ornament",Acrylic,https://i.etsystatic.com/62608566/r/il/dc2c67/8257544263/il_fullxfull.8257544263_iy1e.jpg,https://i.etsystatic.com/62608566/r/il/2d702d/8209601816/il_fullxfull.8209601816_4238.jpg,https://i.etsystatic.com/62608566/r/il/261d6b/8209605306/il_fullxfull.8209605306_g2b8.jpg,https://i.etsystatic.com/62608566/r/il/7704b1/8209579670/il_fullxfull.8209579670_19q2.jpg,https://i.etsystatic.com/62608566/r/il/7304c2/8209580226/il_fullxfull.8209580226_5ba2.jpg,https://i.etsystatic.com/62608566/r/il/d509d0/8382375626/il_fullxfull.8382375626_ahrg.jpg,,,,,Custom Property,Quantity,"1 pc,5 pcs,10 pcs,20 pcs",,,,"11975776294672016378,17119814508216010683,27331151771594285206,11731818812456775837"
Personalized Pet Nutcracker Christmas Mug: Custom Dog or Cat Coffee Cup,"Celebrate the holidays with your favorite furry friend every morning! Our Personalized Pet Nutcracker Christmas Mug transforms your pet into an adorable holiday nutcracker using the photo you provide. Add your pet's name, and we'll personalize the mug with the festive caption: 🐶 ""(Pet's Name) says: Ho! Ho! Woof!"", or for cats: 🐱 ""(Pet's Name) says: Ho! Ho! Meow!"" Whether you're sipping coffee, cocoa, tea, or hot cider, this custom mug is a fun way to show off your beloved companion all Christmas season long. Simply upload a clear, front-facing photo of your dog or cat, and we'll professionally place your pet's face on a beautifully illustrated classic nutcracker uniform, creating a one-of-a-kind holiday keepsake that's guaranteed to make everyone smile.

Product features
- Microwave-safe for quick reheats
- Dishwasher-safe for easy cleanup
- Vibrant, crisp color printing
- Glossy white ceramic with shiny finish
- Available in 11oz size; lead- and BPA-free

Care instructions
- Clean in dishwasher or wash by hand with warm water and dish soap

Made to order and quality-checked before it ships to you. Exact dimensions are listed above — if you're ever unsure about sizing or fit, message me before you order and I'll help you pick the right option. Some listing photos include AI-enhanced mockups to show the design clearly; your item is printed exactly as shown.",16.99,USD,3,"personalized_mug,custom_pet_mug,dog_Christmas_mug,cat_Christmas_mug,nutcracker_mug,pet_lover_gift,dog_mom_mug,cat_mom_mug,custom_dog_gift,custom_cat_gift,holiday_pet_mug,Christmas_mug,pet_coffee_mug",Ceramic,https://i.etsystatic.com/62608566/r/il/93ca8a/8219285528/il_fullxfull.8219285528_n0de.jpg,https://i.etsystatic.com/62608566/r/il/ef9f81/8209417564/il_fullxfull.8209417564_jize.jpg,https://i.etsystatic.com/62608566/r/il/ff0c2a/8209418262/il_fullxfull.8209418262_kq3l.jpg,https://i.etsystatic.com/62608566/r/il/db0c5d/8209416060/il_fullxfull.8209416060_94bh.jpg,https://i.etsystatic.com/62608566/r/il/0d6eaf/8257342423/il_fullxfull.8257342423_10rf.jpg,https://i.etsystatic.com/62608566/r/il/d0435c/8430247717/il_fullxfull.8430247717_bykk.jpg,,,,,,,,,,,25611894571395539531
Personalized Pet Nutcracker Glass Ornament: Custom Dog Cat Christmas Keepsake,"Turn your beloved pet into the star of your Christmas tree! Our Personalized Pet Nutcracker Glass Ornament transforms your favorite furry friend into an adorable holiday nutcracker by placing your dog or cat's face atop a beautifully illustrated nutcracker body. Personalized with your pet's name and the festive phrase: ""(Pet's Name) says: Ho! Ho! Woof! - or ""Ho! Ho! Meow!"" for a cat. This unique ornament is a fun way to celebrate the dog or cat who makes every Christmas a little brighter. Simply upload your pet's photo, and we will professionally create a keepsake that's sure to become a treasured holiday tradition.

Whether you're shopping for yourself or searching for the perfect gift for a dog mom, cat dad, or devoted pet lover, this custom ornament is guaranteed to bring smiles year after year. Upload a clear, front-facing photo of your pet. We will send you a proof for approval before sending your ornament to production.

Product features:
- 100% crystal glass construction for clear, refractive sparkle
- 3"" x 3"" (76.2mm) round size
- Comes ready to hang with a red ribbon included
- Features a whimsical pet-nutcracker design printed on the center

Made to order and quality-checked before it ships to you. Exact dimensions are listed above — if you're ever unsure about sizing or fit, message me before you order and I'll help you pick the right option. Some listing photos include AI-enhanced mockups to show the design clearly; your item is printed exactly as shown.",15.99,USD,3,"personalized_pet,dog_ornament,cat_ornament,pet_photo_gift,nutcracker_dog,glass_ornament,Christmas_gift,dog_lover_gift,cat_lover_gift,pet_keepsake,custom_ornament,holiday_decor,pet_Christmas",Glass,https://i.etsystatic.com/62608566/r/il/d28a5d/8256744351/il_fullxfull.8256744351_3wt1.jpg,https://i.etsystatic.com/62608566/r/il/1c30f7/8256781457/il_fullxfull.8256781457_rnw7.jpg,https://i.etsystatic.com/62608566/r/il/cfd922/8256702631/il_fullxfull.8256702631_tkmu.jpg,https://i.etsystatic.com/62608566/r/il/2e78a0/8256703657/il_fullxfull.8256703657_j5ym.jpg,https://i.etsystatic.com/62608566/r/il/b08018/8256704713/il_fullxfull.8256704713_hgg3.jpg,https://i.etsystatic.com/62608566/r/il/2e60cf/8382378116/il_fullxfull.8382378116_d0pj.jpg,,,,,,,,,,,26814343358703208288
Custom Pet Circus Sweatshirt: Vintage Carnival Dog or Cat Lover Retro Apparel,"Turn your best friend into the star of the greatest show on Earth! This personalized vintage circus FunHaus sweatshirt features your pet transformed into a charming retro circus performer with their name displayed on a beautifully distressed carnival-style poster. It's a unique keepsake that celebrates the personality of your beloved companion while creating a cozy sweatshirt you'll love wearing all season. Whether you're shopping for yourself or searching for the perfect gift, this custom pet portrait sweatshirt is a thoughtful choice for birthdays, Christmas, Mother's Day, Father's Day, or as a heartfelt memorial for a cherished dog. Each design is personalized using your pet's photo and name, creating a one-of-a-kind vintage-inspired artwork that dog lovers will treasure. We will send you a proof for your approval before sending your sweatshirt to production.

Product features:
- Medium-heavy 50/50 cotton-poly blend (8.0 oz/yd²) for durable warmth
- Tubular knit (no side seams) and ribbed collar for a clean, lasting fit
- Double-needle stitching at shoulder, armhole, neck, waistband, and cuffs
- DTF inner neck labels; OEKO-TEX® certified dyes and ethically grown US cotton

Care instructions
- Machine wash: cold (max 30C or 90F)
- Non-chlorine: bleach as needed
- Tumble dry: low heat
- Do not dryclean

Made to order and quality-checked before it ships to you. Exact dimensions are listed above — if you're ever unsure about sizing or fit, message me before you order and I'll help you pick the right option. Some listing photos include AI-enhanced mockups to show the design clearly; your item is printed exactly as shown.",35.99,USD,3,"vintage_circus,custom_pet_photo,pet_lover_gif,dog_mom_gift,dog_dad_gift,retro_circus,pet_portrait,custom_sweatshirt,dog_owner_gift,gift_for_cat_lovers,personalized_gift,pet_portrait_custom,FunHaus","Cotton,Polyester",https://i.etsystatic.com/62608566/r/il/c603e0/8201857262/il_fullxfull.8201857262_mtbz.jpg,https://i.etsystatic.com/62608566/r/il/d812a3/8201854458/il_fullxfull.8201854458_in8y.jpg,https://i.etsystatic.com/62608566/r/il/8ca106/8201833528/il_fullxfull.8201833528_p4dk.jpg,https://i.etsystatic.com/62608566/r/il/a299c9/8249754643/il_fullxfull.8249754643_8dn3.jpg,https://i.etsystatic.com/62608566/r/il/88b7f8/8201834240/il_fullxfull.8201834240_inws.jpg,https://i.etsystatic.com/62608566/r/il/c195dc/8201834774/il_fullxfull.8201834774_2m6b.jpg,https://i.etsystatic.com/62608566/r/il/3bd692/8249756001/il_fullxfull.8249756001_7u74.jpg,https://i.etsystatic.com/62608566/r/il/9840c4/8201835502/il_fullxfull.8201835502_6d18.jpg,https://i.etsystatic.com/62608566/r/il/3e005f/8249756673/il_fullxfull.8249756673_lboh.jpg,https://i.etsystatic.com/62608566/r/il/d310d5/8201836172/il_fullxfull.8201836172_enxt.jpg,Custom Property,Sizes,"S,M,L,XL,2XL,3XL",Custom Property,Colors,"Light Blue,Light Pink,Navy,Red,Sand,Black,Graphite Heather","87371634665164667623,33801809895873372374,24650652643198839112,19266954515244571419,13488410037072609574,32806069048131973376,20559645752193569044,23374033197544941399,15914166750182914256,27427448026526195562,32451864650184097223,31765275259069121008,61305840207350598558,28338396869460609911,20465192217575707880,23092750383594944088,42784409544502631631,24813241336720088376,32166916978508236218,31773844311852552612,26264690741649690248,29632816299793983088,29559676124298481989,27230283684860991096,71553262220232444984,72534747840874898758,43735133004804438665,22184753219263973396,21569533424865839977,10053556144678027416,15006155159144901498,23401540268368292854,63148488834374959343,26523814247625430166,10305740795151120401,16204030472132426027,32388394712962456312,19916308012287839430,19519315109261421367,11965135020678380018,70121639817426054097,13411450994697301479"
"Personalized Vintage Circus Pet T-Shirt, Custom Pet Photo Tee, Comfort Colors Shirt, FunHaus Style","Turn your favorite pet into the star of a vintage circus FunHaus poster with this personalized Comfort Colors® t-shirt. Simply upload your pet's photo, and we will create a custom antique-style circus design featuring your furry friend as the main attraction. Each design is individually created just for you, making every shirt a one-of-a-kind keepsake. A proof will be sent to you for your approval before your design is sent to production. Perfect for pet lovers, pet parents, birthdays, holidays, memorial gifts, or anyone who believes their furry companion deserves center stage.

Product features
- 100% ring-spun US cotton for lasting comfort
- Garment-dyed fabric for a soft, vintage color and texture
- Heavyweight 6.1 oz fabric with relaxed, pre-shrunk fit
- Tubular knit (no side seams) and double-needle stitching for durability
- Available S–4XL with sewn-in label; offered in 58 colors

Care instructions
- Machine wash: cold (max 30C or 90F)
- Do not bleach
- Tumble dry: low heat
- Iron, steam or dry: low heat
- Do not dryclean

Made to order and quality-checked before it ships to you. Exact dimensions are listed above — if you're ever unsure about sizing or fit, message me before you order and I'll help you pick the right option. Some listing photos include AI-enhanced mockups to show the design clearly; your item is printed exactly as shown.",22.99,USD,3,"circus_t_shirt,vintage_circus_tee,cat_circus_shirt,dog_circus_shirt,retro_animal_tee,unisex_cotton_tee,garment_dyed_tee,nostalgic_circus_art,gifts_for_cat_lovers,gifts_for_dog_lovers,circus_themed_gift,custom_pet_portrait,comfort_colors_tee",Cotton,https://i.etsystatic.com/62608566/r/il/9c3176/8198140272/il_fullxfull.8198140272_kdaz.jpg,https://i.etsystatic.com/62608566/r/il/8495e5/8246184429/il_fullxfull.8246184429_l3tx.jpg,https://i.etsystatic.com/62608566/r/il/91ea43/8197217440/il_fullxfull.8197217440_8mrr.jpg,https://i.etsystatic.com/62608566/r/il/80b955/8245134629/il_fullxfull.8245134629_befc.jpg,https://i.etsystatic.com/62608566/r/il/0fc1fd/8197218310/il_fullxfull.8197218310_87vt.jpg,https://i.etsystatic.com/62608566/r/il/770fae/8197218722/il_fullxfull.8197218722_eotp.jpg,https://i.etsystatic.com/62608566/r/il/b1ae91/8197219170/il_fullxfull.8197219170_947g.jpg,https://i.etsystatic.com/62608566/r/il/390bc1/8245136357/il_fullxfull.8245136357_cdx3.jpg,https://i.etsystatic.com/62608566/r/il/cf3c86/8245136847/il_fullxfull.8245136847_qzm9.jpg,https://i.etsystatic.com/62608566/r/il/6cd060/8245137301/il_fullxfull.8245137301_kn7b.jpg,Custom Property,Comfort Colors® Colors,"Black,Navy,Red,Lagoon Blue,Butter,Neon Pink",Custom Property,Clothing sizes,"S,M,L,XL,2XL,3XL,4XL","18224344403777395055,12930152814817423095,19234632357515824453,27503816526962135837,24139446438659209091,23744947805874120960,28122065137957498130,18214056475223033572,33119946958525404681,16028187247693608320,30136371721443078722,27817720148109030568,18601620555940223480,12620681842483925490,32762250568745073873,29885784039601693269,29860947756010509864,20257362271094726227,28098484834434426096,15279159715607101537,18487185785767428287,11383273286626502654,21355218084623423558,25213248935600416457,24271258798674729712,23934221405781865023,41731259277155000679,29718791999934128010,33395967706041849862,95515329499367736838,32506436362723370983,31214707433731451500,36743785181432577324,20140880938602517103,22736069114051901479,24746504096388351727,30832904245860611450,14126817905481522631,31451043049833029300,21888214758799838003,38895573112178414395,11181032305498362526"
"Custom Pet Portrait Canvas: Vintage Circus Dog Art, Personalized Name Print","This custom vintage circus FunHaus pet portrait canvas transforms your beloved dog or cat into charming wall art, featuring your pet with personalized name text. Perfect as a heartfelt puppy memorial, thoughtful cat owner gift, or personalized nursery room decoration, this custom canvas print celebrates the special bond between you and your furry companion.

• Custom pet portrait canvas featuring your dog or cat (or any pet) with personalized name text
• High-quality cotton/polyester canvas stretched over durable pine wood frame with included hanging hardware
• Thoughtful memorial gift for pet lovers or charming nursery room decoration for animal-loving families

Product features
- UL-certified Greenguard Gold inks for vibrant, safe color
- Stretched on FSC-certified radiata pine frame from renewable forests
- Durable cotton/polyester canvas printed with non-toxic latex inks
- Soft rubber dots and back hanging hardware included for secure display

Care instructions
- If the canvas does gather any dust, you may wipe it off gently with a clean, damp cloth.

Made to order and quality-checked before it ships to you. Exact dimensions are listed above — if you're ever unsure about sizing or fit, message me before you order and I'll help you pick the right option. Some listing photos include AI-enhanced mockups to show the design clearly; your item is printed exactly as shown.",32.99,USD,9,"circus_pet_portrait,custom_name_canvas,nursery_pet_decor,dog_memorial_canvas,cat_memorial_canvas,whimsical_pet_art,FunHaus_circus_print,puppy_loss_gift,quirky_pet_decor,baby_room_pet_art,new_pet_owner_gift,pet_name_wall_art,circus_theme_decor","Wood,Canvas",https://i.etsystatic.com/62608566/r/il/a3bd21/8197117954/il_fullxfull.8197117954_ht8o.jpg,https://i.etsystatic.com/62608566/r/il/23f18c/8197154874/il_fullxfull.8197154874_qyar.jpg,https://i.etsystatic.com/62608566/r/il/a2b6a6/8245023037/il_fullxfull.8245023037_p2pi.jpg,https://i.etsystatic.com/62608566/r/il/0cbb32/8197106636/il_fullxfull.8197106636_mc4j.jpg,https://i.etsystatic.com/62608566/r/il/ddab69/8245023971/il_fullxfull.8245023971_by3h.jpg,,,,,,Custom Property,Sizes,"10″ x 10″,16″ x 16″,24″ x 24″",,,,"47509280780034677026,27117279084026320064,11490580012095612699"
Custom Pet Photo Tote Bag: Personalized Black Canvas Tote,"This custom pet tote bag features your beloved dog or cat's (or any pet's) photo and name printed in crisp white text on a durable black canvas shopping sack, creating a personalized tribute you can carry everywhere. Perfect as a thoughtful cat or dog owner birthday gift or memorial keepsake, this cotton shopper doubles as a reusable grocery market carrier that celebrates your furry companion while providing practical everyday functionality.

• Spacious 15 x 16 inch black canvas tote made from sturdy 12 oz cotton for long-lasting durability
• Custom printed with your pet's photo and name in elegant white text for a personalized touch
• Reinforced handles designed for comfortable carrying during grocery shopping and daily errands
• Reusable and eco-friendly alternative to disposable bags, perfect for the market or everyday use
• Thoughtful gift idea for pet lovers, cat owners, dog parents, or as a touching memorial keepsake

Care instructions
- Do not iron directly over the printed area - print may stick to the iron.
- Spot clean
- Do not bleach
- Line dry

Made to order and quality-checked before it ships to you. Exact dimensions are listed above — if you're ever unsure about sizing or fit, message me before you order and I'll help you pick the right option. Some listing photos include AI-enhanced mockups to show the design clearly; your item is printed exactly as shown.",19.99,USD,3,"dog_mom_tote,cat_mom_tote,pet_lover_bag,reusable_market_bag,custom_pet_gift,eco_tote_gift,dog_dad_gift,cat_dad_gift,pet_memorial_gift,grocery_tote_bag,birthday_pet_gift,photo_name_bag,everyday_tote_gift",Canvas,https://i.etsystatic.com/62608566/r/il/616970/8275049807/il_fullxfull.8275049807_rzza.jpg,https://i.etsystatic.com/62608566/r/il/a1cc37/8243445590/il_fullxfull.8243445590_hvc3.jpg,https://i.etsystatic.com/62608566/r/il/74bd48/8178406438/il_fullxfull.8178406438_1am8.jpg,https://i.etsystatic.com/62608566/r/il/25b313/8178398102/il_fullxfull.8178398102_mc1u.jpg,https://i.etsystatic.com/62608566/r/il/1c654e/8226332095/il_fullxfull.8226332095_f1n5.jpg,https://i.etsystatic.com/62608566/r/il/adc876/8178399788/il_fullxfull.8178399788_fw5w.jpg,https://i.etsystatic.com/62608566/r/il/be2743/8178400290/il_fullxfull.8178400290_5h5p.jpg,,,,,,,,,,13165092242870618220
"Custom Pet Portrait Canvas Wall Art: Personalized Dog, Cat Memorial Gallery Wrapped Print","This custom pet portrait canvas transforms your beloved dog or cat into charming wall art, featuring your pet against a serene sage green background with personalized name text. Perfect as a heartfelt puppy memorial, thoughtful cat owner gift, or personalized nursery room decoration, this custom gallery wrapped canvas print celebrates the special bond between you and your furry companion. Just upload your pet's photo and name and we will send a proof for your approval before sending print to production.

• Custom pet portrait canvas featuring your dog or cat (or any pet) with personalized name text
• Beautiful sage green background creates a calming, elegant aesthetic perfect for any room
• Available in multiple sizes: 8x10, 12x16, 16x20, and 20x24 inches to fit your space
• High-quality cotton/polyester canvas stretched over durable pine wood frame with included hanging hardware
• Thoughtful memorial gift for pet lovers or charming nursery room decoration for animal-loving families

Product features
- UL-certified Greenguard Gold inks for vibrant, safe color
- Stretched on FSC-certified radiata pine frame from renewable forests
- Durable cotton/polyester canvas printed with non-toxic latex inks
- Soft rubber dots and back hanging hardware included for secure display

Care instructions
- If the canvas does gather any dust, you may wipe it off gently with a clean, damp cloth.

Made to order and quality-checked before it ships to you. Exact dimensions are listed above — if you're ever unsure about sizing or fit, message me before you order and I'll help you pick the right option. Some listing photos include AI-enhanced mockups to show the design clearly; your item is printed exactly as shown.",29.99,USD,12,"custom_pet,pet_portrait,portrait_canvas,canvas_wall_art,art_personalized,personalized_dog,dog_canvas_print,print_custom_name,name_gift_puppy,puppy_memorial_cat,cat_owner_nursery,nursery_room,room_custom_pet",Canvas,https://i.etsystatic.com/62608566/r/il/b0b27d/8226269791/il_fullxfull.8226269791_rkax.jpg,https://i.etsystatic.com/62608566/r/il/3144e7/8291360813/il_fullxfull.8291360813_1cvo.jpg,https://i.etsystatic.com/62608566/r/il/2d73a6/8178350564/il_fullxfull.8178350564_d6a2.jpg,https://i.etsystatic.com/62608566/r/il/fa815b/8178317420/il_fullxfull.8178317420_24hl.jpg,https://i.etsystatic.com/62608566/r/il/f07b0d/8226251907/il_fullxfull.8226251907_kp2u.jpg,https://i.etsystatic.com/62608566/r/il/ebc71a/8226253141/il_fullxfull.8226253141_to30.jpg,https://i.etsystatic.com/62608566/r/il/e475fa/8178321830/il_fullxfull.8178321830_q3w4.jpg,,,,Custom Property,Sizes,"8&quot; x 10&quot; (Vertical),12″ x 16″ (Vertical),16&quot; x 20&quot; (Vertical),20&quot; x 24&quot; (Vertical)",,,,"25250049185239270554,13209197932042531117,20510203387620038434,72029208594432241941"
Capybara Shirt: Humorous Vitruvian Yoga Animal Graphic Tee,"This capybara meditation shirt combines funny animal humor with yoga apparel design, making it the perfect zen enthusiast gift for any occasion. Featuring a unique Vitruvian design with geometric elements, this humorous graphic tee celebrates the world's most relaxed animal as the ultimate birthday present for anyone who appreciates both science and spiritual wildlife humor. Perfect Gift for Yoga Lovers and Capybara Enthusiasts.

• Unique Vitruvian capybara design featuring ""Perfect Equilibrium Achieved"" text on vintage parchment-style background
• Humorous take on Leonardo da Vinci's classic artwork reimagined with the internet's favorite zen animal
• Ideal birthday present for yoga practitioners, meditation enthusiasts, or anyone who loves funny animal graphics
• Features geometric diagrams and scientific aesthetic perfect for art and science fans
• Comfortable graphic tee that sparks conversations and celebrates finding inner peace through capybara wisdom

Product features
- 100% ring-spun US cotton — soft, durable heavyweight (6.1 oz/yd²)
- Garment-dyed for a vintage look and soft hand-feel
- Double-needle stitching on all seams for long-lasting construction
- Tubular knit (no side seams) and pre-shrunk for a clean, comfortable fit
- Available S–4XL with sewn-in label

Care instructions
- Machine wash: cold (max 30C or 90F)
- Do not bleach
- Tumble dry: low heat
- Iron, steam or dry: low heat
- Do not dryclean

Made to order and quality-checked before it ships to you. Exact dimensions are listed above — if you're ever unsure about sizing or fit, message me before you order and I'll help you pick the right option. Some listing photos include AI-enhanced mockups to show the design clearly; your item is printed exactly as shown.",22.99,USD,3,"meditation_shirt,shirt_funny_animal,animal_yoga,yoga_apparel_zen,zen_enthusiast,enthusiast_gift,gift_birthday,birthday_present,humorous_graphic,graphic_tee,tee_vitruvian,comfort_colors,capybara_shirt",Cotton,https://i.etsystatic.com/62608566/r/il/a5b702/8227555953/il_fullxfull.8227555953_ilia.jpg,https://i.etsystatic.com/62608566/r/il/2eaf10/8167158462/il_fullxfull.8167158462_hvwl.jpg,https://i.etsystatic.com/62608566/r/il/cbfca1/8215093583/il_fullxfull.8215093583_hoha.jpg,https://i.etsystatic.com/62608566/r/il/bbe64d/8215094591/il_fullxfull.8215094591_nkup.jpg,https://i.etsystatic.com/62608566/r/il/40bd33/8215095355/il_fullxfull.8215095355_hxxu.jpg,https://i.etsystatic.com/62608566/r/il/7039a0/8215096095/il_fullxfull.8215096095_brrx.jpg,https://i.etsystatic.com/62608566/r/il/7c6456/8215097157/il_fullxfull.8215097157_a4of.jpg,https://i.etsystatic.com/62608566/r/il/19f30a/8215092313/il_fullxfull.8215092313_affg.jpg,,,Custom Property,Comfort Colors® Colors,"Black,Red,Island Reef,Ivory,Sapphire,Neon Pink",Custom Property,Clothing sizes,"S,M,L,XL,2XL,3XL,4XL","23252604322662716682,12668218261427713312,24671572960834051840,32531877840921032883,28712878483370586706,29584826123372917955,19280391850188460590,23387180884664971660,90879450161320301191,16194152822956534208,29530822555842142235,11637539807068819784,17835486167620684460,51866985676560286127,28438733059974235826,31797635494415039284,98281162132842753422,23317207890128070968,13128616472892551252,31786191398027621411,25126281474111843773,12301362564003416235,24465855910361491422,32108376613944512446,24602971757057457919,12328165930568795362,51188207160858602696,24043484018239676317,51066444532807375980,57182637080120157313,28935334681186035746,42657204872979615671,44552385958298538847,12025225899650248388,30644041609934547618,40001085050541040381,10819053816060660262,19716105828936277399,11955397175834753491,19730140012440491924,23958868482672086245,32269256271752455556"
"Capybara Sweatshirt: Meditation Animal Lover Yoga Zen Design, Vitruvian Motif","This capybara crewneck sweatshirt features a funny graphic design that reimagines the classic Vitruvian Man as a peaceful capybara in meditation pose, making it the perfect animal lover gift for yoga enthusiasts. The unique wildlife humor apparel showcases a zen design with a Vitruvian Man parody that celebrates spiritual peace and perfect equilibrium through this charming rodent's relaxed nature. Whimsical Capybara Meditation Design for Zen Seekers

Product features:
- Medium-heavy 50/50 cotton-poly blend (8.0 oz/yd²) for durable warmth
- Tubular knit (no side seams) and ribbed collar for a clean, lasting fit
- Double-needle stitching at shoulder, armhole, neck, waistband, and cuffs
- DTF inner neck labels; OEKO-TEX® certified dyes and ethically grown US cotton

Care instructions
- Machine wash: cold (max 30C or 90F)
- Non-chlorine: bleach as needed
- Tumble dry: low heat
- Do not dryclean

Made to order and quality-checked before it ships to you. Exact dimensions are listed above — if you're ever unsure about sizing or fit, message me before you order and I'll help you pick the right option. Some listing photos include AI-enhanced mockups to show the design clearly; your item is printed exactly as shown.",34.99,USD,3,"capybara_crewneck,sweatshirt_funny,funny_graphic,graphic_shirt,shirt_animal_lover,lover_gift_yoga,yoga_enthusiast,meditation_zen,zen_design,design_vitruvian,vitruvian_man,man_parody,parody_wildlife","Cotton,Polyester",https://i.etsystatic.com/62608566/r/il/42050f/8227553561/il_fullxfull.8227553561_ghbt.jpg,https://i.etsystatic.com/62608566/r/il/34ed32/8215031269/il_fullxfull.8215031269_tgrm.jpg,https://i.etsystatic.com/62608566/r/il/6f23fe/8215022761/il_fullxfull.8215022761_ew86.jpg,https://i.etsystatic.com/62608566/r/il/0bf31c/8167091394/il_fullxfull.8167091394_6syv.jpg,https://i.etsystatic.com/62608566/r/il/de85b1/8215025149/il_fullxfull.8215025149_6rxl.jpg,https://i.etsystatic.com/62608566/r/il/6fdb9b/8167093134/il_fullxfull.8167093134_1sxb.jpg,https://i.etsystatic.com/62608566/r/il/be8826/8215022051/il_fullxfull.8215022051_g7ch.jpg,https://i.etsystatic.com/62608566/r/il/4bf32b/8215027765/il_fullxfull.8215027765_rzvz.jpg,https://i.etsystatic.com/62608566/r/il/0e482d/8215026839/il_fullxfull.8215026839_a78x.jpg,,Custom Property,Sizes,"S,M,L,XL,2XL,3XL",Custom Property,Colors,"Light Blue,Light Pink,Sand,Black,Graphite Heather","24385813659084042079,14094882007141955729,29422292258586311916,17276329988410969889,27452277944792134797,43291387763306613811,65575885930769402359,15891100106731119149,29461539866862211205,28385971519455050072,22687262790318331325,15652629143112087519,16142770342681860953,27632745916682530572,23317941201318387311,28457787824586149804,18205249181963684814,17960652126408873685,20694537660243921663,10487598072747501537,52328954129763795265,30242657279897418965,85248297611188449747,49015246246353629743,12102912860546448343,17298178584302163883,27557079666617716610,35782518262739868997,20107733463212499353,18555324220890736379"
Capybara Art Print: Vitruvian Renaissance Funny Animal Science Humor,"Transform your space with this delightfully clever Capybara Wall Art Print, a canvas poster perfect for bedroom or office display that combines framed animal artistry with witty humor. This funny rodent artwork gift features a charming capybara joke in the iconic Vitruvian Man pose, blending Renaissance style elegance with science-themed geometric precision to create a conversation-starting humor piece that celebrates perfect equilibrium.
Whimsical Science Meets Renaissance Art in This Unique Canvas Print

• Features beloved capybara reimagined as Leonardo da Vinci's Vitruvian Man with geometric circles, squares, and golden ratio spiral
• High-quality canvas print on durable cotton-polyester blend using eco-friendly non-toxic latex inks for vibrant, long-lasting colors
• Comes stretched on sturdy pine wood frame with hanging hardware included for easy installation
• Aged parchment aesthetic with decorative borders and detailed geometric diagrams adds authentic Renaissance charm
• Perfect humorous gift for animal lovers, science enthusiasts, or anyone who appreciates clever artistic parodiesappreciates clever visual humor.

Product features
- UL-certified Greenguard Gold inks for vibrant, safe color
- Stretched on FSC-certified radiata pine frame from renewable forests
- Durable cotton/polyester canvas printed with non-toxic latex inks
- Soft rubber dots and back hanging hardware included for secure display

Care instructions
- If the canvas does gather any dust, you may wipe it off gently with a clean, damp cloth.

Made to order and quality-checked before it ships to you. Exact dimensions are listed above — if you're ever unsure about sizing or fit, message me before you order and I'll help you pick the right option. Some listing photos include AI-enhanced mockups to show the design clearly; your item is printed exactly as shown.",27.99,USD,9,"capybara_wall_art,art_print_canvas,canvas_poster,poster_bedroom,joke_framed_animal,animal_funny,funny_rodent,rodent_artwork,artwork_gift,gift_office_humor,humor_piece,piece_renaissance,homedecor","Wood,Canvas",https://i.etsystatic.com/62608566/r/il/e8dbde/8167339312/il_fullxfull.8167339312_ctow.jpg,https://i.etsystatic.com/62608566/r/il/a52c1e/8214949717/il_fullxfull.8214949717_6ymv.jpg,https://i.etsystatic.com/62608566/r/il/029670/8214950865/il_fullxfull.8214950865_a575.jpg,https://i.etsystatic.com/62608566/r/il/fb95ec/8167019296/il_fullxfull.8167019296_clpx.jpg,https://i.etsystatic.com/62608566/r/il/86f737/8214953081/il_fullxfull.8214953081_c01s.jpg,,,,,,Custom Property,Sizes,"10&quot; x 8&quot; (Horizontal),20″ x 16″ (Horizontal),30&quot; x 24&quot; (Horizontal)",,,,"33658607120684042656,20215800601976184249,18458119827336302548"
"Capybara Tote Bag: Funny Animal Canvas Tote, Vitruvian Man","This capybara yoga tote bag features a hilarious Vitruvian Man parody art design on black canvas, making it the perfect funny animal gift idea for meditation enthusiasts and yoga lovers. This reusable grocery and shopping tote is crafted from durable cotton canvas, ideal for carrying studio books, groceries, or everyday essentials while showcasing your love for capybaras and mindfulness. Perfect Blend of Humor and Functionality for Yoga and Capybara Lovers.

• Features whimsical capybara in yoga poses as a clever Vitruvian Man parody art design
• Spacious 15 x 16 inch black canvas tote made from sturdy 12 oz cotton material
• Reinforced handles ensure comfortable carrying for shopping, studio books, or daily errands
• Reusable and eco-friendly alternative to plastic bags for grocery shopping and everyday use
• Makes an ideal funny animal gift for meditation enthusiasts, yoga practitioners, or capybara fans

Product features
- 100% heavy-duty 12 oz cotton canvas for strong, durable structure
- Flat-corner construction keeps a clean, square silhouette
- Self-fabric carrying handles with reinforced stitching for reliable support
- Sewn-in label; blank product sourced from India

Care instructions
- Do not iron directly over the printed area - print may stick to the iron.
- Spot clean
- Do not bleach
- Line dry

Made to order and quality-checked before it ships to you. Exact dimensions are listed above — if you're ever unsure about sizing or fit, message me before you order and I'll help you pick the right option. Some listing photos include AI-enhanced mockups to show the design clearly; your item is printed exactly as shown.",19.99,USD,3,"capybara_yoga_tote,tote_bag_black,black_canvas,canvas_shopping,shopping_reusable,reusable_grocery,grocery_funny,funny_animal_gift,gift_idea,idea_meditation,enthusiast_studio,studio_book_cotton,cotton_parody_art","Canvas,Cotton,Canvas",https://i.etsystatic.com/62608566/r/il/f11ebd/8214877981/il_fullxfull.8214877981_qz1n.jpg,https://i.etsystatic.com/62608566/r/il/2f90ec/8214871887/il_fullxfull.8214871887_70j1.jpg,https://i.etsystatic.com/62608566/r/il/fa7623/8166940058/il_fullxfull.8166940058_cgfd.jpg,https://i.etsystatic.com/62608566/r/il/f50740/8214874879/il_fullxfull.8214874879_raji.jpg,https://i.etsystatic.com/62608566/r/il/c7da20/8214883371/il_fullxfull.8214883371_ntzr.jpg,,,,,,,,,,,,32128718396025529813
"Capybara Mug – Funny Animal Lover Gift, Zen Office Drinkware, Vitruvian Man","This capybara coffee mug makes a hilarious funny gift for any animal enthusiast who appreciates yoga-themed ceramic drinkware with a twist of humor. Perfect as a novelty birthday present for your coworker, this white glossy kitchen mug features the iconic ""Vitruvian Capybara"" in a zen yoga pose, bringing daily laughs to any office desk. Quirky Vitruvian Capybara Design for Coffee Lovers

Product features
- Microwave-safe for quick reheats
- Dishwasher-safe for easy cleaning
- Vibrant, high-contrast print on glossy ceramic
- Available in two sizes: 11 oz and 15 oz
- Lead- and BPA-free with a comfortable C-handle

Care instructions
- Clean in dishwasher or wash by hand with warm water and dish soap

Made to order and quality-checked before it ships to you. Exact dimensions are listed above — if you're ever unsure about sizing or fit, message me before you order and I'll help you pick the right option. Some listing photos include AI-enhanced mockups to show the design clearly; your item is printed exactly as shown.",16.99,USD,6,"capybara_coffee,coffee_mug_funny,funny_gift_animal,animal_enthusiast,enthusiast_yoga,yoga_themed,themed_ceramic,ceramic_drinkware,drinkware_office,office_desk,desk_novelty,novelty_birthday,birthday_present",Ceramic,https://i.etsystatic.com/62608566/r/il/a2531b/8214798511/il_fullxfull.8214798511_91tg.jpg,https://i.etsystatic.com/62608566/r/il/7ca440/8291362499/il_fullxfull.8291362499_6plg.jpg,https://i.etsystatic.com/62608566/r/il/cc10de/8166860964/il_fullxfull.8166860964_nb4d.jpg,https://i.etsystatic.com/62608566/r/il/9e0e22/8166885730/il_fullxfull.8166885730_pyyq.jpg,https://i.etsystatic.com/62608566/r/il/f14939/8214792621/il_fullxfull.8214792621_erg7.jpg,https://i.etsystatic.com/62608566/r/il/e15cae/8214793923/il_fullxfull.8214793923_2a75.jpg,,,,,Custom Property,Size,"11oz,15oz",,,,"27735266967710866559,27827724400402445842"
Funny Capybara American Gothic Parody T Shirt: Vintage Farmhouse Humor Cotton Tee,"Show off your love of capybaras and classic art with this funny capybara T shirt with an American Gothic parody. Featuring two delightfully stoic capybaras inspired by the iconic farmhouse portrait, this soft cotton tee combines timeless Americana, animal humor, and vintage-inspired artwork into a wearable conversation starter. Perfect for casual outings, farmers markets, bookstores, museums, coffee shops, and everyday wear, this unique graphic tee makes an unforgettable gift for capybara enthusiasts, art lovers, and anyone who appreciates quirky humor.

Product features
- 100% ring-spun US cotton — soft, durable heavyweight (6.1 oz/yd²)
- Garment-dyed for a vintage look and soft hand-feel
- Double-needle stitching on all seams for long-lasting construction
- Tubular knit (no side seams) and pre-shrunk for a clean, comfortable fit
- Available S–4XL with sewn-in label

Care instructions
- Machine wash: cold (max 30C or 90F)
- Do not bleach
- Tumble dry: low heat
- Iron, steam or dry: low heat
- Do not dryclean

Made to order and quality-checked before it ships to you. Exact dimensions are listed above — if you're ever unsure about sizing or fit, message me before you order and I'll help you pick the right option. Some listing photos include AI-enhanced mockups to show the design clearly; your item is printed exactly as shown.",22.99,USD,3,"american_gothic,funny_capybara_t,vintage_art_parody,farmhouse_humor,cute_cavy,rodent_capy_meme,capybara_art,classical_art_parody,inappropriate_art,museum_art_shirt,weirdcore_shirt,retro_graphic_tee,capybara_shirt",Cotton,https://i.etsystatic.com/62608566/r/il/e75ad8/8207618705/il_fullxfull.8207618705_q7ce.jpg,https://i.etsystatic.com/62608566/r/il/4e2b88/8159486740/il_fullxfull.8159486740_quce.jpg,https://i.etsystatic.com/62608566/r/il/f5cec5/8159487356/il_fullxfull.8159487356_if1a.jpg,https://i.etsystatic.com/62608566/r/il/49ade4/8159487672/il_fullxfull.8159487672_onhj.jpg,https://i.etsystatic.com/62608566/r/il/7d02ba/8159487984/il_fullxfull.8159487984_ocq2.jpg,https://i.etsystatic.com/62608566/r/il/102d03/8207410979/il_fullxfull.8207410979_mv9y.jpg,https://i.etsystatic.com/62608566/r/il/a2809f/8207411653/il_fullxfull.8207411653_ems1.jpg,https://i.etsystatic.com/62608566/r/il/846c03/8207412039/il_fullxfull.8207412039_sjll.jpg,,,Custom Property,Comfort Colors® Colors,"Black,Red,Island Reef,Ivory,Sapphire,Neon Pink",Custom Property,Clothing sizes,"S,M,L,XL,2XL,3XL,4XL","23697090750276046699,35351287684202938559,29347373202223176469,20771540406129579958,10779091761770030588,97006619857621749650,15113491269361195731,23900868747480850689,14917110958419986102,17143486298949916520,89975660984195356706,91563681651292142457,22422927531413811461,32474112245305315173,19879829210022551089,14225966971970895159,31460462866874735957,32237605260178942832,11478286952772316474,19186146200745286410,20588759202530335899,79926948599831895143,68611478007077020450,95829459085017756335,85618752477313584157,42034820597964934688,32450502106678975753,17119337608947558689,17720424017617020575,20236825650837184839,12702758160149372702,25195868070342917378,65663826803929476897,32916503635291429737,26616534538259641146,11208167667677761399,12954069419130161869,18417705318201201870,12230475503905436415,48558907201343400341,27729186274065405781,66755820224388282240"
Funny Capybara American Gothic Sweatshirt – Vintage Art Parody Crewneck,"Stay cozy while showing off your love of capybaras and classic art with this funny Capybara sweatshirt with an American Gothic parody. Inspired by one of America's most recognizable paintings, this whimsical design replaces the famous farmhouse couple with two delightfully serious capybaras, creating a unique blend of fine art, farmhouse charm, and internet-famous animal humor. Perfect for chilly mornings, coffee shop visits, farmers markets, museum outings, casual weekends, and everyday wear, this soft crewneck sweatshirt is designed for capybara enthusiasts, art lovers, and anyone who appreciates clever visual humor.

Product features:
- Medium-heavy 50/50 cotton-poly blend (8.0 oz/yd²) for durable warmth
- Tubular knit (no side seams) and ribbed collar for a clean, lasting fit
- Double-needle stitching at shoulder, armhole, neck, waistband, and cuffs
- DTF inner neck labels; OEKO-TEX® certified dyes and ethically grown US cotton

Care instructions
- Machine wash: cold (max 30C or 90F)
- Non-chlorine: bleach as needed
- Tumble dry: low heat
- Do not dryclean

Made to order and quality-checked before it ships to you. Exact dimensions are listed above — if you're ever unsure about sizing or fit, message me before you order and I'll help you pick the right option. Some listing photos include AI-enhanced mockups to show the design clearly; your item is printed exactly as shown.",34.99,USD,3,"capybara_crewneck,gothic_parody_gift,funny_rodent_shirt,classic_art_meme,capybara_lover_gift,quirky_animal_humor,cottagecore_capybara,weird_animal_top,renaissance_capybara,capybara_mom_gift,unisex_graphic_top,novelty_pet_apparel,capybara_meme_shirt","Cotton,Polyester",https://i.etsystatic.com/62608566/r/il/9f0e44/8159700092/il_fullxfull.8159700092_qg9u.jpg,https://i.etsystatic.com/62608566/r/il/0fa220/8207403399/il_fullxfull.8207403399_7si1.jpg,https://i.etsystatic.com/62608566/r/il/f914db/8207393927/il_fullxfull.8207393927_mjvq.jpg,https://i.etsystatic.com/62608566/r/il/4c5fa9/8207394191/il_fullxfull.8207394191_aaq1.jpg,https://i.etsystatic.com/62608566/r/il/11709f/8159471816/il_fullxfull.8159471816_tjom.jpg,https://i.etsystatic.com/62608566/r/il/ab29dd/8159472130/il_fullxfull.8159472130_cii9.jpg,,,,,Custom Property,Sizes,"S,M,L,XL,2XL,3XL",Custom Property,Colors,"Light Blue,Light Pink,Sand,Black,Graphite Heather","30530478618282493851,21038475818869495959,12849815734423090691,11893128685381834073,11284890508659637370,20520210581128901914,32961077197523990313,26562578833991928434,31330130269416664136,44771115577012122666,11013424052915904095,97596278785840129453,52293644852708938354,13645040586921715065,21719619774446643986,21541741047655922224,42992899991067543014,28330028930302148950,15716915859444296659,14953401647407830786,32490606317733575652,24295672689544673440,28301048229166744217,98454128332678358053,31160846491747101584,31440632894281845582,40856740804878052257,14129174868756234123,48975212670150970520,31946024019064888435"
"Capybara Sweatshirt – Funny Rodent Art Apparel, American Gothic Parody","This capybara crewneck sweatshirt features a hilarious animal painting design that reimagines a classic artwork with everyone's favorite rodent. Perfect as a novelty pet gift or humorous gothic parody apparel, this graphic wear combines funny rodent art with comfortable everyday style, making it an ideal quirky mammal top for animal lovers who appreciate comedic creature fashion.

Whimsical Capybara Art Sweatshirt for Animal Enthusiasts

• Features unique capybara parody of iconic American Gothic painting in high-quality graphic print
• Soft crewneck sweatshirt perfect for casual wear and showing off your love of quirky animals
• Makes an excellent novelty gift for capybara fans, rodent enthusiasts, or anyone who enjoys humorous animal art
• Comfortable fit ideal for everyday wear, lounging, or making a statement with comedic creature fashion
• Durable construction with fade-resistant printing ensures your funny animal design stays vibrant wash after wash

Product features:
- Medium-heavy 50/50 cotton-poly blend (8.0 oz/yd²) for durable warmth
- Tubular knit (no side seams) and ribbed collar for a clean, lasting fit
- Double-needle stitching at shoulder, armhole, neck, waistband, and cuffs
- DTF inner neck labels; OEKO-TEX® certified dyes and ethically grown US cotton

Care instructions
- Machine wash: cold (max 30C or 90F)
- Non-chlorine: bleach as needed
- Tumble dry: low heat
- Do not dryclean

Made to order and quality-checked before it ships to you. Exact dimensions are listed above — if you're ever unsure about sizing or fit, message me before you order and I'll help you pick the right option. Some listing photos include AI-enhanced mockups to show the design clearly; your item is printed exactly as shown.",34.99,USD,3,"capybara_crewneck,sweatshirt_black,black_animal,animal_painting,painting_design,design_graphic,graphic_wear_funny,funny_rodent_art,art_apparel,apparel_novelty,novelty_pet_gift,gift_humorous,humorous_gothic","Cotton,Polyester",https://i.etsystatic.com/62608566/r/il/4accde/8157071728/il_fullxfull.8157071728_18ah.jpg,https://i.etsystatic.com/62608566/r/il/97ba36/8204989875/il_fullxfull.8204989875_h8bb.jpg,https://i.etsystatic.com/62608566/r/il/7b2c1d/8204990149/il_fullxfull.8204990149_t18d.jpg,https://i.etsystatic.com/62608566/r/il/778b50/8204990553/il_fullxfull.8204990553_69dv.jpg,https://i.etsystatic.com/62608566/r/il/e4abac/8157066878/il_fullxfull.8157066878_ghwc.jpg,https://i.etsystatic.com/62608566/r/il/da3ccb/8157067200/il_fullxfull.8157067200_h7q1.jpg,https://i.etsystatic.com/62608566/r/il/c8e796/8157067568/il_fullxfull.8157067568_htks.jpg,,,,Custom Property,Sizes,"S,M,L,XL,2XL,3XL",Custom Property,Colors,"Light Blue,Light Pink,Sand,Black,Graphite Heather","13847385809491314486,22727724081501645629,11126043164995044277,82210557878825806170,85110171420794825164,17182875257587907127,31046188625531827838,11376091523583724710,32031803085587740451,82983887233109947955,87968197647297389956,84192278131441028465,12046083594692025010,20431782112035146185,15781258244272842310,99063928219025044541,49270859963782798946,36601440519151912516,17305360014427275934,97425581164014575439,89528344290449865285,31326784111628469012,25092803904396772560,28215666177839746533,13366417537924632482,14052883964124986849,33869402505786379331,56934741101868073328,16255105531012382753,54407225235477347884"
"Capybara T-Shirt: Vintage Art Parody Farmhouse Humor Cotton Tee, American Gothic","Show off your love of capybaras and classic art with this funny capybara t-shirt. Featuring two delightfully stoic capybaras inspired by the iconic farmhouse portrait, this soft cotton tee combines timeless Americana, animal humor, and vintage-inspired artwork into a wearable conversation starter. Perfect for casual outings, farmers markets, bookstores, museums, coffee shops, and everyday wear, this unique graphic tee makes an unforgettable gift for capybara enthusiasts, art lovers, and anyone who appreciates quirky humor.

Product features
- 100% ring-spun US cotton — soft, durable heavyweight (6.1 oz/yd²)
- Garment-dyed for a vintage look and soft hand-feel
- Double-needle stitching on all seams for long-lasting construction
- Tubular knit (no side seams) and pre-shrunk for a clean, comfortable fit
- Available S–4XL with sewn-in label

Care instructions
- Machine wash: cold (max 30C or 90F)
- Do not bleach
- Tumble dry: low heat
- Iron, steam or dry: low heat
- Do not dryclean

Made to order and quality-checked before it ships to you. Exact dimensions are listed above — if you're ever unsure about sizing or fit, message me before you order and I'll help you pick the right option. Some listing photos include AI-enhanced mockups to show the design clearly; your item is printed exactly as shown.",22.99,USD,3,"vacation_tee,laid_back_tee,retro_graphic_tee,unhinged_meme,museum_art_shirt,inappropriate,classical_art_parody,cotton_tee,american_gothic,funny_capybara,capybara_tee_shirt,capybara_apparel,capybara_shirt",Cotton,https://i.etsystatic.com/62608566/r/il/ce0292/8204969245/il_fullxfull.8204969245_52o6.jpg,https://i.etsystatic.com/62608566/r/il/f8d6d7/8204955321/il_fullxfull.8204955321_7lao.jpg,https://i.etsystatic.com/62608566/r/il/fdfe92/8204956117/il_fullxfull.8204956117_lcj5.jpg,https://i.etsystatic.com/62608566/r/il/7ea6fc/8204956441/il_fullxfull.8204956441_db3w.jpg,https://i.etsystatic.com/62608566/r/il/cadc09/8157032342/il_fullxfull.8157032342_ajin.jpg,https://i.etsystatic.com/62608566/r/il/ea0547/8204957153/il_fullxfull.8204957153_24rd.jpg,https://i.etsystatic.com/62608566/r/il/ad590f/8204957931/il_fullxfull.8204957931_do68.jpg,https://i.etsystatic.com/62608566/r/il/d1e1d7/8204958305/il_fullxfull.8204958305_dzr4.jpg,,,Custom Property,Comfort Colors® Colors,"Black,Red,Island Reef,Ivory,Sapphire,Neon Pink",Custom Property,Clothing sizes,"S,M,L,XL,2XL,3XL,4XL","25446439943629192713,28786849236019573733,22925940011540485353,24981669573877504115,13751803955596340151,12112656594631827237,27325656467181057438,39974554116595099074,21363045459606557736,73601453083145565798,30979423719116915613,88226170198332378055,75584829206916612088,32208008321631347433,92209833196790013805,29312665562276032975,30329687196510445364,31293069254048346229,12407015085144800842,20729846828704379256,27641599341448486218,10737101000992527619,27340075821314353144,18764498548278885753,30226073692601822390,13989074962265898917,18197054184257229461,27028651969724762142,15065097937293303472,10462797643739272678,14352933121253888120,28678755879125803937,39464464493355793828,98663168096625783634,15044218611176006999,23264035819647414174,86800097499086965602,16030706610203896576,14566649058931361807,23933816468013958205,33165266393058931099,22055589586601282265"
"Capybara Journal: American Gothic Parody Notebook, Funny Farmhouse Art Writing Gift","Capture your thoughts, sketches, goals, and creative ideas in a funny capybara journal that's as unique as you are. Featuring a whimsical capybara parody of the iconic American Gothic painting, this hardcover journal combines classic American art, farmhouse charm, and internet-famous capybara humor into one unforgettable notebook. Perfect for writers, artists, students, teachers, journal enthusiasts, and anyone who appreciates clever animal artwork, this notebook makes an excellent gift and a stylish addition to any desk, backpack, or creative workspace.

Product features
- 90 gsm ruled pages (118 pages / 59 sheets) — smooth, writing-friendly paper
- Metal spiral binding — lays flat and allows easy page removal
- 350 gsm covers with full-color front print and dark grey back cover
- Inner document pocket on inside back cover for extra storage
- Compact 6"" x 8"" (15.2 x 20.3 cm) size — portable and desk-friendly

Care instructions
- Use a soft, clean and dry cloth to gently brush any dust or dirt off from the center of book outwards.

Made to order and quality-checked before it ships to you. Exact dimensions are listed above — if you're ever unsure about sizing or fit, message me before you order and I'll help you pick the right option. Some listing photos include AI-enhanced mockups to show the design clearly; your item is printed exactly as shown.",18.99,USD,3,"spiral_notebook,ruled_notebook,stationery_gift,art_notebook,Inappropriate,Pop_Culture_Journal,travel_journal,renaissance_book,classical_art_parody,artist_gift_idea,retro_journal,american_gothic,funny_capybara",,https://i.etsystatic.com/62608566/r/il/aa64f5/8204906343/il_fullxfull.8204906343_sl2y.jpg,https://i.etsystatic.com/62608566/r/il/5ebfd9/8156968786/il_fullxfull.8156968786_tfl0.jpg,https://i.etsystatic.com/62608566/r/il/94b573/8204894633/il_fullxfull.8204894633_e8rs.jpg,https://i.etsystatic.com/62608566/r/il/0d246c/8204895053/il_fullxfull.8204895053_23lg.jpg,https://i.etsystatic.com/62608566/r/il/bc07af/8204895565/il_fullxfull.8204895565_iuia.jpg,,,,,,,,,,,,19313364520913603022
Funny Capybara American Gothic Tote Bag: Farmhouse Art Parody Canvas Tote,"Carry a masterpiece with a capybara twist. This funny capybara tote bag features a whimsical parody of the iconic American Gothic painting, reimagined with two delightfully serious capybaras standing proudly before a farmhouse. Combining classic American art with internet-famous capybara charm, this unique tote is perfect for errands, shopping, work, school, libraries, bookstores, and everyday adventures. Whether you're a capybara enthusiast, art lover, farmer at heart, or collector of quirky accessories, this reusable tote bag is guaranteed to spark smiles and conversations wherever you go.

Product features
- 100% heavy-duty 12 oz cotton canvas for strong, durable structure
- Flat-corner construction keeps a clean, square silhouette
- Self-fabric carrying handles with reinforced stitching for reliable support
- Sewn-in label; blank product sourced from India

Care instructions
- Do not iron directly over the printed area - print may stick to the iron.
- Spot clean
- Do not bleach
- Line dry

Made to order and quality-checked before it ships to you. Exact dimensions are listed above — if you're ever unsure about sizing or fit, message me before you order and I'll help you pick the right option. Some listing photos include AI-enhanced mockups to show the design clearly; your item is printed exactly as shown.",19.99,USD,3,"canvas_tote,black_tote,vintage_photo,art_tote_bag,grocery_tote,eco_friendly,gift_for_her,women_tote_bag,inappropriate_tote,funny_capybara,classical_art_parody,capybara_gift,capybara_tote_bag","Canvas,Cotton,Canvas",https://i.etsystatic.com/62608566/r/il/9f6e17/8157008712/il_fullxfull.8157008712_o9qb.jpg,https://i.etsystatic.com/62608566/r/il/a1fafd/8204307739/il_fullxfull.8204307739_346m.jpg,https://i.etsystatic.com/62608566/r/il/7cb49f/8156386106/il_fullxfull.8156386106_rgy7.jpg,https://i.etsystatic.com/62608566/r/il/03840b/8204310115/il_fullxfull.8204310115_6hu1.jpg,https://i.etsystatic.com/62608566/r/il/21d74b/8156387640/il_fullxfull.8156387640_7p0g.jpg,,,,,,,,,,,,13815319138467195223
"Capybara Print, Museum Creation of Adam Parody Wall Art, Funny Renaissance Gallery Wrapped Canvas","Transform your walls into a conversation piece with this hilarious capybara Renaissance art canvas. Featuring a whimsical parody inspired by a world-famous masterpiece, this gallery wrapped canvas combines classical art elegance with the internet's favorite laid-back animal. The result is a unique blend of museum-inspired sophistication and playful humor that instantly elevates any room. Perfect for living rooms, offices, libraries, home bars, dorm rooms, studios, reading nooks, and gallery walls, this capybara canvas print makes a memorable gift for art lovers, capybara enthusiasts, and anyone who appreciates clever visual humor.

Product features
- UL-certified Greenguard Gold inks for vibrant, safe color
- Stretched on FSC-certified radiata pine frame from renewable forests
- Durable cotton/polyester canvas printed with non-toxic latex inks
- Soft rubber dots and back hanging hardware included for secure display

Care instructions
- If the canvas does gather any dust, you may wipe it off gently with a clean, damp cloth.

Made to order and quality-checked before it ships to you. Exact dimensions are listed above — if you're ever unsure about sizing or fit, message me before you order and I'll help you pick the right option. Some listing photos include AI-enhanced mockups to show the design clearly; your item is printed exactly as shown.",27.99,USD,12,"capybara_art,classical_art_parody,creation_of_adam,museum_art_spoof,inappropriate_art,antique_classical,michelangelo_parody,funny_capybara,renaissance_art,gallery_wrapped,wrapped_canvas,capybara_humor,homedecor","Wood,Canvas",https://i.etsystatic.com/62608566/r/il/a37e9d/8207544103/il_fullxfull.8207544103_t6eb.jpg,https://i.etsystatic.com/62608566/r/il/c5ce8e/8207524783/il_fullxfull.8207524783_173z.jpg,https://i.etsystatic.com/62608566/r/il/b6754f/8207525199/il_fullxfull.8207525199_1mho.jpg,https://i.etsystatic.com/62608566/r/il/f5955b/8207525601/il_fullxfull.8207525601_j1m6.jpg,https://i.etsystatic.com/62608566/r/il/512ee1/8159602942/il_fullxfull.8159602942_tudv.jpg,https://i.etsystatic.com/62608566/r/il/db3dde/8159603500/il_fullxfull.8159603500_m0io.jpg,,,,,Custom Property,Sizes,"10&quot; x 8&quot; (Horizontal),18″ x 12″ (Horizontal),24″ x 16″ (Horizontal),30″ x 20″ (Horizontal)",,,,"10466520905793492478,17853716730194745016,37946783223877926504,18743033394735338664"
"Capybara Tote Bag: Renaissance Art Parody Canvas Tote, Funny Museum Humor","Carry a masterpiece wherever you go with this funny capybara tote bag. Featuring a whimsical parody inspired by one of the world's most recognizable classical paintings, this eye-catching tote combines sophisticated museum aesthetics with the internet's favorite chill animal. Perfect for grocery shopping, library trips, farmers markets, beach days, school, work, or everyday errands. This funny capybara tote bag makes an unforgettable gift for art lovers, museum enthusiasts, teachers, students, librarians, coffee shop regulars, and anyone who appreciates clever animal humor with a touch of culture.

Product features
- 100% heavy-duty 12 oz cotton canvas for strong, durable structure
- Flat-corner construction keeps a clean, square silhouette
- Self-fabric carrying handles with reinforced stitching for reliable support
- Sewn-in label; blank product sourced from India

Care instructions
- Do not iron directly over the printed area - print may stick to the iron.
- Spot clean
- Do not bleach
- Line dry

Made to order and quality-checked before it ships to you. Exact dimensions are listed above — if you're ever unsure about sizing or fit, message me before you order and I'll help you pick the right option. Some listing photos include AI-enhanced mockups to show the design clearly; your item is printed exactly as shown.",19.99,USD,3,"canvas_tote,black_tote,vintage_photo,art_tote_bag,grocery_tote,eco_friendly,gift_for_her,street_style,urban_tote,women_tote_bag,inappropriate_tote,funny_capybara,classical_art_parody","Canvas,Canvas,Cotton",https://i.etsystatic.com/62608566/r/il/c295dc/8339654396/il_fullxfull.8339654396_2zv3.jpg,https://i.etsystatic.com/62608566/r/il/b87b68/8156221680/il_fullxfull.8156221680_fmkc.jpg,https://i.etsystatic.com/62608566/r/il/79243f/8204131243/il_fullxfull.8204131243_ew5n.jpg,https://i.etsystatic.com/62608566/r/il/6363fc/8156208956/il_fullxfull.8156208956_kg8w.jpg,https://i.etsystatic.com/62608566/r/il/0d5e23/8156209560/il_fullxfull.8156209560_egjt.jpg,https://i.etsystatic.com/62608566/r/il/42b6a7/8204133689/il_fullxfull.8204133689_2kut.jpg,,,,,,,,,,,40209161615072440343
"Capybara Sweatshirt, Museum Humor Crewneck, Animal Lover Gift, Renaissance Art","Bring together fine art and internet-famous capybara charm with this hilarious Renaissance-inspired sweatshirt featuring a capybara parody of a classic masterpiece. Perfect for art lovers, museum enthusiasts, animal fans, and anyone who appreciates quirky humor, this cozy sweatshirt is designed to spark smiles and conversations wherever you go. Whether you're shopping for a unique birthday gift, a funny Christmas present, or a cozy everyday sweatshirt, this capybara art design blends classical aesthetics with modern meme culture for an unforgettable look.

Product features:
- Medium-heavy 50/50 cotton-poly blend (8.0 oz/yd²) for durable warmth
- Tubular knit (no side seams) and ribbed collar for a clean, lasting fit
- Double-needle stitching at shoulder, armhole, neck, waistband, and cuffs
- DTF inner neck labels; OEKO-TEX® certified dyes and ethically grown US cotton

Care instructions
- Machine wash: cold (max 30C or 90F)
- Non-chlorine: bleach as needed
- Tumble dry: low heat
- Do not dryclean

Made to order and quality-checked before it ships to you. Exact dimensions are listed above — if you're ever unsure about sizing or fit, message me before you order and I'll help you pick the right option. Some listing photos include AI-enhanced mockups to show the design clearly; your item is printed exactly as shown.",34.99,USD,3,"crewneck_sweatshirt,funny_crewneck,casual_unisex_top,summer_vacation_top,laid_back_hoodie,inappropriate,classical_art_parody,pop_culture_sweat,museum_art_apparel,renaissance_sweat,creation_of_adam,capybara_gift,pop_culture_art","Cotton,Polyester",https://i.etsystatic.com/62608566/r/il/2e2b20/8156082696/il_fullxfull.8156082696_sr7t.jpg,https://i.etsystatic.com/62608566/r/il/b01aec/8156074172/il_fullxfull.8156074172_3seb.jpg,https://i.etsystatic.com/62608566/r/il/d70a64/8156074520/il_fullxfull.8156074520_mjr2.jpg,https://i.etsystatic.com/62608566/r/il/f4d1ca/8156074878/il_fullxfull.8156074878_7ny4.jpg,https://i.etsystatic.com/62608566/r/il/628f65/8203999773/il_fullxfull.8203999773_bbhb.jpg,https://i.etsystatic.com/62608566/r/il/725556/8204000189/il_fullxfull.8204000189_kwcs.jpg,,,,,Custom Property,Sizes,"S,M,L,XL,2XL,3XL",Custom Property,Colors,"Light Blue,Light Pink,Sand,Black,Graphite Heather","32027549745183225013,30159933243986679969,15939645705868243488,22109859414705509203,32113603689244851027,22088441048950997719,15301567591640118298,10066156367007749860,28716964798978226733,23000285627349465440,19935675455122184841,26242250698361552986,12670522560087703796,26663943690971843187,32534886952311615562,21552201955603579955,50555384680587746414,32684317498377217421,68856633355261284912,11778088223782402652,11500791302346035000,24669646077978352558,30564823628889686524,27577162038149529180,25822312370608454858,29194642336401956302,90694747974044149054,30735345185525248457,53588117327883634657,82921732386820311888"
"Capybara Tank Top | Renaissance Art Parody Sleeveless Shirt, Creation of Adam","Embrace your inner capybara with this funny Capybara Tank Top, a playful parody inspired by one of history's most iconic Renaissance masterpieces. Featuring a relaxed capybara reaching toward the divine in a whimsical recreation of a famous ceiling fresco, this unique tank top combines fine art, internet humor, and laid-back capybara energy. Perfect for warm summer days, vacations, beach trips, festivals, gym workouts, museum visits, and everyday casual wear, this eye-catching graphic tank is guaranteed to spark conversations and laughs wherever you go. Whether you're shopping for yourself or searching for the perfect gift for a capybara enthusiast, artist, history buff, or animal lover, this unique tank top delivers comfort, style, and personality.

Product features
- 100% Airlume combed and ring-spun cotton (varies by color) — lightweight 4.2 oz fabric
- Side seams for maintained shape and structural support
- Self-fabric binding at neck and armholes for clean finish
- Retail fit with tear-away label; runs true to size
- Made in Nicaragua; meets flammability requirements

Care instructions
- Machine wash: warm (max 40C or 105F)
- Non-chlorine: bleach as needed
- Tumble dry: medium
- Iron, steam or dry: medium heat
- Do not dryclean

Made to order and quality-checked before it ships to you. Exact dimensions are listed above — if you're ever unsure about sizing or fit, message me before you order and I'll help you pick the right option. Some listing photos include AI-enhanced mockups to show the design clearly; your item is printed exactly as shown.",24.99,USD,3,"inappropriate_art,classical_art_parody,LGBTQ_clothing,gift_for_artist,creation_of_adam,funny_capybara,cotton_tee,museum_antique,retro_pop_art,retro_graphic_tank,irreverent_art,renaissance_parody,relaxed_fit_tank",Cotton,https://i.etsystatic.com/62608566/r/il/e2f5ec/8226848119/il_fullxfull.8226848119_nxs3.jpg,https://i.etsystatic.com/62608566/r/il/9d3555/8203948895/il_fullxfull.8203948895_rz1n.jpg,https://i.etsystatic.com/62608566/r/il/fa61de/8156003980/il_fullxfull.8156003980_ezrv.jpg,https://i.etsystatic.com/62608566/r/il/136939/8203929925/il_fullxfull.8203929925_p7a0.jpg,https://i.etsystatic.com/62608566/r/il/c6348c/8156005230/il_fullxfull.8156005230_ag5s.jpg,https://i.etsystatic.com/62608566/r/il/b31259/8203931201/il_fullxfull.8203931201_1gjg.jpg,https://i.etsystatic.com/62608566/r/il/4b1766/8156006556/il_fullxfull.8156006556_jyje.jpg,https://i.etsystatic.com/62608566/r/il/38972f/8203932759/il_fullxfull.8203932759_bmmp.jpg,https://i.etsystatic.com/62608566/r/il/8df16e/8156007910/il_fullxfull.8156007910_93an.jpg,,Custom Property,Sizes,"XS,S,M,L,XL,2XL",Custom Property,Colors,"Athletic Heather,Black,Kelly,Red,True Royal,Navy,White","31501110151674643334,33235277242091717610,32184164689462638918,14171718335889798052,33047540432969820359,unavailable_sku,19552186674861311716,24336322483325404393,16591542469213176700,13166123671501259818,55080923472391540530,10048745917760456034,26757046849112123266,38633398612276618575,24165060778658676801,21070725745865924297,39810264101190127807,23933007669108560236,14679050512912781543,11407517340680075399,25708229996110409248,15023760181277925782,16346719954272017758,13230066409648555425,12926891731859643840,25549297611688650838,43175336310189237044,50375129755335001719,15302030754292126076,16723662600825296946,32240337437262167469,33808733583587257644,12779190910626697215,25303834450889436011,17647442590474068152,31867085882543565607,14344583916833117589,58973428691266666429"
Capybara Shirt Renaissance Art Parody Tee | Capybara Lover Gift | Michelangelo Inspired Graphic T-Shirt,"Celebrate art history with a funny capybara twist! This unique graphic T-shirt features a playful parody of Michelangelo's famous ceiling fresco, reimagined with a relaxed capybara reaching toward the divine. Perfect for capybara enthusiasts, art lovers, museum-goers, and anyone who appreciates clever visual humor. Whether you're visiting a museum, attending an art festival, relaxing with friends, or looking for the ultimate conversation starter, this shirt combines timeless fine art with internet-famous capybara charm. This funny art parody shirt makes a thoughtful gift for artists, teachers, students, historians, animal lovers, and anyone whose personality is best described as ""unbothered and on capybara time.""

Product features
- 100% ring-spun US cotton — soft, durable heavyweight (6.1 oz/yd²)
- Garment-dyed for a vintage look and soft hand-feel
- Double-needle stitching on all seams for long-lasting construction
- Tubular knit (no side seams) and pre-shrunk for a clean, comfortable fit
- Available S–4XL with sewn-in label

Care instructions
- Machine wash: cold (max 30C or 90F)
- Do not bleach
- Tumble dry: low heat
- Iron, steam or dry: low heat
- Do not dryclean

Made to order and quality-checked before it ships to you. Exact dimensions are listed above — if you're ever unsure about sizing or fit, message me before you order and I'll help you pick the right option. Some listing photos include AI-enhanced mockups to show the design clearly; your item is printed exactly as shown.",22.99,USD,3,"Funny_Capybara_Shirt,inappropriate_art,classical_art_parody,cotton_tee,museum_art_apparel,creation_of_adam,LGBTQ_apparel,Capybara_art,renaissance_tee,antique_classical,unhinged_meme,weirdcore_shirt,retro_graphic_tee",Cotton,https://i.etsystatic.com/62608566/r/il/1c3bd7/8226879555/il_fullxfull.8226879555_qism.jpg,https://i.etsystatic.com/62608566/r/il/3c1b5c/8155971718/il_fullxfull.8155971718_trcz.jpg,https://i.etsystatic.com/62608566/r/il/6b7a3a/8203886401/il_fullxfull.8203886401_ompj.jpg,https://i.etsystatic.com/62608566/r/il/2c6174/8155962838/il_fullxfull.8155962838_4nr2.jpg,https://i.etsystatic.com/62608566/r/il/164794/8203887721/il_fullxfull.8203887721_obad.jpg,https://i.etsystatic.com/62608566/r/il/0c3521/8203888259/il_fullxfull.8203888259_i93a.jpg,https://i.etsystatic.com/62608566/r/il/932434/8155964370/il_fullxfull.8155964370_hu2n.jpg,https://i.etsystatic.com/62608566/r/il/35dd45/8203889177/il_fullxfull.8203889177_jgos.jpg,,,Custom Property,Comfort Colors® Colors,"Red,Island Reef,Ivory,Violet,Sapphire,Neon Pink",Custom Property,Clothing sizes,"S,M,L,XL,2XL,3XL,4XL","14037523480223308329,27321999525421062897,29779464606084675036,31889024942533606615,57382047349057588212,19281039910164563702,27134032458795537843,21776727510852965875,19944540310765463486,17508356094802089871,17725526045832384074,16753641588717569251,15971336999086887299,96129777001690513765,64025989915658408123,29002490929183131086,27669545018506795357,72319789717203200655,29863060149313789288,99000647030359989418,84156636237174429593,32752043288939711160,42936605490383714622,10043741526234897258,27896636344652041617,71435829158137093668,15013368102884305686,20283227678821417715,24621738746283408945,15903828184448033134,30741343844062817750,96067230067277546344,12815477965895211490,35431901886707249024,25260024388295788348,12355385025077763206,31264242885487187528,27336487737534994958,31185118060584444779,26071395943196534059,39449328635059594847,25827788576403972600"
"Personalized Journal The Adventures of Journal, Capybara Don't Worry, Be Capy, Custom Notebook","Capture your thoughts, dreams, travel memories, and daily adventures in this personalized journal featuring an adorable capybara lounging on the beach beneath the cheerful caption, ""Don't Worry, Be Capy."" Customized with your name in the title, this unique ""The Adventures of"" personalized notebook makes a thoughtful gift for capybara lovers, beach enthusiasts, students, writers, travelers, and anyone who appreciates a little relaxation and humor. Whether you're searching for a personalized capybara journal gift, a custom beach-themed notebook, or a cute writing journal for animal lovers, this charming notebook combines functionality with a fun, tropical design. The relaxing beach scene and playful capybara artwork inspire creativity while providing the perfect place to record travel plans, daily reflections, creative writing, gratitude lists, school notes, or vacation memories.

Product features
- 90 gsm ruled pages (118 pages / 59 sheets) — smooth, writing-friendly paper
- Metal spiral binding — lays flat and allows easy page removal
- 350 gsm covers with full-color front print and dark grey back cover
- Inner document pocket on inside back cover for extra storage
- Compact 6"" x 8"" (15.2 x 20.3 cm) size — portable and desk-friendly

Care instructions
- Use a soft, clean and dry cloth to gently brush any dust or dirt off from the center of book outwards.

Made to order and quality-checked before it ships to you. Exact dimensions are listed above — if you're ever unsure about sizing or fit, message me before you order and I'll help you pick the right option. Some listing photos include AI-enhanced mockups to show the design clearly; your item is printed exactly as shown.",18.99,USD,3,"capybara_gift,capybara_journal,personalized_gift,personalized_journal,don't_worry_be_capy,writer_journal,custom_journal,travel_journal,gift_for_traveler,custom_notebook,travel_diary,cute_notebook,animal_lover_gift",,https://i.etsystatic.com/62608566/r/il/87f6e3/8145403892/il_fullxfull.8145403892_c6h2.jpg,https://i.etsystatic.com/62608566/r/il/2dc972/8243452592/il_fullxfull.8243452592_s0c3.jpg,https://i.etsystatic.com/62608566/r/il/c39c9e/8145395450/il_fullxfull.8145395450_g2bl.jpg,https://i.etsystatic.com/62608566/r/il/6fdda0/8193302587/il_fullxfull.8193302587_na92.jpg,https://i.etsystatic.com/62608566/r/il/97812c/8145396084/il_fullxfull.8145396084_pyb4.jpg,https://i.etsystatic.com/62608566/r/il/0f2850/8145396324/il_fullxfull.8145396324_ll7y.jpg,https://i.etsystatic.com/62608566/r/il/6ce5c3/8145396634/il_fullxfull.8145396634_9fcp.jpg,,,,,,,,,,71107177779363930539
"Capybara Sweatshirt, Don't Worry Be Capy Crewneck Sweatshirt | Retro Beach Sunset","Stay cozy while spreading good vibes with this adorable Don't Worry, Be Capy sweatshirt. Featuring a charming capybara graphic and a playful reminder to relax, this comfy sweatshirt is perfect for anyone who loves capybaras, cute animals, and a laid-back lifestyle. Whether you're lounging at home, heading to class, running errands, or enjoying a chilly beach evening, this funny capybara sweatshirt combines comfort, humor, and personality. The cheerful design makes it a great conversation starter and a must-have addition to any animal lover's wardrobe.

Product features:
- Medium-heavy 50/50 cotton-poly blend (8.0 oz/yd²) for durable warmth
- Tubular knit (no side seams) and ribbed collar for a clean, lasting fit
- Double-needle stitching at shoulder, armhole, neck, waistband, and cuffs
- DTF inner neck labels; OEKO-TEX® certified dyes and ethically grown US cotton

Care instructions
- Machine wash: cold (max 30C or 90F)
- Non-chlorine: bleach as needed
- Tumble dry: low heat
- Do not dryclean

Made to order and quality-checked before it ships to you. Exact dimensions are listed above — if you're ever unsure about sizing or fit, message me before you order and I'll help you pick the right option. Some listing photos include AI-enhanced mockups to show the design clearly; your item is printed exactly as shown.",34.99,USD,3,"crewneck_sweatshirt,funny_crewneck,casual_unisex_top,gag_gift_sweatshirt,animal_lover_gift,summer_vacation_top,laid_back_hoodie,cute_wildlife_top,tropical_sunset_tee,capybara_sunset,don't_worry_be_capy,retro_beach,relaxation_capybara","Cotton,Polyester",https://i.etsystatic.com/62608566/r/il/400594/8145350932/il_fullxfull.8145350932_ok84.jpg,https://i.etsystatic.com/62608566/r/il/ca63ed/8193248845/il_fullxfull.8193248845_bkmj.jpg,https://i.etsystatic.com/62608566/r/il/566b3a/8193249089/il_fullxfull.8193249089_83mh.jpg,https://i.etsystatic.com/62608566/r/il/c46acd/8193249323/il_fullxfull.8193249323_a2a5.jpg,https://i.etsystatic.com/62608566/r/il/2097b3/8193249617/il_fullxfull.8193249617_p5kz.jpg,https://i.etsystatic.com/62608566/r/il/f6326a/8193249885/il_fullxfull.8193249885_j5bd.jpg,,,,,Custom Property,Sizes,"S,M,L,XL,2XL,3XL",Custom Property,Colors,"Light Blue,Light Pink,Sand,Black,Graphite Heather","21992029048037728595,31490521393496104045,21867269399446856498,28117744674662463999,22046883180017631913,33150801672067983789,33247477544046513524,14717277830422195662,10506151190028271800,33999832404556141586,23319543607688519578,23139348011832545479,27207935601664566505,31810155761428028906,33989095370426694243,33205797158547888645,68162605551930490418,56331889026675068063,82958322757627712937,72370566035104722657,20420814226210357159,87266806347312340845,29699900731227321118,26277219346448127005,15664228375777233766,24931393451386980553,22554488850888918989,87971689643636777131,83053574075005450273,29955333221375354416"
"Capybara Shirt Don't Worry, Be Capy Funny Capybara Beach Garment Dyed Cotton T-Shirt","Bring vacation vibes wherever you go with this adorable Don't Worry, Be Capy t-shirt featuring a relaxed capybara lounging in a beach chair by the ocean. Wearing sunglasses and soaking up the sunset, this chill capybara design is perfect for anyone who loves cute animals, tropical vacations, and positive, stress-free living. Whether you're headed to the beach, relaxing on vacation, or simply embracing a laid-back lifestyle, this funny capybara graphic tee is sure to bring smiles and compliments. The playful artwork and uplifting message make it a great conversation starter and an ideal gift for capybara lovers of all ages.

Product features
- 100% ring-spun US cotton — soft, durable heavyweight (6.1 oz/yd²)
- Garment-dyed for a vintage look and soft hand-feel
- Double-needle stitching on all seams for long-lasting construction
- Tubular knit (no side seams) and pre-shrunk for a clean, comfortable fit
- Available S–4XL with sewn-in label; offered in 58 colors

Care instructions
- Machine wash: cold (max 30C or 90F)
- Do not bleach
- Tumble dry: low heat
- Iron, steam or dry: low heat
- Do not dryclean

Made to order and quality-checked before it ships to you. Exact dimensions are listed above — if you're ever unsure about sizing or fit, message me before you order and I'll help you pick the right option. Some listing photos include AI-enhanced mockups to show the design clearly; your item is printed exactly as shown.",19.99,USD,3,"beach_t_shirt,capybara_shirt,sunset_tee,vacation_tee,casual_beach,animal_lover,funny_animal,laid_back_tee,funny_capybara_shirt,vintage_capybara,retro_graphic_tee,weirdcore_shirt,don't_worry_be_capy",Cotton,https://i.etsystatic.com/62608566/r/il/ea6f3d/8193181461/il_fullxfull.8193181461_n0g8.jpg,https://i.etsystatic.com/62608566/r/il/ac0627/8193174037/il_fullxfull.8193174037_5ai7.jpg,https://i.etsystatic.com/62608566/r/il/0268f9/8145269060/il_fullxfull.8145269060_h39s.jpg,https://i.etsystatic.com/62608566/r/il/4ebf46/8193175201/il_fullxfull.8193175201_aezu.jpg,https://i.etsystatic.com/62608566/r/il/0f0f41/8145269750/il_fullxfull.8145269750_s15w.jpg,https://i.etsystatic.com/62608566/r/il/353803/8145270214/il_fullxfull.8145270214_bnti.jpg,https://i.etsystatic.com/62608566/r/il/7967a6/8193176327/il_fullxfull.8193176327_2jrl.jpg,https://i.etsystatic.com/62608566/r/il/599ba7/8193176629/il_fullxfull.8193176629_4stl.jpg,https://i.etsystatic.com/62608566/r/il/ef4d39/8145271174/il_fullxfull.8145271174_kkah.jpg,https://i.etsystatic.com/62608566/r/il/425d3a/8193177257/il_fullxfull.8193177257_avlz.jpg,Custom Property,Comfort Colors® Colors,"Black,Red,Island Reef,Lagoon Blue,Ivory,Neon Pink",Custom Property,Clothing sizes,"S,M,L,XL,2XL,3XL,4XL","21687814772705489731,19848338590338897210,26566489098939160107,49111601228655464613,11146454319547361362,51702255236355238262,30943077577472222737,25948355735011311481,26497500530513976407,46696643247212313443,21022507684183367631,26891855752891470175,19269443096237237214,12353432811564543700,18380619385705741741,30555847523533592072,33532268992610475347,44386194663467877882,31334057479130239696,29500009869652632599,30903917870468786903,21098648436036834119,67648799484168329618,25020630164072833664,72849219476124098211,77514722393490170602,31047880858222767164,33140161497943332089,11064288259208821771,13921420468623117703,10881717730033348424,28498461263504551135,17322806456598182462,14908225141768515964,16811759750064183637,31103459825678737252,33959693719632145949,33703323185543496411,18488099622712620931,56678294952986173303,22124049015082227295,39995373508751580525"
"Personalized Pet Photo Desk Mat, Custom Dog or Cat Mouse Pad, Office Gift","Transform your workspace into a tribute to your favorite furry companion with a Personalized Pet Photo Faux Suede Desk Mat. Upload photos of your beloved pet and add their name to create a one-of-a-kind desk accessory that combines style, comfort, and personality. Whether it's a playful puppy, a curious cat, a cherished rabbit, or another beloved pet, this custom desk mat showcases their unique charm while protecting your desk surface. The soft faux suede top provides a comfortable workspace for your keyboard, mouse, laptop, and daily tasks.

Product features
- Non-slip neoprene bottom keeps mat firmly in place
- Soft faux suede surface ideal for typing, writing, and crafting
- Bright, high-resolution printing for vivid, photo-quality pet portraits
- Durable hemmed edges to prevent fraying and extend life
- Available in three sizes to fit desks, keyboards, or full workspace

Care instructions
- Use warm water and dish soap to clean spots off your pad. It's not necessary to soak the whole pad. For hard-to-clean spots use a soft-bristled brush. 

Made to order and quality-checked before it ships to you. Exact dimensions are listed above — if you're ever unsure about sizing or fit, message me before you order and I'll help you pick the right option. Some listing photos include AI-enhanced mockups to show the design clearly; your item is printed exactly as shown.",31.99,USD,3,"pet_photo_desk_pad,custom_pet_portrait,faux_suede_desk_mat,pet_name_desk_mat,pet_parent_gift,home_office_decor,custom_pet_accessory,custom_desk_mat,cute_large,cute_large_desk_mat,neoprene_custom_pet,personalized_gift,custom_pet_photo",Neoprene,https://i.etsystatic.com/62608566/r/il/5c4937/8133058940/il_fullxfull.8133058940_3ycu.jpg,https://i.etsystatic.com/62608566/r/il/ff142a/8133044514/il_fullxfull.8133044514_5chv.jpg,https://i.etsystatic.com/62608566/r/il/195933/8180944183/il_fullxfull.8180944183_5soz.jpg,https://i.etsystatic.com/62608566/r/il/e3e326/8133046266/il_fullxfull.8133046266_sf92.jpg,https://i.etsystatic.com/62608566/r/il/6e7dbb/8133047252/il_fullxfull.8133047252_7p9m.jpg,https://i.etsystatic.com/62608566/r/il/3c8a94/8430258397/il_fullxfull.8430258397_6csa.jpg,,,,,,,,,,,78075374162849048056
"Personalized Pet Portrait Mouse Pad, Custom Photo Desk Decor, Realistic Memorial Gift","Your favorite pet deserves a place at your desk. Turn a treasured photo into a personalized pet portrait mouse pad that keeps your best friend close while you work, study, or game. Whether it's a playful puppy, a curious cat, or a beloved companion you'll always remember, this custom mouse pad transforms a special photo into a realistic keepsake you'll enjoy every day. Unlike simple line drawings, each portrait is carefully hand-edited to preserve your pet's unique features and personality. Just upload your favorite photo, add your pet's name if you'd like, and we'll create a custom mouse pad that's both practical and meaningful.

Product features
- Smooth surface for effortless mouse gliding and easy cleaning
- Full-front decoration with bright, intense colors
- Rubber base for firm grip to the desk
- Rectangular shape with ultra-thin profile (1/16"" / 1.58 mm)
- Durable high-density foam with one-sided print

Care instructions
- Use warm water and dish soap to clean spots off your pad. It's not necessary to soak the whole pad. For hard-to-clean spots use a soft-bristled brush. 

Made to order and quality-checked before it ships to you. Exact dimensions are listed above — if you're ever unsure about sizing or fit, message me before you order and I'll help you pick the right option. Some listing photos include AI-enhanced mockups to show the design clearly; your item is printed exactly as shown.",17.99,USD,3,"personalized_pet,pet_portrait_pad,pet_photo_mouse,custom_dog_pad,custom_cat_pad,office_desk_gift,pet_memorial,dog_lover_gift,cat_lover_gift,remote_work_gift,home_office_decor,custom_mouse_pad,pet_keepsake","Foam,Rubber",https://i.etsystatic.com/62608566/r/il/bf9d14/8132855936/il_fullxfull.8132855936_b9m3.jpg,https://i.etsystatic.com/62608566/r/il/35839b/8132761680/il_fullxfull.8132761680_qnfj.jpg,https://i.etsystatic.com/62608566/r/il/c1d6df/8132763194/il_fullxfull.8132763194_5gqy.jpg,https://i.etsystatic.com/62608566/r/il/29c383/8180663307/il_fullxfull.8180663307_b2pm.jpg,https://i.etsystatic.com/62608566/r/il/0dc466/8132765248/il_fullxfull.8132765248_dznp.jpg,https://i.etsystatic.com/62608566/r/il/bfd289/8382388688/il_fullxfull.8382388688_6g7g.jpg,,,,,,,,,,,13961619698252990882
"Custom Watercolor Pet Portrait on Gallery Wrapped Canvas, Personalized Dog or Cat Wall Art","Turn your favorite pet photo into a beautiful custom watercolor-style work of art! This personalized canvas portrait captures the unique personality of your beloved companion in a soft, artistic watercolor design that looks stunning in any home. Simply send us your pet's photo, and we'll create a custom watercolor portrait and provide a proof for your approval before production. Printed on premium gallery-wrapped canvas and finished with a stylish frame, this keepsake makes a thoughtful gift for pet lovers and a timeless tribute to furry family members.

Product features
- High-quality matte coating with UL-certified Greenguard Gold inks for vivid, safe prints
- Stretched on FSC-sourced radiata pine with a 1.25"" profile for a clean gallery look
- Durable cotton-poly canvas printed with non-toxic latex inks
- Soft rubber dots and included back-hanging hardware for secure placement
- Available in multiple orientations and sizes; slight size tolerance +/- 1/8"" due to production

Care instructions
- If the canvas does gather any dust, you may wipe it off gently with a clean, damp cloth.

Made to order and quality-checked before it ships to you. Exact dimensions are listed above — if you're ever unsure about sizing or fit, message me before you order and I'll help you pick the right option. Some listing photos include AI-enhanced mockups to show the design clearly; your item is printed exactly as shown.",32.99,USD,9,"watercolor_dog_art,watercolor_cat_art,soft_watercolor_gift,pet_loss_watercolor,new_pet_owner_art,dog_mom_canvas_gift,cat_mom_canvas_gift,artistic_pet_decor,pastel_pet_portrait,custom_pet_tribute,watercolor_decor,painterly_pet_art,hand_painted_style","Wood,Canvas",https://i.etsystatic.com/62608566/r/il/d803b5/8170203962/il_fullxfull.8170203962_nnbu.jpg,https://i.etsystatic.com/62608566/r/il/eea718/8109205284/il_fullxfull.8109205284_tljb.jpg,https://i.etsystatic.com/62608566/r/il/289c50/8109192192/il_fullxfull.8109192192_44sb.jpg,https://i.etsystatic.com/62608566/r/il/a6a962/8157099779/il_fullxfull.8157099779_2630.jpg,https://i.etsystatic.com/62608566/r/il/a35d1c/8109195120/il_fullxfull.8109195120_2dn2.jpg,https://i.etsystatic.com/62608566/r/il/662c75/8382382414/il_fullxfull.8382382414_6630.jpg,,,,,Custom Property,Sizes,"9&quot; x 12&quot; (Vertical),16&quot; x 20&quot; (Vertical),24&quot; x 30&quot; (Vertical)",,,,"27760762047975556064,27816166568708359067,24375231508351955286"
"Custom Framed Watercolor Pet Portrait on Wrapped Canvas, Personalized Dog or Cat Wall Art","Turn your favorite pet photo into a beautiful custom framed watercolor-style work of art! This personalized framed canvas pet portrait captures the unique personality of your beloved companion in a soft, artistic watercolor design that looks stunning in any home. Simply send us your pet's photo, and we'll create a custom watercolor portrait on wrapped canvas and provide a proof for your approval before production. Printed on premium gallery-wrapped canvas and finished with a stylish frame, this keepsake makes a thoughtful gift for pet lovers and a timeless tribute to furry family members.

Product features
- Greenguard Gold UL-certified inks for the highest image quality
- Sustainable radial pine frame from FSC-certified renewable forests
- Non-toxic, non-flammable latex inks for safe indoor display
- Cotton/polyester canvas composite with proprietary coating for vivid, lasting color
- Multiple sizes, frame colors with sawtooth hanging hardware included

Care instructions
- If the canvas does gather any dust, you may wipe it off gently with a clean, damp cloth.

Made to order and quality-checked before it ships to you. Exact dimensions are listed above — if you're ever unsure about sizing or fit, message me before you order and I'll help you pick the right option. Some listing photos include AI-enhanced mockups to show the design clearly; your item is printed exactly as shown.",49.99,USD,3,"framed_canvas,pet_portrait,custom_canvas,pet_memorial,pet_lover_gift,custom_portrait,Gallery_Wrapped,Personalized_Gift,Custom_Watercolor,wrapped_canvas,custom_framed,watercolor_pet,made_to_order",Canvas,https://i.etsystatic.com/62608566/r/il/33c6d8/8218255485/il_fullxfull.8218255485_msr3.jpg,https://i.etsystatic.com/62608566/r/il/00fa22/8109215120/il_fullxfull.8109215120_6rp4.jpg,https://i.etsystatic.com/62608566/r/il/333644/8109179042/il_fullxfull.8109179042_nhpw.jpg,https://i.etsystatic.com/62608566/r/il/7522ec/8109179586/il_fullxfull.8109179586_fwoc.jpg,https://i.etsystatic.com/62608566/r/il/8fc134/8157087087/il_fullxfull.8157087087_h15v.jpg,https://i.etsystatic.com/62608566/r/il/056d81/8109182806/il_fullxfull.8109182806_esmr.jpg,https://i.etsystatic.com/62608566/r/il/5801e8/8109186224/il_fullxfull.8109186224_brhp.jpg,https://i.etsystatic.com/62608566/r/il/e6411a/8109189478/il_fullxfull.8109189478_65rf.jpg,https://i.etsystatic.com/62608566/r/il/d83315/8430255193/il_fullxfull.8430255193_aava.jpg,,Custom Property,Art &amp; wall decor sizes,"8″ x 10″ (Vertical),16″ x 20″ (Vertical),24&quot; x 30&quot; (Vertical)",Custom Property,Canvas frames colors,"Black,Espresso,White","11233591522057869983,62824866368013194909,83516138392425929571,14728185725749593552,32224988269504822916,57665154618337290653,52048093841059795413,21534773786376174183,24307570946412445726"
"Funny Capybara Tee Personalized ""is on Capy Time"" Cotton T Shirt","Slow down and embrace capybara energy with this personalized ""Is on Capy Time"" cotton T shirt! Featuring an adorable capybara resting its head on a jack-o-lantern and customized with your name, this fun and laid-back tee is perfect for capybara lovers, Halloween, animal enthusiasts, and anyone who prefers life at a more relaxed pace.

Made from soft, comfortable cotton, this shirt is ideal for everyday wear, vacations, lounging, or gifting. Simply provide the name you'd like printed, and we'll create a unique shirt that's all your own.

Product features
- 100% ring-spun cotton (lightweight 153 g/m²) — soft, breathable feel
- Ribbed knit collar with seam — holds shape wash after wash
- Tubular knit construction — no side seams for cleaner drape
- Twill shoulder tape and tear-away label — added comfort and stability
- OEKO-TEX® certified; meets safety standards and EU 2-year warranty

Care instructions
- Do not dryclean
- Do not bleach
- Tumble dry: low heat
- Iron, steam or dry: low heat
- Machine wash: cold (max 30C or 90F), with similar colors 

Made to order and quality-checked before it ships to you. Exact dimensions are listed above — if you're ever unsure about sizing or fit, message me before you order and I'll help you pick the right option. Some listing photos include AI-enhanced mockups to show the design clearly; your item is printed exactly as shown.",19.99,USD,3,"unisex_tee,black_t_shirt,unisex_clothing,soft_cotton_tee,summer_casual,gift_for_him,gift_for_her,capybara_cotton_t,Halloween_shirt,personalized_gift,autumn_shirt,cotton_t_shirt,capybara_shirt",Cotton,https://i.etsystatic.com/62608566/r/il/9ed1f6/8188887829/il_fullxfull.8188887829_sklg.jpg,https://i.etsystatic.com/62608566/r/il/ce3696/8157533105/il_fullxfull.8157533105_8tfq.jpg,https://i.etsystatic.com/62608566/r/il/a6738b/8157533905/il_fullxfull.8157533905_n3a1.jpg,https://i.etsystatic.com/62608566/r/il/ee6374/8157534173/il_fullxfull.8157534173_egx5.jpg,https://i.etsystatic.com/62608566/r/il/4ff5d8/8157536151/il_fullxfull.8157536151_89b0.jpg,https://i.etsystatic.com/62608566/r/il/5b50a8/8157536985/il_fullxfull.8157536985_bv5o.jpg,https://i.etsystatic.com/62608566/r/il/d35823/8157537233/il_fullxfull.8157537233_p61h.jpg,https://i.etsystatic.com/62608566/r/il/f1bc6f/8157537477/il_fullxfull.8157537477_lsl5.jpg,https://i.etsystatic.com/62608566/r/il/2c749e/8157532829/il_fullxfull.8157532829_s0se.jpg,,Custom Property,Colors,"Irish Green,Navy,Red,Black,Cornsilk,Natural,Tropical Blue",Custom Property,Sizes,"S,M,L,XL,2XL,3XL","27256015280702563533,24071320024619151132,63615544588270776591,17044994491419697952,11010633361719971762,74678282588578959377,82699351424663494756,24541318656760777157,23709204859596350936,77866908526490877479,20830723545599569367,27973889246669372622,21964692665526771951,17818013900673306026,10497401796030699084,35263277852113990136,74509593083914548600,27603237800545761251,78295363569173946627,30421332371657414346,45381185947615091527,19082927775370951281,12683918087625548054,22626438563526902223,15530276449619513965,21653448310215319539,23023484190502648694,28160980304054599443,21686391041529214956,16135027567961553511,19981001976332846412,30062943647680524966,16933010127823818915,17232480868155218452,20628696725711077139,13557648645822194710,44503230450553329442,26688678147701619806,23939585897224865855,59295460452960034213,28403114337163427229,21950274859112898256"
Vintage Capybara Travel Tote Bag: Paradise Vibes Canvas Tote,"Take life a little slower with this adorable Vintage Travel Capybara Canvas Tote Bag! This charming canvas tote is perfect for animal lovers, capybara fans, and anyone who embraces a laid-back lifestyle. Whether you're heading to the farmer's market, library, beach, school, or everyday errands, this durable tote carries your essentials with capybara-approved style.

Product features
- 100% heavy-weight cotton canvas (12 oz/yd²) for durability
- Flat-corner construction for a neat, structured silhouette
- Self-fabric handles with reinforced stitching for long-lasting carry
- Sewn-in label; blank product sourced from India

Care instructions
- Do not iron directly over the printed area - print may stick to the iron.
- Spot clean
- Do not bleach
- Line dry

Made to order and quality-checked before it ships to you. Exact dimensions are listed above — if you're ever unsure about sizing or fit, message me before you order and I'll help you pick the right option. Some listing photos include AI-enhanced mockups to show the design clearly; your item is printed exactly as shown.",19.99,USD,3,"canvas_tote,cotton_tote,capybara_bag,animal_lover,beach_tote,grocery_tote,funny_tote,cute_animal_bag,Sturdy_Tote_Bag,Vintage_Travel,Capybara_Tote_Bag,capybara_print,made_to_order","Canvas,Canvas,Cotton",https://i.etsystatic.com/62608566/r/il/e19027/8106347966/il_fullxfull.8106347966_9njb.jpg,https://i.etsystatic.com/62608566/r/il/8225bb/8154445979/il_fullxfull.8154445979_cjct.jpg,https://i.etsystatic.com/62608566/r/il/3b1d59/8105519858/il_fullxfull.8105519858_ki9s.jpg,https://i.etsystatic.com/62608566/r/il/9cddf8/8105520538/il_fullxfull.8105520538_kn0k.jpg,https://i.etsystatic.com/62608566/r/il/a6fb2e/8153429203/il_fullxfull.8153429203_tgia.jpg,https://i.etsystatic.com/62608566/r/il/058123/8153430181/il_fullxfull.8153430181_ctgq.jpg,https://i.etsystatic.com/62608566/r/il/bd4062/8430261469/il_fullxfull.8430261469_iz2s.jpg,,,,,,,,,,33666453651608126490
Vintage Capybara Travel Poster: Tropical Beach Paradise Canvas Wrap,"This charming capybara wall art features a vintage travel poster print design that brings tropical beach paradise vibes to any space. Perfect as a vacation gift or funny animal home decoration, this canvas gallery wrap showcases a retro midcentury style with a whimsical capybara captain ready to whisk you away to paradise on capybara time.

Whimsical Vintage-Inspired Canvas That Celebrates the Laid-Back Life

• Gallery wrapped canvas print featuring an adorable capybara wearing sunglasses and a captain's hat with suitcase in hand
• Retro travel poster design with tropical beach scene, palm trees, and playful text reading ""Let's Go to PARADISE"" and ""Life is on Capybara Time""
• Distressed coloring and mid-century styling create an authentic vintage aesthetic perfect for adding character to any room
• Makes a hilarious and unique vacation gift for animal lovers, beach enthusiasts, or anyone who appreciates quirky humor
• Ready to hang straight out of the box with professionally wrapped edges for a polished, gallery-quality finish

Product features
- UL-certified Greenguard Gold inks for vibrant, safe color
- Stretched on FSC-certified radiata pine frame from renewable forests
- Durable cotton/polyester canvas printed with non-toxic latex inks
- Soft rubber dots and back hanging hardware included for secure display

Care instructions
- If the canvas does gather any dust, you may wipe it off gently with a clean, damp cloth.

Made to order and quality-checked before it ships to you. Exact dimensions are listed above — if you're ever unsure about sizing or fit, message me before you order and I'll help you pick the right option. Some listing photos include AI-enhanced mockups to show the design clearly; your item is printed exactly as shown.",36.99,USD,9,"capybara_wall_art,retro_travel_print,summer_beach_decor,funny_capybara_gift,midcentury_wall_art,vacation_home_decor,tropical_wall_decor,capybara_sunglasses,beach_house_canvas,preppy_capybara_art,surfer_capybara_gift,gallery_wrap_print,capybara_lover_gift",Canvas,https://i.etsystatic.com/62608566/r/il/0323e1/8214324823/il_fullxfull.8214324823_6jsk.jpg,https://i.etsystatic.com/62608566/r/il/be34de/8105514582/il_fullxfull.8105514582_54lh.jpg,https://i.etsystatic.com/62608566/r/il/6a75b3/8105516868/il_fullxfull.8105516868_46xv.jpg,https://i.etsystatic.com/62608566/r/il/000e81/8153424719/il_fullxfull.8153424719_5t1d.jpg,https://i.etsystatic.com/62608566/r/il/9c18c4/8430256501/il_fullxfull.8430256501_8432.jpg,,,,,,Custom Property,Sizes,"12″ x 16″ (Vertical),16&quot; x 20&quot; (Vertical),20&quot; x 24&quot; (Vertical)",,,,"10660074099695309144,11377026161212119140,72481713882903361344"
Capybara Tee Vintage Travel Capybara Cotton T-Shirt,"Take life at a slower pace with this charming Vintage Travel Capybara Cotton T-Shirt. Featuring a detailed retro-inspired capybara traveler graphic printed on the back, this unique tee showcases a laid-back capybara sporting sunglasses, a Panama hat, and a suitcase ready for adventure. Made from soft, comfortable cotton, this shirt is perfect for travel enthusiasts, animal lovers, and anyone who embraces the ""Capybara Time"" lifestyle. The vintage travel poster design adds nostalgic charm while creating a fun conversation piece wherever you go.

Product features
- 100% ring-spun cotton (lightweight 153 g/m²) — soft, breathable feel
- Ribbed knit collar with seam — holds shape wash after wash
- Tubular knit construction — no side seams for cleaner drape
- Twill shoulder tape and tear-away label — added comfort and stability
- OEKO-TEX® certified; meets safety standards and EU 2-year warranty

Care instructions
- Do not dryclean
- Do not bleach
- Tumble dry: low heat
- Iron, steam or dry: low heat
- Machine wash: cold (max 30C or 90F), with similar colors 

Made to order and quality-checked before it ships to you. Exact dimensions are listed above — if you're ever unsure about sizing or fit, message me before you order and I'll help you pick the right option. Some listing photos include AI-enhanced mockups to show the design clearly; your item is printed exactly as shown.",22.99,USD,3,"unisex_tee,softstyle_shirt,black_t_shirt,everyday_shirt,unisex_clothing,soft_cotton_tee,travel_shirt,gift_for_him,Vintage_Travel,Travel_Capybara,capybara_shirt,capybara_t_shirt,capybara_autumn",Cotton,https://i.etsystatic.com/62608566/r/il/15b856/8154671035/il_fullxfull.8154671035_j65a.jpg,https://i.etsystatic.com/62608566/r/il/6db195/8319120510/il_fullxfull.8319120510_6b1p.jpg,https://i.etsystatic.com/62608566/r/il/c3d548/8106357188/il_fullxfull.8106357188_slmc.jpg,https://i.etsystatic.com/62608566/r/il/48ca75/8106354666/il_fullxfull.8106354666_db0c.jpg,https://i.etsystatic.com/62608566/r/il/1d0120/8153384473/il_fullxfull.8153384473_mk3y.jpg,https://i.etsystatic.com/62608566/r/il/e2e15b/8153385389/il_fullxfull.8153385389_7056.jpg,https://i.etsystatic.com/62608566/r/il/dae842/8105478692/il_fullxfull.8105478692_1zrh.jpg,https://i.etsystatic.com/62608566/r/il/b6b688/8153386525/il_fullxfull.8153386525_5pr6.jpg,https://i.etsystatic.com/62608566/r/il/e80617/8105479772/il_fullxfull.8105479772_pyk8.jpg,https://i.etsystatic.com/62608566/r/il/54690f/8105480186/il_fullxfull.8105480186_a4di.jpg,Custom Property,Colors,"Irish Green,Navy,Red,Black,Cornsilk,Natural,Tropical Blue",Custom Property,Sizes,"S,M,L,XL,2XL,3XL","11082646744277555626,57492969047934430937,33556484235541611474,30110299970919042643,32090353096944897476,29471160003212525390,26134810508703091857,16915216354460859575,29534393355168471610,48272291980126041970,17000100138716261997,10151809002333577071,92172672955781547889,29973210025621119224,12033320942050648146,22360036439151340760,25090279189228279564,90981383230071506169,78506092637270656158,98004243836247006140,17252535649997919105,23797268847427696793,11076278649183622052,97158417854628066639,12687703846214154271,33744670130750950137,12082719050269824349,97167963593809078500,62780774935025620249,25155440328152265668,25425020067700027080,26174934038818433645,18164703302702587488,31330915237220240691,21831021636922344229,16443352014015770824,30491595018976623066,94469759739010789066,27138887138361233502,12253407283879440694,26980437757726774326,32318737112451533697"
"Personalized Sepia Pet Portrait Canvas, Custom Dog Cat Wall Art","Turn your favorite pet photo into a stunning Personalized Sepia Toned Pet Portrait on Gallery Wrapped Canvas. Our artists transform your image into clean, vibrant vector artwork that captures your pet's unique personality. You'll receive a proof for approval before production, ensuring a custom masterpiece you'll proudly display for years.

Product features
- High-quality matte coating with UL-certified Greenguard Gold inks for vivid, safe prints
- Stretched on FSC-sourced radiata pine with a 1.25"" profile for a clean gallery look
- Durable cotton-poly canvas printed with non-toxic latex inks
- Soft rubber dots and included back-hanging hardware for secure placement
- Available in multiple orientations and sizes; slight size tolerance +/- 1/8"" due to production

Care instructions
- If the canvas does gather any dust, you may wipe it off gently with a clean, damp cloth.

Made to order and quality-checked before it ships to you. Exact dimensions are listed above — if you're ever unsure about sizing or fit, message me before you order and I'll help you pick the right option. Some listing photos include AI-enhanced mockups to show the design clearly; your item is printed exactly as shown.",32.99,USD,9,"sepia_pet_art,vintage_tone_canvas,vector_pet_gift,dog_mom_sepia_gift,cat_mom_sepia_gift,classic_pet_portrait,antique_pet_art,pet_loss_sepia_gift,timeless_pet_decor,brown_tone_wall_art,vector_style_pet,modern_pet_vector,custom_pet_memory","Wood,Canvas",https://i.etsystatic.com/62608566/r/il/c4603a/8170423608/il_fullxfull.8170423608_10t4.jpg,https://i.etsystatic.com/62608566/r/il/56c82e/8150600033/il_fullxfull.8150600033_2kax.jpg,https://i.etsystatic.com/62608566/r/il/903ab3/8102735400/il_fullxfull.8102735400_riaa.jpg,https://i.etsystatic.com/62608566/r/il/d43994/8150600573/il_fullxfull.8150600573_is5h.jpg,https://i.etsystatic.com/62608566/r/il/86b015/8150601409/il_fullxfull.8150601409_mi4d.jpg,https://i.etsystatic.com/62608566/r/il/9c73ec/8102696850/il_fullxfull.8102696850_4pm1.jpg,https://i.etsystatic.com/62608566/r/il/33a46e/8150603395/il_fullxfull.8150603395_i9ib.jpg,,,,Custom Property,Sizes,"9&quot; x 12&quot; (Vertical),16&quot; x 20&quot; (Vertical),24&quot; x 30&quot; (Vertical)",,,,"31492425314196125371,16310184236738544938,20458451440367141236"
"Personalized Pet Sketch Portrait, Sepia Toned Dog Cat Canvas Wall Art","Showcase your pet in modern style with a Personalized Framed Sepia Toned Pet Sketch Portrait on Gallery Wrapped Canvas. Upload your favorite pet photo, and we'll create a custom vector-style artwork that highlights their unique personality. You'll receive a proof for approval before production, ensuring a one-of-a-kind keepsake you'll cherish forever.

Product features
- Greenguard Gold UL-certified inks for the highest image quality
- Sustainable radial pine frame from FSC-certified renewable forests
- Non-toxic, non-flammable latex inks for safe indoor display
- Cotton/polyester canvas composite with proprietary coating for vivid, lasting color
- Multiple sizes, frame colors with sawtooth hanging hardware included

Care instructions
- If the canvas does gather any dust, you may wipe it off gently with a clean, damp cloth.

Made to order and quality-checked before it ships to you. Exact dimensions are listed above — if you're ever unsure about sizing or fit, message me before you order and I'll help you pick the right option. Some listing photos include AI-enhanced mockups to show the design clearly; your item is printed exactly as shown.",49.99,USD,3,"framed_canvas,pet_portrait,custom_canvas,pet_memorial,custom_portrait,Gallery_Wrapped,Personalized_Gift,Sepia_Toned,Sketch_Portrait,custom_pet_sketch,wrapped_canvas,Wall_art,From_photo",Canvas,https://i.etsystatic.com/62608566/r/il/e50495/8218359779/il_fullxfull.8218359779_9o3t.jpg,https://i.etsystatic.com/62608566/r/il/fdc7a4/8102672188/il_fullxfull.8102672188_qt3x.jpg,https://i.etsystatic.com/62608566/r/il/65db16/8150567257/il_fullxfull.8150567257_dal0.jpg,https://i.etsystatic.com/62608566/r/il/8e3e49/8150569285/il_fullxfull.8150569285_ixu0.jpg,https://i.etsystatic.com/62608566/r/il/e8af93/8102664994/il_fullxfull.8102664994_kcsi.jpg,https://i.etsystatic.com/62608566/r/il/58b0e6/8102666042/il_fullxfull.8102666042_2app.jpg,https://i.etsystatic.com/62608566/r/il/152454/8102666784/il_fullxfull.8102666784_55o9.jpg,https://i.etsystatic.com/62608566/r/il/8a708d/8150572839/il_fullxfull.8150572839_aroe.jpg,https://i.etsystatic.com/62608566/r/il/277180/8430252083/il_fullxfull.8430252083_2ibn.jpg,,Custom Property,Art &amp; wall decor sizes,"8″ x 10″ (Vertical),16″ x 20″ (Vertical),24&quot; x 30&quot; (Vertical)",Custom Property,Canvas frames colors,"Black,Espresso,White","13639471498597845887,26082757873112889968,33776362540872351898,22658059265228757462,31816800264248042959,82889891414831529367,33764334584171702817,60412221600953871690,19575796675186786615"
"Personalized Vector Pet Print on Gallery Wrapped Canvas, Custom Dog or Cat Wall Art","Turn your favorite pet photo into a stunning Personalized Vector Pet Print on Gallery Wrapped Canvas. Our artists transform your image into clean, vibrant vector artwork that captures your pet's unique personality. You'll receive a proof for approval before production, ensuring a custom masterpiece you'll proudly display for years.

Product features
- High-quality matte coating with UL-certified Greenguard Gold inks for vivid, safe prints
- Stretched on FSC-sourced radiata pine with a 1.25"" profile for a clean gallery look
- Durable cotton-poly canvas printed with non-toxic latex inks
- Soft rubber dots and included back-hanging hardware for secure placement
- Available in multiple orientations and sizes; slight size tolerance +/- 1/8"" due to production

Care instructions
- If the canvas does gather any dust, you may wipe it off gently with a clean, damp cloth.

Made to order and quality-checked before it ships to you. Exact dimensions are listed above — if you're ever unsure about sizing or fit, message me before you order and I'll help you pick the right option. Some listing photos include AI-enhanced mockups to show the design clearly; your item is printed exactly as shown.",32.99,USD,9,"dog_canvas,pet_wall_art,gift_for_dog_mom,wall_canvas_art,Personalized_Gift,pet_portrait,Vector_Print,Vector_Graphic,homedecor,gallery_wrap,wrapped_canvas,pet_memorial_gift,From_photo","Wood,Canvas",https://i.etsystatic.com/62608566/r/il/29e3a0/8218227697/il_fullxfull.8218227697_feqw.jpg,https://i.etsystatic.com/62608566/r/il/ef935c/8102441462/il_fullxfull.8102441462_5gic.jpg,https://i.etsystatic.com/62608566/r/il/0457ca/8150354301/il_fullxfull.8150354301_ku6n.jpg,https://i.etsystatic.com/62608566/r/il/d4f91d/8102441906/il_fullxfull.8102441906_orrp.jpg,https://i.etsystatic.com/62608566/r/il/ac9b0a/8102442366/il_fullxfull.8102442366_6syn.jpg,https://i.etsystatic.com/62608566/r/il/68bd20/8102442920/il_fullxfull.8102442920_et8c.jpg,https://i.etsystatic.com/62608566/r/il/bb90d6/8102443370/il_fullxfull.8102443370_fmpp.jpg,,,,Custom Property,Sizes,"9&quot; x 12&quot; (Vertical),16&quot; x 20&quot; (Vertical),24&quot; x 30&quot; (Vertical)",,,,"96107301080423912005,58245463246597374851,54442354128135857528"
Personalized Framed Vector Pet Portrait on Gallery Wrapped Canvas,"Showcase your pet in modern style with a Personalized Framed Vector Pet Portrait on Gallery Wrapped Canvas. Upload your favorite pet photo, and we'll create a custom vector-style artwork that highlights their unique personality. You'll receive a proof for approval before production, ensuring a one-of-a-kind keepsake you'll cherish forever.

Product features
- Greenguard Gold UL-certified inks for the highest image quality
- Sustainable radial pine frame from FSC-certified renewable forests
- Non-toxic, non-flammable latex inks for safe indoor display
- Cotton/polyester canvas composite with proprietary coating for vivid, lasting color
- Multiple sizes, frame colors with sawtooth hanging hardware included

Care instructions
- If the canvas does gather any dust, you may wipe it off gently with a clean, damp cloth.

Made to order and quality-checked before it ships to you. Exact dimensions are listed above — if you're ever unsure about sizing or fit, message me before you order and I'll help you pick the right option. Some listing photos include AI-enhanced mockups to show the design clearly; your item is printed exactly as shown.",49.99,USD,3,"Gallery_Wrapped,Personalized_Gift,Framed_Vector_Pet,Vector_Illustration,homedecor,Custom_canvas,wrapped_canvas,pet_memorial,custom_pet_portrait,pet_memorial_gift,Wall_art,pet_portrait,From_photo","Wood,Canvas",https://i.etsystatic.com/62608566/r/il/62efd0/8170303356/il_fullxfull.8170303356_7wrk.jpg,https://i.etsystatic.com/62608566/r/il/9f06b6/8102397316/il_fullxfull.8102397316_ntcv.jpg,https://i.etsystatic.com/62608566/r/il/bcdd66/8102390850/il_fullxfull.8102390850_7a11.jpg,https://i.etsystatic.com/62608566/r/il/64204f/8150296751/il_fullxfull.8150296751_szlm.jpg,https://i.etsystatic.com/62608566/r/il/b32574/8150297151/il_fullxfull.8150297151_an9c.jpg,https://i.etsystatic.com/62608566/r/il/99ce44/8102392228/il_fullxfull.8102392228_20f1.jpg,https://i.etsystatic.com/62608566/r/il/53edf3/8102392724/il_fullxfull.8102392724_cozd.jpg,,,,Custom Property,Art &amp; wall decor sizes,"8″ x 10″ (Vertical),16″ x 20″ (Vertical),24&quot; x 30&quot; (Vertical)",Custom Property,Canvas frames colors,"Black,Espresso,White","28680094041009007154,32883788435346715262,80009023924267316058,16979162401092863731,30295594175999163137,33872639077044547538,11901709627800190166,18526513717066371138,28325745363044736061"
"Personalized Art Deco Pet Portrait, Framed Dog Cat Canvas Wall Art","Transform your beloved pet into a stunning Personalized Framed Art Deco Pet Portrait on premium gallery-wrapped canvas. Simply upload a photo, and our artists will create a custom Art Deco-inspired masterpiece with elegant vintage styling. You'll receive a proof for approval before production, ensuring a unique portrait you'll proudly display.

Product features
- Greenguard Gold UL-certified inks for the highest image quality
- Sustainable radial pine frame from FSC-certified renewable forests
- Non-toxic, non-flammable latex inks for safe indoor display
- Cotton/polyester canvas composite with proprietary coating for vivid, lasting color
- Multiple sizes, frame colors with sawtooth hanging hardware included

Care instructions
- If the canvas does gather any dust, you may wipe it off gently with a clean, damp cloth.

Made to order and quality-checked before it ships to you. Exact dimensions are listed above — if you're ever unsure about sizing or fit, message me before you order and I'll help you pick the right option. Some listing photos include AI-enhanced mockups to show the design clearly; your item is printed exactly as shown.",49.99,USD,3,"framed_canvas,pet_portrait,vintage_pet,custom_canvas,custom_portrait,Gallery_Wrapped,Personalized_Gift,Art_Deco_Pet_Portrai,fathers_day_gift,pet_memorial_gift,From_photo,made_to_order,custom_canvas_art",Canvas,https://i.etsystatic.com/62608566/r/il/12d8ca/8218353039/il_fullxfull.8218353039_2l41.jpg,https://i.etsystatic.com/62608566/r/il/d0b249/8138070073/il_fullxfull.8138070073_8yl1.jpg,https://i.etsystatic.com/62608566/r/il/afe05c/8138062197/il_fullxfull.8138062197_idul.jpg,https://i.etsystatic.com/62608566/r/il/c06b4a/8138065921/il_fullxfull.8138065921_qdln.jpg,https://i.etsystatic.com/62608566/r/il/41fd04/8090160978/il_fullxfull.8090160978_3cgr.jpg,https://i.etsystatic.com/62608566/r/il/596b0c/8138085471/il_fullxfull.8138085471_gnjb.jpg,https://i.etsystatic.com/62608566/r/il/ebd927/8138085757/il_fullxfull.8138085757_k6yd.jpg,,,,Custom Property,Art &amp; wall decor sizes,"8″ x 10″ (Vertical),16″ x 20″ (Vertical),24&quot; x 30&quot; (Vertical)",Custom Property,Canvas frames colors,"Black,Espresso,White","26447993196049375235,21695186381956799952,92675174770102515971,46241176568439254438,85909377766153475503,12350940507271481563,33399818737444613515,17976894791940017474,21712075963028433414"
Personalized Pet Portrait Vector Graphic Canvas Tote,"Celebrate your pet with a Personalized Vector Graphic Tote Bag created from your favorite photo. Simply upload an image, and we'll transform your pet into a stunning custom vector-style portrait. You'll receive a proof for approval before production, ensuring a one-of-a-kind tote that's stylish, durable, and uniquely yours. Treat yourself, just because!

Product features
- Durable 100% polyester body that keeps shape and dries quickly
- Reinforced double-stitched handles for extra strength
- Boxed corners for added interior space and structure
- Non-woven laminate interior for light protection against moisture
- Available in two sizes 

Care instructions
- Remove all items from the bag before cleaning. Suggested to pretreat visible stains with stain remover. Mix warm water with laundry detergent and clean the bag with terry washcloth or a soft bristle brush. Let the bag air dry.

Made to order and quality-checked before it ships to you. Exact dimensions are listed above — if you're ever unsure about sizing or fit, message me before you order and I'll help you pick the right option. Some listing photos include AI-enhanced mockups to show the design clearly; your item is printed exactly as shown.",27.99,USD,6,"Personalized_Gift,Vector_Illustration,Vector_Graphic,Sturdy_Tote_Bag,Gift_for_him,Graphic_Tote_Bag,Just_because,treat_yourself,Custom_Pet_Present,Polyester_Tote,Pet_portrait,From_photo,made_to_order",Polyester,https://i.etsystatic.com/62608566/r/il/40febd/8101878826/il_fullxfull.8101878826_p65o.jpg,https://i.etsystatic.com/62608566/r/il/4dd3b4/8090042992/il_fullxfull.8090042992_jzuc.jpg,https://i.etsystatic.com/62608566/r/il/ede9da/8090058918/il_fullxfull.8090058918_nfgg.jpg,https://i.etsystatic.com/62608566/r/il/93b637/8137952775/il_fullxfull.8137952775_3rvp.jpg,https://i.etsystatic.com/62608566/r/il/1f3da3/8137955709/il_fullxfull.8137955709_snyr.jpg,https://i.etsystatic.com/62608566/r/il/f5e913/8137957987/il_fullxfull.8137957987_d699.jpg,https://i.etsystatic.com/62608566/r/il/1551b7/8090055340/il_fullxfull.8090055340_ex5g.jpg,,,,Custom Property,Sizes,"16&quot; × 16&#39;&#39;,18&quot; × 18&#39;&#39;",,,,"24096245372445500944,56042417249128290684"
Personalized Pet Portrait Vintage Botanical Pattern Canvas Tote,"Turn your pet into a timeless work of art with our Personalized Vintage Botanical Pattern Tote Bag. Upload your favorite pet photo, and we'll transform it into a beautiful vintage botanical-style portrait. You'll receive a proof for approval before production, ensuring a unique, custom accessory you'll treasure and proudly carry. Image is printed on both sides of the tote. Treat yourself, just because!

Product features
- Durable 100% polyester body that keeps shape and dries quickly
- Reinforced double-stitched handles for extra strength
- Boxed corners for added interior space and structure
- Non-woven laminate interior for light protection against moisture
- Available in two sizes with two handle color options

Care instructions
- Remove all items from the bag before cleaning. Suggested to pretreat visible stains with stain remover. Mix warm water with laundry detergent and clean the bag with terry washcloth or a soft bristle brush. Let the bag air dry.

Made to order and quality-checked before it ships to you. Exact dimensions are listed above — if you're ever unsure about sizing or fit, message me before you order and I'll help you pick the right option. Some listing photos include AI-enhanced mockups to show the design clearly; your item is printed exactly as shown.",27.99,USD,3,"personalized_pet_bag,pet_lover_gift,pet_portrait_tote,custom_pet_present,Just_Because,Vintage_Botanical,treat_yourself,Sturdy_Tote,polyester_tote,Botanical_Pattern,personalized_gift,From_photo,made_to_order",Polyester,https://i.etsystatic.com/62608566/r/il/71b5af/8101989974/il_fullxfull.8101989974_tjzc.jpg,https://i.etsystatic.com/62608566/r/il/5f96de/8089933836/il_fullxfull.8089933836_4q8e.jpg,https://i.etsystatic.com/62608566/r/il/90645a/8089947502/il_fullxfull.8089947502_4zoy.jpg,https://i.etsystatic.com/62608566/r/il/69a0d9/8089934316/il_fullxfull.8089934316_62ad.jpg,https://i.etsystatic.com/62608566/r/il/11a5f8/8089934858/il_fullxfull.8089934858_lk0z.jpg,https://i.etsystatic.com/62608566/r/il/3ad4c3/8089935500/il_fullxfull.8089935500_69ar.jpg,https://i.etsystatic.com/62608566/r/il/722a68/8137845185/il_fullxfull.8137845185_hem8.jpg,,,,Custom Property,Sizes,"16&quot; × 16&#39;&#39;,18&quot; × 18&#39;&#39;",Custom Property,Handle Color,"Black,Beige","53257420978275356141,28572175351745940428,31728405212686056593,26389047181303316246"
Personalized Framed Royal Pet Portrait on Gallery Wrapped Canvas,"Honor your furry best friend with a Personalized Framed Royal Pet Portrait on Gallery Wrapped Canvas. Upload your favorite pet photo, and we'll transform your dog, cat, or cherished companion into a regal masterpiece worthy of palace walls. Each custom portrait is professionally printed on premium gallery-wrapped canvas, framed for an elegant finished look, and includes a proof for your approval before production. Perfect as a pet memorial, pet lover gift, or statement piece for your home, this unique artwork celebrates your pet's personality with timeless royal style and lasting quality.

Product features
- Greenguard Gold UL-certified inks for the highest image quality
- Sustainable radial pine frame from FSC-certified renewable forests
- Non-toxic, non-flammable latex inks for safe indoor display
- Cotton/polyester canvas composite with proprietary coating for vivid, lasting color
- Multiple sizes, frame colors with sawtooth hanging hardware included

Care instructions
- If the canvas does gather any dust, you may wipe it off gently with a clean, damp cloth.

Made to order and quality-checked before it ships to you. Exact dimensions are listed above — if you're ever unsure about sizing or fit, message me before you order and I'll help you pick the right option. Some listing photos include AI-enhanced mockups to show the design clearly; your item is printed exactly as shown.",49.99,USD,2,"royal_dog_portrait,royal_cat_portrait,regal_pet_art,renaissance_pet_gift,king_queen_pet_art,royalty_theme_decor,palace_pet_portrait,noble_pet_keepsake,crown_pet_art_gift,elegant_framed_pet,fathers_day_pet_gift,anniversary_pet_gift,majestic_pet_canvas",Canvas,https://i.etsystatic.com/62608566/r/il/872c83/8218355315/il_fullxfull.8218355315_snu7.jpg,https://i.etsystatic.com/62608566/r/il/579956/8086649908/il_fullxfull.8086649908_hvic.jpg,https://i.etsystatic.com/62608566/r/il/b4b4f2/8134528925/il_fullxfull.8134528925_6j62.jpg,https://i.etsystatic.com/62608566/r/il/c5b4c9/8106787242/il_fullxfull.8106787242_vdw2.jpg,https://i.etsystatic.com/62608566/r/il/be98a8/8086624088/il_fullxfull.8086624088_8zbv.jpg,https://i.etsystatic.com/62608566/r/il/4c0e0c/8086625162/il_fullxfull.8086625162_qt6r.jpg,https://i.etsystatic.com/62608566/r/il/beacc6/8086626448/il_fullxfull.8086626448_g3yb.jpg,https://i.etsystatic.com/62608566/r/il/7002be/8086627430/il_fullxfull.8086627430_a6ae.jpg,https://i.etsystatic.com/62608566/r/il/17afb1/8086627892/il_fullxfull.8086627892_g4to.jpg,https://i.etsystatic.com/62608566/r/il/2ab94b/8134535053/il_fullxfull.8134535053_cuwb.jpg,Custom Property,Art &amp; wall decor sizes,"8″ x 10″ (Vertical),16″ x 20″ (Vertical),24&quot; x 30&quot; (Vertical)",Custom Property,Canvas frames colors,"Black,Espresso,White,Natural","12257909723923591869,26983556704258408969,31427088945178490480,22596100835075256265,69309366169391430770,16640543556101925586,14377237005215019671,29552438975347757846,29566577072016883873,83153191236992230361,93164764776847261212,18744897104934420636"
"Personalized Framed Art Print on Gallery Wrapped Canvas, Custom Dog or Cat Wall Art","Honor your furry best friend with a Personalized Framed Art Print Pet Portrait on Gallery Wrapped Canvas. Upload your favorite pet photo, and we'll transform your dog, cat, or cherished companion into a regal masterpiece worthy of palace walls. Each custom portrait is professionally printed on premium gallery-wrapped canvas, framed for an elegant finished look, and includes a proof for your approval before production. Perfect as a pet memorial, pet lover gift, or statement piece for your home, this unique artwork celebrates your pet's personality with timeless royal style and lasting quality.

Product features
- Greenguard Gold UL-certified inks for the highest image quality
- Sustainable radial pine frame from FSC-certified renewable forests
- Non-toxic, non-flammable latex inks for safe indoor display
- Cotton/polyester canvas composite with proprietary coating for vivid, lasting color
- Multiple sizes, frame colors with sawtooth hanging hardware included

Care instructions
- If the canvas does gather any dust, you may wipe it off gently with a clean, damp cloth.

Made to order and quality-checked before it ships to you. Exact dimensions are listed above — if you're ever unsure about sizing or fit, message me before you order and I'll help you pick the right option. Some listing photos include AI-enhanced mockups to show the design clearly; your item is printed exactly as shown.",49.99,USD,3,"framed_canvas,pet_portrait,vintage_pet,custom_canvas,custom_portrait,Gallery_Wrapped,Personalized_Gift,pet_memorial_gift,From_photo,dog_portrait,custom_canvas_art,pet_photo_on_canvas,cat_portrait",Canvas,https://i.etsystatic.com/62608566/r/il/b5816e/8170332280/il_fullxfull.8170332280_1n6v.jpg,https://i.etsystatic.com/62608566/r/il/4703ef/8086591238/il_fullxfull.8086591238_hn2v.jpg,https://i.etsystatic.com/62608566/r/il/14dc72/8134423379/il_fullxfull.8134423379_gueo.jpg,https://i.etsystatic.com/62608566/r/il/e3ce17/8086516778/il_fullxfull.8086516778_egcj.jpg,https://i.etsystatic.com/62608566/r/il/e5a577/8086518150/il_fullxfull.8086518150_qc28.jpg,https://i.etsystatic.com/62608566/r/il/c1e873/8086519764/il_fullxfull.8086519764_gnc6.jpg,https://i.etsystatic.com/62608566/r/il/54d54b/8086521582/il_fullxfull.8086521582_moiu.jpg,https://i.etsystatic.com/62608566/r/il/8ca27a/8086522464/il_fullxfull.8086522464_53wh.jpg,https://i.etsystatic.com/62608566/r/il/a2002f/8086523116/il_fullxfull.8086523116_pzr3.jpg,,Custom Property,Art &amp; wall decor sizes,"8″ x 10″ (Vertical),16″ x 20″ (Vertical),24&quot; x 30&quot; (Vertical)",Custom Property,Canvas frames colors,"Black,Espresso,White,Natural","16930937521486965483,24322716110510690019,29713357507381612480,42830337144537539126,33180610315857511672,16814614978454525447,17060957888833407843,27384356124453775016,11735609539876176008,22713416966262597531,97910122314178790813,30149047981677757346"
"Personalized Vintage Botanical Pet Portrait, Custom Dog Cat Canvas Wall Art","Transform your favorite pet photo into a timeless work of art with this Personalized Framed Vintage Botanical Pet Portrait on Gallery Wrapped Canvas. Featuring your dog, cat, or beloved companion surrounded by elegant botanical details, this custom canvas combines vintage charm with fine-art style. Simply upload your pet's photo, and we'll create a personalized portrait proof for your approval before production. Professionally printed on premium gallery-wrapped canvas and beautifully framed, it makes a meaningful pet memorial, pet lover gift, or unique home décor piece that celebrates the special bond you share with your furry family member.

Product features
- Greenguard Gold UL-certified inks for the highest image quality
- Sustainable radial pine frame from FSC-certified renewable forests
- Non-toxic, non-flammable latex inks for safe indoor display
- Cotton/polyester canvas composite with proprietary coating for vivid, lasting color
- Multiple sizes, frame colors with sawtooth hanging hardware included

Care instructions
- If the canvas does gather any dust, you may wipe it off gently with a clean, damp cloth.

Made to order and quality-checked before it ships to you. Exact dimensions are listed above — if you're ever unsure about sizing or fit, message me before you order and I'll help you pick the right option. Some listing photos include AI-enhanced mockups to show the design clearly; your item is printed exactly as shown.",49.99,USD,3,"botanical_dog_art,botanical_cat_art,floral_pet_portrait,vintage_floral_decor,nature_pet_keepsake,garden_theme_gift,fine_art_pet_decor,elegant_botanical,spring_pet_portrait,mothers_day_pet_gift,cottage_pet_decor,pressed_flower_style,timeless_botanical",Canvas,https://i.etsystatic.com/62608566/r/il/28f5ae/8170343290/il_fullxfull.8170343290_bctl.jpg,https://i.etsystatic.com/62608566/r/il/3d2e47/8089793288/il_fullxfull.8089793288_fis9.jpg,https://i.etsystatic.com/62608566/r/il/30434a/8089793700/il_fullxfull.8089793700_qmdj.jpg,https://i.etsystatic.com/62608566/r/il/9ec883/8089794048/il_fullxfull.8089794048_mut9.jpg,https://i.etsystatic.com/62608566/r/il/fbb227/8137702947/il_fullxfull.8137702947_ao9d.jpg,https://i.etsystatic.com/62608566/r/il/4da1b2/8089794800/il_fullxfull.8089794800_srz7.jpg,https://i.etsystatic.com/62608566/r/il/825ec8/8137703893/il_fullxfull.8137703893_tns1.jpg,https://i.etsystatic.com/62608566/r/il/1f8c59/8137704291/il_fullxfull.8137704291_h74f.jpg,,,Custom Property,Art &amp; wall decor sizes,"8″ x 10″ (Vertical),16″ x 20″ (Vertical),24&quot; x 30&quot; (Vertical)",Custom Property,Canvas frames colors,"Black,Espresso,White,Natural","31702156115527355777,14358530117338467654,10505990878177408575,11412212948276889124,26395865842689846777,61713565693004852540,47457363539044193379,65816864983821400159,24431171897592924847,17365271657103774565,55420570257727690253,28747020173986534019"
"Personalized Vintage Botanical Portrait on Gallery Wrapped Canvas, Custom Dog or Cat Wall Art","Transform your favorite pet photo into a stunning personalized vintage botanical print on premium gallery-wrapped canvas. Simply upload your pet’s image, and our artists will create a custom portrait tailored to your style. You'll receive digital proofs for review and approval before production, ensuring every detail is perfect. A meaningful keepsake and thoughtful gift for pet lovers.

Product features
- High-quality matte coating with UL-certified Greenguard Gold inks for vivid, safe prints
- Stretched on FSC-sourced radiata pine with a 1.25"" profile for a clean gallery look
- Durable cotton-poly canvas printed with non-toxic latex inks
- Soft rubber dots and included back-hanging hardware for secure placement
- Available in multiple orientations and sizes; slight size tolerance +/- 1/8"" due to production

Care instructions
- If the canvas does gather any dust, you may wipe it off gently with a clean, damp cloth.

Made to order and quality-checked before it ships to you. Exact dimensions are listed above — if you're ever unsure about sizing or fit, message me before you order and I'll help you pick the right option. Some listing photos include AI-enhanced mockups to show the design clearly; your item is printed exactly as shown.",32.99,USD,9,"dog_canvas,pet_wall_art,vintage_dog,gift_for_dog_mom,wall_canvas_art,Personalized_Gift,Custom_Portait,Vintage_Botanical,Custom_Pet_Portrait,Wall_Art,pet_memorial_gift,From_photo,cat_pet_canvas","Wood,Canvas",https://i.etsystatic.com/62608566/r/il/de1515/8218312785/il_fullxfull.8218312785_bqzg.jpg,https://i.etsystatic.com/62608566/r/il/6bb77a/8133678745/il_fullxfull.8133678745_nv8p.jpg,https://i.etsystatic.com/62608566/r/il/3d4333/8085655288/il_fullxfull.8085655288_1u7l.jpg,https://i.etsystatic.com/62608566/r/il/7c3e8e/8085656868/il_fullxfull.8085656868_elt2.jpg,https://i.etsystatic.com/62608566/r/il/951427/8133568129/il_fullxfull.8133568129_p46j.jpg,https://i.etsystatic.com/62608566/r/il/ba96bf/8085659930/il_fullxfull.8085659930_ht5w.jpg,,,,,Custom Property,Sizes,"9&quot; x 12&quot; (Vertical),16&quot; x 20&quot; (Vertical),24&quot; x 30&quot; (Vertical)",,,,"42090910093827040765,20303276937729356520,20506809645088484158"
Personalized Art Print Pet Portrait on Gallery Wrapped Canvas,"Transform your favorite pet photo into a stunning personalized art print on premium gallery-wrapped canvas. Simply upload your pet’s image, and our artists will create a custom portrait tailored to your style. You'll receive digital proofs for review and approval before production, ensuring every detail is perfect. A meaningful keepsake and thoughtful gift for pet lovers.

Product features
- High-quality matte coating with UL-certified Greenguard Gold inks for vivid, safe prints
- Stretched on FSC-sourced radiata pine with a 1.25"" profile for a clean gallery look
- Durable cotton-poly canvas printed with non-toxic latex inks
- Soft rubber dots and included back-hanging hardware for secure placement
- Available in multiple orientations and sizes; slight size tolerance +/- 1/8"" due to production

Care instructions
- If the canvas does gather any dust, you may wipe it off gently with a clean, damp cloth.

Made to order and quality-checked before it ships to you. Exact dimensions are listed above — if you're ever unsure about sizing or fit, message me before you order and I'll help you pick the right option. Some listing photos include AI-enhanced mockups to show the design clearly; your item is printed exactly as shown.",32.99,USD,9,"pet_wall_art,animal_canvas,cozy_farmhouse,wall_canvas_art,Personalized_Gift,pet_portrait,Art_Print,Custom_Portrait,Gallery_Wrapped,pet_memorial_gift,From_photo,custom_pet_portrait,made_to_order",Canvas,https://i.etsystatic.com/62608566/r/il/6ddfb2/8170396530/il_fullxfull.8170396530_756o.jpg,https://i.etsystatic.com/62608566/r/il/74b110/8133562617/il_fullxfull.8133562617_8crl.jpg,https://i.etsystatic.com/62608566/r/il/d6d839/8085341622/il_fullxfull.8085341622_4g1i.jpg,https://i.etsystatic.com/62608566/r/il/c00355/8133252335/il_fullxfull.8133252335_3eb5.jpg,https://i.etsystatic.com/62608566/r/il/835502/8133252837/il_fullxfull.8133252837_dukb.jpg,https://i.etsystatic.com/62608566/r/il/820303/8133253771/il_fullxfull.8133253771_d6d5.jpg,,,,,Custom Property,Sizes,"9&quot; x 12&quot; (Vertical),16&quot; x 20&quot; (Vertical),24&quot; x 30&quot; (Vertical)",,,,"26924477369305586994,12017925096938906148,81071035568877972593"
